id,title,release_date,overview,genres,keywords,cast,directors,writers,spoken_languages,streaming_platforms,rating,vote_count,popularity,runtime,poster_url
1336770,Vaazha II,2026-04-02,"Four friends – Hashir, Alan, Ajin and Vinayak – are considered losers and troublemakers by parents, family and the school management. They face immense social pressure as they reach adulthood, embarking them on an emotional journey of self discovery and acceptance, where they finally learn to take up their responsibilities and find success.","['Comedy', 'Drama']",[],"['Hashir', 'Alan Bin Siraj', 'Ajin Joy', 'Vinayak V', 'Alphonse Puthren']",['Savin Sa'],['Vipin Das'],['Malayalam'],[],7.143,7,29.8674,162,https://image.tmdb.org/t/p/w500/1yLZ7kExd0UGGbaZW4LxmYD4OIf.jpg
1469458,Sambhavam Adhyayam Onnu,2026-03-06,"Three Kerala Police officers venture into a mysterious forest on the Kerala-Tamil Nadu border to find a missing officer. They encounter strange time-related phenomena, uncovering the hidden secrets of Velloorkkatt forest.","['Fantasy', 'Thriller', 'Drama']","['time loop', 'trapped soul', 'haunted forest']","['Askar Ali', 'Vineeth Kumar', 'Sidharth Bharathan', 'Assim Jamal', 'Senthil Krishna Rajamani']",['Jithu Satheesan Mangalathu'],['Jithu Satheesan Mangalathu'],"['Malayalam', 'Tamil']",['JioHotstar'],5.8,5,9.0066,127,https://image.tmdb.org/t/p/w500/tBNSo4T0R8UztkkpjYkzXI4bFAT.jpg
1510767,Athiradi,2026-05-14,"Energetic student Samkutty revives a banned college festival, igniting a fierce rivalry that transforms celebration into chaos.","['Comedy', 'Drama']","['college', 'campus life', 'college campus']","['Basil Joseph', 'Tovino Thomas', 'Vineeth Sreenivasan', 'Riya Shibu', 'Darshana Rajendran']",['Arun Anirudhan'],"['Arun Anirudhan', 'Paulson Skaria']",['Malayalam'],[],6.4,4,6.1242,156,https://image.tmdb.org/t/p/w500/AgghZr1txyNREiK0WQi3bePW1ax.jpg
1290703,Oru Durooha Saahacharyathil,2026-04-15,Humble health care worker Sethu lives a quiet life caring for his sick brother — until a mysterious armed fugitive seeks refuge in his home.,"['Comedy', 'Thriller']",[],"['Kunchacko Boban', 'Dileesh Pothan', 'Sajin Gopu', 'Chidambaram', 'Jaffer Idukki']",['Ratheesh Balakrishnan Poduval'],['Ratheesh Balakrishnan Poduval'],['Malayalam'],['Netflix'],5.0,1,5.1058,135,https://image.tmdb.org/t/p/w500/m5QAeVHpqSedMEvIpbUle6aUn5q.jpg
1070170,Derby,2026-03-27,"A campus entertainer who follows a group of college students navigating friendship, rivalry, love, and ambition. What begins as carefree fun soon turns into intense competition as campus pride and personal egos come into play.","['Action', 'Comedy', 'Romance']",[],"['Adam Sabiq', 'Merlet Ann Thomas', 'Ameen', 'Johny Antony', 'Sagar Surya']",['Sajil Mampad'],['Zahuru Zuhara'],['Malayalam'],"['Amazon Prime Video', 'Amazon Prime Video with Ads']",1.0,1,5.6726,135,https://image.tmdb.org/t/p/w500/zaTTuhOJMTzlSRx7kvzVZevc2wQ.jpg
1189518,Vaazha,2024-08-15,"Four friends deemed 'losers' face immense pressure from parents and society upon entering adulthood. Their emotional tale sees them embark on a journey of self-discovery and acceptance, where love ultimately triumphs over judgment.","['Comedy', 'Drama']",[],"['Siju Sunny', 'Joemon Jyothir', 'Saaf', 'Amith Mohan Rajeswari', 'Ajin Joy']",['Anand Menen'],['Vipin Das'],['Malayalam'],['JioHotstar'],6.62,25,6.5341,125,https://image.tmdb.org/t/p/w500/6SFL0Z5x4FQTNYoDCp6SbbyydQm.jpg
1186350,Marco,2024-12-20,"The adoptive son of the Adattu family, Marco, sets off on a ruthless quest for vengeance after his brother is brutally murdered, finding only betrayal, loss and unimaginable brutality at every step.","['Action', 'Crime', 'Thriller']","['toxic', 'revenge killing', 'family man', 'shocking', 'aggressive', 'blind man', 'action hero', 'perfumer', 'loss of brother', 'amused', 'enraged']","['Unni Mukundan', 'Siddique', 'Ishan Shoukath', 'Jagadish', 'Abhimanyu Thilakan']",['Haneef Adeni'],['Haneef Adeni'],"['Malayalam', 'English']","['Amazon Prime Video', 'JioHotstar', 'Sony Liv', 'aha', 'VI movies and tv', 'Amazon Prime Video with Ads']",6.5,114,4.0687,145,https://image.tmdb.org/t/p/w500/il3ao5gcF6fZNqo1o9o7lusmEyU.jpg
847742,Drishyam 3,2026-05-21,"To protect his family and their dark secret, Georgekutty faces an organized new threat. As walls close in and cracks widen, how much more is he willing to sacrifice ?","['Crime', 'Thriller', 'Drama']",[],"['Mohanlal', 'Meena', 'Siddique', 'Asha Sarath', 'Murali Gopy']",['Jeethu Joseph'],"['Jeethu Joseph', 'Jeethu Joseph']",['Malayalam'],[],0.0,0,3.6802,157,https://image.tmdb.org/t/p/w500/456FlpiU1iOBnaOxSd783QhZKWw.jpg
1576369,Bharathanatyam 2 Mohiniyattam,2026-04-10,"The family's journey to Sreekandapuram to settle the late Bharathan Nair's second wife and son takes a dark turn when an issue from his past resurfaces, leading to an unexpected crime. Forced into a desperate cover-up to protect their future, the family must navigate a treacherous path of secrecy and mounting pressure, determined to overcome any obstacle by any means necessary.","['Comedy', 'Thriller']","['dark comedy', 'family secrets', 'dark humor']","['Saiju Kurup', 'Kalaranjini', 'Swathi Das Prabhu', 'Sruthy Suresh', 'Baby Jean']",['Krishnadas Murali'],"['Krishnadas Murali', 'Vishnu R Pradeep']",['Malayalam'],['Netflix'],7.875,4,4.3857,145,https://image.tmdb.org/t/p/w500/lsg0IxNQCUxKqs63YjturEuY0qQ.jpg
927547,All We Imagine as Light,2024-09-21,"In Mumbai, Nurse Prabha's routine is troubled when she receives an unexpected gift from her estranged husband. Her younger roommate, Anu, tries in vain to find a spot in the city to be intimate with her boyfriend. A trip to a beach town allows them to find a space for their desires to manifest.","['Drama', 'Romance']","['nurse', 'roommates', 'meditative']","['Kani Kusruti', 'Divya Prabha', 'Chhaya Kadam', 'Hridhu Haroon', 'Azees Nedumangad']",['Payal Kapadia'],['Payal Kapadia'],"['German', 'Marathi', 'Malayalam', 'Hindi', 'English']",['VI movies and tv'],6.836,229,2.3264,118,https://image.tmdb.org/t/p/w500/ruImrzB4POsrgwCMozmOBV67zs5.jpg
969618,Udal,2022-05-20,"A woman, looking after her ailing mother-in-law is at breaking point. What happens when she can't take any more?","['Drama', 'Thriller']",[],"['Indrans', 'Durga Krishna', 'Dhyan Sreenivasan', 'Jude Anthany Joseph', 'Anjana Appukuttan']",['Ratheesh Reghunandan'],['Ratheesh Reghunandan'],['Malayalam'],"['Amazon Prime Video', 'Amazon Prime Video with Ads']",5.2,5,2.9614,122,https://image.tmdb.org/t/p/w500/lwUjrdFpHU8mWdYqZbjc24uHpv.jpg
1300501,Patriot,2026-05-01,"When a Malayali DRW analyst tries to expose a corrupt regional politician from Kerala and his malpractices regarding spyware, he goes on the run, becomes a vlogger, and must clear his name of the false allegations levelled against him.","['Action', 'Drama', 'Thriller']","['spy', 'politician', 'secret agent', 'covert operation', 'commando', 'patriot', 'corrupt politician', 'military', 'political thriller', 'cyber terrorism', '2010s', 'youtuber', 'spyware', 'patriotic']","['Mammootty', 'Mohanlal', 'Fahadh Faasil', 'Kunchacko Boban', 'Nayanthara']",['Mahesh Narayanan'],['Mahesh Narayanan'],"['Malayalam', 'Tamil']",[],7.5,6,2.5941,177,https://image.tmdb.org/t/p/w500/5LHrtudEt6Mh6VlfGHoYqqjVOHV.jpg
978442,Holy Wound,2022-06-01,"Set in the backwaters of Kerala, the story is about the life, memories and desires of a 25-year-old girl Kala, who finds her livelihood by fishing in the lake. She is continuously exploited physically and mentally by her cruel husband, and she longs for love from a sensitive soul. She searches for Sherin, who was Kala’s teenage friend, and the one with whom Kala shared a very intimate physical relationship. Now Sherin has become a Nun and has renounced all desires. Can Kala make her turn around?","['Romance', 'Drama']",[],"['Janaki Sudheer', 'Sabu Praudeen', 'Amrita']",['Ashok R Nath'],['Paul Wiclif'],['Malayalam'],[],3.3,3,2.0612,94,https://image.tmdb.org/t/p/w500/pE6ssvIKeqs8FQLddB1tMvX1pym.jpg
804309,Bheeshma Parvam,2022-03-03,"Set in the backdrop of 1980s, Micheal helms his influential family in Kochi, inspiring fear and respect through his unnerving past. When a few younger members in the household feel his power over their lives too are aggravating, they join hands with foes to clamp down on him. And the story follows what’s in store for them.","['Thriller', 'Drama']",[],"['Mammootty', 'Soubin Shahir', 'Sreenath Bhasi', 'Shine Tom Chacko', 'Nadhiya']",['Amal Neerad'],"['Amal Neerad', 'Devadath Shaji']","['Hindi', 'Malayalam']",[],6.845,29,2.5877,144,https://image.tmdb.org/t/p/w500/7vtSFcwagN0O5psdS69xPRaLYkS.jpg
912378,Dridam,2026-05-08,"A police officer arrives at a seemingly peaceful station but faces pressure when human remains are discovered. Given only a week to solve the murder, he must navigate demands from his department and an anxious public seeking swift justice.","['Crime', 'Thriller']",['investigation'],"['Shane Nigam', 'Krishna Prabha', 'Shobi Thilakan', 'Nandan Unni', 'Kottayam Ramesh']",['Martin Joseph'],"['Linto Devasia', 'Jomon John']",['Malayalam'],[],0.0,0,2.1363,126,https://image.tmdb.org/t/p/w500/fXSdAujfiRRW6LqekN4FvFQidh3.jpg
1166133,Bramayugam,2024-02-15,"A folk singer in 17th-century Kerala discovers a mansion. Inside, he encounters an enigmatic cook and a powerful master, setting in motion a chain of events that changes his life.","['Horror', 'Thriller', 'Drama']","['black magic', 'sorcerer', 'black and white', 'witchcraft', 'dark fantasy', 'old mansion', 'folk horror', 'folktale', 'haunted mansion', 'supernatural horror', 'experimental', 'arthouse horror', 'arthouse', 'fantasy folk']","['Arjun Ashokan', 'Mammootty', 'Sidharth Bharathan', 'Manikandan Achari', 'Amalda Liz']",['Rahul Sadasivan'],['Rahul Sadasivan'],['Malayalam'],"['Sony Liv', 'VI movies and tv']",7.642,81,2.4881,139,https://image.tmdb.org/t/p/w500/snQLwRrfQAl5YFKVefZq9Lbscki.jpg
959894,Pallichattambi,2026-04-15,"Small-town schemer Chattambi survives by staying ahead of his neighbors through risky plans. When his plans backfire, he has to depend on extricating himself from the mess he created.","['Action', 'Drama']",[],"['Tovino Thomas', 'Kayadu Lohar', 'Vijayaraghavan', 'Sudheer Karamana', 'T G Ravi']",['Dijo Jose Antony'],['Suresh Babu'],['Malayalam'],[],6.0,1,2.5751,128,https://image.tmdb.org/t/p/w500/1KsdEUHLFe67zOcly9RInz4uaN7.jpg
1404380,Saptha Kandam,2024-12-06,"In a remote resort, newlyweds Apsara and her husband, Laalu, face a dangerous bet with the wealthy moneylender, Madhavan, who seeks to claim Apsara. Over the course of seven days, Madhavan attempts to seduce her through discussions of an ancient book on lust. Meanwhile, Apsara, determined to remain faithful, battles his advances. The outcome of the bet hinges on her ability to resist his manipulation and maintain her resolve.","['Drama', 'Romance']",[],['Sreelakshmi Aravindakshan'],['Prasanth Sasi'],[],['Malayalam'],[],0.0,0,2.0109,95,https://image.tmdb.org/t/p/w500/1i35IfvW8bdoOuBF7GWkXBDEFI4.jpg
1516501,Prathichaya,2026-03-23,"After Kerala’s Chief Minister dies in a scandal engineered by a ruthless media tycoon, his son a brilliant tech entrepreneur enters the blood-soaked arena of politics to expose the conspiracy, vindicate his father, and turn technology against those who weaponized it","['Thriller', 'Drama']","['political', 'political drama']","['Nivin Pauly', 'Sharafudheen', 'Neethu Krishna', 'Balachandra Menon', 'Harisree Ashokan']",['B. Unnikrishnan'],['B. Unnikrishnan'],['Malayalam'],['JioHotstar'],4.0,2,2.2451,157,https://image.tmdb.org/t/p/w500/4VD2H8ZwFDORWCaYS5TbhMVPdAv.jpg
627336,L2: Empuraan,2025-03-27,"Five years after becoming Chief Minister of Kerala, Jathin Ramdas' move to align with communal forces led by Balraj 'Baba' Bajrangi, triggers Stephen Nedumpally aka Khureshi Ab'raam to return with his Man Friday Zayed Masood to save his home state and settle scores.","['Action', 'Crime', 'Thriller']","['controversy', 'cynical', 'kerala', 'admiring', 'enthusiastic', 'optimistic', '2002 gujarat riots']","['Mohanlal', 'Prithviraj Sukumaran', 'Manju Warrier', 'Tovino Thomas', 'Abhimanyu Singh']",['Prithviraj Sukumaran'],['Murali Gopy'],"['Hindi', 'French', 'English', 'Malayalam']",['JioHotstar'],6.2,27,1.7764,179,https://image.tmdb.org/t/p/w500/dfaZipN3Aw5BK85nEvfr2FNg4EW.jpg
1290190,Lokah Chapter 1: Chandra,2025-08-28,"The story follows Chandra, a mysterious, goth-influenced woman who has just moved to Bangalore and begins working night shifts at a café. Across the road from her apartment live Sunny and Venu, two aimless bachelors. Sunny becomes infatuated with Chandra, observing her odd routines, strange visitors, and reclusive nature. Their dynamic changes when Sunny gets a glimpse of Chandra in her act.","['Action', 'Adventure', 'Fantasy']","['female superhero', 'vampiress (female vampire)', 'supernatural ability', 'wayfarer cinematic universe (wcu)']","['Kalyani Priyadarshan', 'Naslen K. Gafoor', 'Sandy', 'Chandu Salimkumar', 'Arun Kurian']",['Dominic Arun'],"['Dominic Arun', 'Santhy Balachandran', 'Dominic Arun']","['Bengali', 'Hindi', 'Kannada', 'Malayalam', 'Tamil']",['JioHotstar'],7.3,50,2.4219,151,https://image.tmdb.org/t/p/w500/nRn6is4m5sikO1rSoCoRT2rYtXB.jpg
653221,Hridayam,2022-01-21,"Arun and Darshana are first-year engineering students and they fall in love soon after their college begins. And just as how things work generally in teenage, the road ahead isn't too easy for them. Life offers many twists and turns that they least expect.","['Romance', 'Drama']",[],"['Pranav Mohanlal', 'Darshana Rajendran', 'Kalyani Priyadarshan', 'Aswath Lal', 'Vijayaraghavan']",['Vineeth Sreenivasan'],['Vineeth Sreenivasan'],"['Malayalam', 'Tamil']",['JioHotstar'],7.1,56,1.9403,172,https://image.tmdb.org/t/p/w500/rMNzpbruCuBmYPWhaNLrKOlNKcu.jpg
1290954,Rekhachithram,2025-01-09,"Having recently served a suspension for gambling online while on duty, Circle Inspector Vivek Gopinath rejoins the police force and is looking to reclaim his lost honour. Awaiting him is a 40-year-old, unresolved murder mystery with a faceless victim.","['Mystery', 'Thriller', 'Crime']","['cold case', 'fictionalized history']","['Asif Ali', 'Anaswara Rajan', 'Manoj K Jayan', 'Zarin Shihab', 'Bhama Arun']",['Jofin T. Chacko'],"['Ramu Sunil', 'John Manthrickal']",['Malayalam'],"['Sony Liv', 'aha', 'VI movies and tv']",6.8,35,2.1223,139,https://image.tmdb.org/t/p/w500/ulIAyiSVQZL1Ov6K2Tjf6wPlzFi.jpg
1260210,Aadu 3,2026-03-19,Shaji Pappan and Co. opens a Pandora's box of reincarnations and multiple timelines  leading to comic chaos of epic proportions.,"['Comedy', 'Fantasy']","['chaos', 'reincarnation', 'comedy', 'timelines', 'shaji pappan']","['Jayasurya', 'Vinayakan', 'Sunny Wayne', 'Saiju Kurup', 'Vijay Babu']",['Midhun Manuel Thomas'],['Midhun Manuel Thomas'],['Malayalam'],['Zee5'],5.7,3,2.0851,162,https://image.tmdb.org/t/p/w500/3yqreNY1f4iOXX0vBAqY64ZvxiV.jpg
1427822,Valathu Vashathe Kallan,2026-01-30,A police officer being investigated for his role in a woman’s death rushes to save his son from her vengeful father.,"['Crime', 'Thriller', 'Drama']",[],"['Biju Menon', 'Joju George', 'Lenaa', 'Shaju Sreedhar', 'K R  Gokul']",['Jeethu Joseph'],['Dinu Thomas Eelan'],['Malayalam'],"['Amazon Prime Video', 'Lionsgate Play', 'Lionsgate Play Apple TV Channel', 'Lionsgate Play Amazon Channel', 'ManoramaMAX Amazon Channel', 'Amazon Prime Video with Ads']",4.0,4,2.1422,135,https://image.tmdb.org/t/p/w500/ko4cEKcBHcCNbGok2YxnlD4u16N.jpg
1473354,Sarvam Maya,2025-12-25,A man who loses his belief in God meets the spirit of a young woman unable to remember what happened to her.,"['Comedy', 'Family']",[],"['Nivin Pauly', 'Riya Shibu', 'Preity Mukhundhan', 'Aju Varghese', 'Janardhanan']",['Akhil Sathyan'],['Akhil Sathyan'],['Malayalam'],['JioHotstar'],7.705,22,2.2894,147,https://image.tmdb.org/t/p/w500/ri3Lpt8OkvixST0EIsBDZJmB5l.jpg
569109,Pathinettam Padi,2019-07-05,"Students of two schools in Thiruvananthapuram that cater to different economical classes are in a tussle. While one set struggles for survival, the other is busy finding joy in drugs. The two groups keep finding reasons to mess with each other. Will they find the purpose of their lives amid the chaos?",['Action'],[],"['Mammootty', 'Unni Mukundan', 'Arya', 'Suraj Venjaramoodu', 'Ahaana Krishna']",['Shankar Ramakrishnan'],"['Shankar Ramakrishnan', 'Shankar Ramakrishnan']",['Malayalam'],"['Amazon Prime Video', 'Amazon Prime Video with Ads']",5.3,24,1.6763,159,https://image.tmdb.org/t/p/w500/g1nM5OseZbexzd8VJIiuOxEARHg.jpg
1254590,Kalamkaval,2025-12-05,"Early 2010s. A routine Kerala Police inquiry in the quiet village of Kottayikonam takes an unexpected turn when a trail of seemingly minor clues unravels into a string of disturbing cases. The investigation soon crosses into Tamil Nadu, revealing unsolved mysteries that have lingered for years.","['Crime', 'Drama']",[],"['Vinayakan', 'Mammootty', 'Rajisha Vijayan', 'Shruti Ramachandran', 'Kunchan']",['Jithin K Jose'],"['Jithin K Jose', 'Jishnu Sreekumar', 'Jithin K Jose', 'Jishnu Sreekumar']",['Malayalam'],['Sony Liv'],6.289,19,1.7013,144,https://image.tmdb.org/t/p/w500/5vdogNH72GrriiZ45H8U7CPWGfO.jpg
1070186,Eko,2025-11-21,"In the misty hills of Kaattukunnu, an aging woman and her servant boy struggle to survive the ghosts of the past, as the hunt for Kuriachan — a legendary dog breeder and outlaw — blurs the line between myth, memory, and vengeance, revealing that even in absence, he still rules the hills.","['Drama', 'Mystery']","['karnataka', 'légende', 'montagnes', 'région kerala']","['Sandeep Pradeep', 'Saurabh Sachdeva', 'Vineeth Radhakrishnan', 'Binu Pappu', 'Narain']",['Dinjith Ayyathan'],"['Bahul Ramesh', 'Bahul Ramesh']",['Malayalam'],['Netflix'],7.3,25,1.6262,127,https://image.tmdb.org/t/p/w500/tXdFEmtqLm8tewIErDJgnbTS9qs.jpg
869227,Super Sharanya,2022-01-07,"Sharanya, an ordinary small-town girl from Pallakad, who moves to Thrissur for higher studies, finds herself changing as she meets Deepu.","['Comedy', 'Romance']",['coming of age'],"['Anaswara Rajan', 'Mamitha Baiju', 'Arjun Ashokan', 'Antony Varghese', 'Sajin Cherukayil']",['Girish A. D.'],['Girish A. D.'],['Malayalam'],['Zee5'],6.7,20,1.2624,146,https://image.tmdb.org/t/p/w500/zmiKmYLaCpWhCzMnfMBEYfPsNcL.jpg
441182,Godha,2017-05-19,"A washed-up wrestler's life changes when he brings a passionate female wrestler from Punjab to his conservative Kerala village, sparking a comedic yet inspiring revolution in the local wrestling pits.","['Comedy', 'Drama']","['sports', 'wrestling', 'wrestler', 'training', 'women wrestler']","['Wamiqa Gabbi', 'Tovino Thomas', 'Renji Panicker', 'Aju Varghese', 'Hareesh Peradi']",['Basil Joseph'],['Rakesh Mantodi'],"['English', 'Hindi', 'Malayalam', 'Punjabi', 'Tamil']","['ManoramaMax', 'VI movies and tv', 'ManoramaMAX Amazon Channel']",7.0,30,1.5284,120,https://image.tmdb.org/t/p/w500/gzacK6MbJQAzwEFQPKPWmXngNnE.jpg
661318,Maarjaara Oru Kalluvacha Nuna,2020-01-03,"Due to an unfortunate event, Shanthanu leaves home and resides in the outskirts of the city named Ashramam Veedu. During the stay period, there is a twist of fate in Shanthanu's life as he encounters a chain of mysterious events","['Crime', 'Thriller', 'Mystery']",[],"['Jason Chacko', 'Renu Soundar', 'Abhirami', 'Hareesh Peradi', 'Sudheer Karamana']",['Raakesh Baala'],['Raakesh Baala'],"['Malayalam', 'Sanskrit']",[],4.6,5,1.4983,142,https://image.tmdb.org/t/p/w500/aJlT4T8B4CbdggPy154T3TKdC3u.jpg
1196995,Bha. Bha. Ba.,2025-12-18,"After the Chief Minister of Kerala is kidnapped, a determined investigator is brought in to track down the mysterious abductor, uncovering hidden motives and secrets behind the crime.","['Comedy', 'Action']",[],"['Dileep', 'Vineeth Sreenivasan', 'Dhyan Sreenivasan', 'Mohanlal', 'Sandy']",['Dhananjay Shankar'],"['Fahim Safar', 'Noorin Shereef']",['Malayalam'],['Zee5'],3.75,4,1.6843,150,https://image.tmdb.org/t/p/w500/fMDt3o7CVXDc84WIbOskya8XkSN.jpg
864772,Vilaayath Budha,2025-11-21,"In the secluded hills of Marayur, a region steeped in the scent and lore of sandalwood, Vilayath Buddha unfolds as a potent character drama anchored in pride, memory, and resistance.","['Action', 'Drama', 'Crime']",[],"['Prithviraj Sukumaran', 'Shammi Thilakan', 'Priyamvada Krishna', 'Anu Mohan', 'Teejay']",['Jayan Nambiar'],"['G.R. Indugopan', 'Rajesh Pinnadan']",['Malayalam'],[],0.0,0,1.3776,176,https://image.tmdb.org/t/p/w500/nNzsQs6XbPucfpAQpatWOl4aiFb.jpg
1561144,Madhuvidhu,2026-04-23,"When Amrutharaj, a groom from an all-male household repeatedly rejected by brides' families, falls in love with Sneha Marcose, their journey toward marriage ignites a chain of hilarious chaos inside his unruly home.","['Family', 'Comedy', 'Drama']",[],"['Sharafudheen', 'Kalyani Panicker', 'Vijitha Vijayakumar', 'Sreejaya Nair', 'Vineeth Thattil David']",['Vishnu Aravind'],"['Bibin Mohan', 'Jay Vishnu']",['Malayalam'],[],7.0,1,1.4616,125,https://image.tmdb.org/t/p/w500/jVSnpXklfxi3FchGqweRMvrC8Gd.jpg
1069945,Manjummel Boys,2024-02-22,"A carefree vacation turns into a desperate race against time when a group of lifelong friends must unite to save one of their own from a notoriously perilous, uncharted abyss deep within the Guna Caves.","['Adventure', 'Thriller', 'Drama']","['affectation', 'bold', 'hopeful', 'joyful']","['Soubin Shahir', 'Sreenath Bhasi', 'Balu Varghese', 'Ganapathi S. Poduval', 'Lal Jr.']",['Chidambaram'],['Chidambaram'],"['Malayalam', 'Tamil']",['JioHotstar'],7.8,80,1.3936,135,https://image.tmdb.org/t/p/w500/bswrtewwthpsh6nABiqKevU4UBI.jpg
1194788,Pani,2024-10-24,"When the peaceful married life of a couple is unexpectedly disrupted by two youngsters with criminal inclination, the trials and tribulations connect the mobster lives of Thrissur by becoming a part of vengeance.","['Action', 'Crime']",['revenge'],"['Joju George', 'Abhinaya', 'Chandini Sreedharan', 'Abhaya Hiranmayi', 'Sona Maria Abraham']",['Joju George'],['Joju George'],['Malayalam'],"['Sony Liv', 'VI movies and tv']",5.273,11,1.2996,141,https://image.tmdb.org/t/p/w500/1JQpkfOIrIXhTTbTmzryVX3GZZK.jpg
716330,Biriyaani,2021-03-26,"The movie chronicles the life of Khadeeja, a married muslim woman confined within the four walls of the household, forced to conceal her desires in the name of religious and societal norms. When fate brings her to an abandoned life, she chooses a different way of financially and sexually liberating herself- to be a sex worker; soon to realize that her soul is still dissatisfied. Finding a new way of hope, she decides to give back to the forces that pushed her to live an orphaned life of humiliation and misery.",['Drama'],[],"['Kani Kusruti', 'Shailaja Jala', 'Anil Nedumangad', 'Thonakkal Jayachandran', 'Mini I G']",['Sajin Baabu'],"['Sajin Baabu', 'Sajin Baabu']",['Malayalam'],[],6.4,11,1.0466,95,https://image.tmdb.org/t/p/w500/9AdKBT5pLaD1fUPOtCdCnITWSAD.jpg
472221,The Goat Life,2024-03-28,"Indian migrant worker Najeeb Muhammad goes to Saudi Arabia to earn money. However, in a twist of fate, he finds himself living a slave-like existence, herding goats in the middle of the desert.","['Drama', 'Adventure']","['based on novel or book', 'based on true story', 'missing person', 'migrant worker', 'goat life']","['Prithviraj Sukumaran', 'K R  Gokul', 'Jimmy Jean-Louis', 'Talib Al Balushi', 'Rik Aby']",['Blessy'],['Blessy'],"['English', 'Arabic', 'Hindi', 'Malayalam']",['Netflix'],7.221,61,1.8477,173,https://image.tmdb.org/t/p/w500/vwRkVhvJuAFz4i8udXMNkcJCztc.jpg
1314784,Hridayapoorvam,2025-08-28,"Sandeep, a middle-aged bachelor who recently got a heart transplant, travels to Pune to attend the engagement of his heart-donor’s daughter, Haritha. Her engagement gets broken and Sandeep injures his back on the same day, forcing him to stay back in Pune for a few weeks, in his heart-donor’s house – who was an adventurous Colonel.","['Romance', 'Comedy', 'Drama', 'Family']",['cheerful'],"['Mohanlal', 'Malavika Mohanan', 'Sangita', 'Sangeeth Prathap', 'Siddique']",['Sathyan Anthikad'],"['Akhil Sathyan', 'Sonu T P']",['Malayalam'],['JioHotstar'],7.333,12,1.4205,151,https://image.tmdb.org/t/p/w500/j6M2odS1RqGEUPKirIvB1VZ9i6Y.jpg
657644,Minnal Murali,2021-12-16,A tailor gains special powers after being struck by lightning but must take down an unexpected foe if he is to become the superhero his hometown in Kerala needs.,"['Action', 'Comedy', 'Fantasy']","['superhero', 'supervillain', 'weekend cinematic universe (wcu)']","['Tovino Thomas', 'Guru Somasundaram', 'Aju Varghese', 'Vasisht Umesh', 'Shelly Kishore']",['Basil Joseph'],"['Justin Mathew', 'Arun Anirudhan']","['English', 'Malayalam']",['Netflix'],7.148,334,1.0708,158,https://image.tmdb.org/t/p/w500/efetKFDyptrRpoHBb103Tg3Auw5.jpg
564701,Lucifer,2019-03-28,"In God's own country, the supreme leader of the ruling party dies, leaving a huge vacuum, not only in the electoral and leadership sphere of the party but also that of the state. In the inevitable succession squabble and the power struggle that ensues, the thin line that separates good and bad becomes irrecoverably blurred and out of this seemingly endless mayhem, emerge forces that are hitherto unheard of.","['Action', 'Drama', 'Thriller']",[],"['Mohanlal', 'Vivek Oberoi', 'Manju Warrier', 'Tovino Thomas', 'Indrajith Sukumaran']",['Prithviraj Sukumaran'],['Murali Gopy'],"['Hindi', 'Malayalam', 'Tamil']","['Amazon Prime Video', 'Sony Liv', 'Amazon Prime Video with Ads']",7.074,74,1.2403,174,https://image.tmdb.org/t/p/w500/fXgY2RCzoIJPhPDoyKRjaaqjIZs.jpg
1396869,Diés Iraé,2025-10-30,"Rohan's affluent lifestyle spirals out of control as he becomes convinced there is a supernatural entity in his home. As he starts to uncover the mystery, he is drawn into unexpected worlds and alliances, along with the horrors that lie ahead.","['Horror', 'Thriller']",[],"['Pranav Mohanlal', 'Gibin Gopinath', 'Swathi Das Prabhu', 'Manohari Joy', 'Arun Ajikumar']",['Rahul Sadasivan'],['Rahul Sadasivan'],['Malayalam'],['JioHotstar'],6.478,23,1.4787,115,https://image.tmdb.org/t/p/w500/123DlTiiezgLaJruVe7RiSi0RFf.jpg
997391,RDX: Robert Dony Xavier,2023-08-25,"Once-menacing, anger fueled, trained martial arts fighters Robert, Dony and Xavier settle down to peaceful lives, after a significant event prompts them. Fate orchestrates their reunion and return from exile to their fighting ways, when their history linger ominously and one of them faces a violent attack.","['Action', 'Drama']",[],"['Shane Nigam', 'Antony Varghese', 'Neeraj Madhav', 'Lal', 'Babu Antony']",['Nahas Hidayath'],"['Adarsh Sukumaran', 'Shabas Rasheed', 'Nahas Hidayath']",['Malayalam'],['Netflix'],6.7,62,1.3834,150,https://image.tmdb.org/t/p/w500/y6QRQ0bHGt9Wc1BBTZsa1iB2PAm.jpg
659731,Varane Avashyamund,2020-02-07,"A divorced woman trying to get hired as a French tutor and teaching classical dance, and she has a daughter. Her brother Manuel also resides in a flat in Chennai. Their next door neighbours are Unnikrishnan, a retired Major who has a pet dog, Prabhakaran and Bibeesh who lives with a serial-actress aunt (not related by blood) and his young school going brother. The story revolves around the divorced mother and daughter finding happiness of love in their own ways. The film explores commonality of romantic love in different stages of life.","['Comedy', 'Family', 'Romance']","['malayalam', 'suresh gopi']","['Suresh Gopi', 'Shobana', 'Dulquer Salmaan', 'Kalyani Priyadarshan', 'Urvashi']",['Anoop Sathyan'],['Anoop Sathyan'],['Malayalam'],"['Sun Nxt', 'VI movies and tv']",6.7,37,1.1361,145,https://image.tmdb.org/t/p/w500/5e6CpxariObsOsAZWQsc9o8EXJH.jpg
1399356,Nellikkampoyil Night Riders,2025-10-24,"Nellikampoil, a village adjacent to Forest, is very common. Many strange events are taking place in this land full of many myths. A figure with the legs of a horse and the body of a man is filling the land with fear by hanging a chicken head in the houses and hiding it in darkness and fear.","['Horror', 'Comedy']",[],"['Mathew Thomas', 'Abu Salim', 'Sarath Sabha', 'Roshan Shanavas', 'Rony David Raj']",['Noufal Abdulla'],"['Jyothish M', 'Sunu A V']",['Malayalam'],['Zee5'],5.4,8,0.9241,122,https://image.tmdb.org/t/p/w500/fni5RRvoJ4PIQnqW3vICXamB1Uw.jpg
706872,Drishyam 2,2021-02-19,"7 years after the events of Drishyam, the family lives with the trauma from that fateful night. A gripping tale of an investigation and a family threatened by it. Will Georgekutty be able to protect his family this time?","['Thriller', 'Crime', 'Drama']","['perfect crime', 'investigation', 'sequel']","['Mohanlal', 'Meena', 'Murali Gopy', 'Asha Sarath', 'Siddique']",['Jeethu Joseph'],"['Jeethu Joseph', 'Jeethu Joseph']",['Malayalam'],"['Amazon Prime Video', 'Amazon Prime Video with Ads']",7.6,135,1.0446,153,https://image.tmdb.org/t/p/w500/8RJBCUGE27LX06tAES4jTELN0KA.jpg
933835,Cup,2024-09-27,"CUP - Love All Play follows the journey of Nidhin Babu, a teenager from Vellaramkunnu, Idukki, who dreams of becoming a badminton champion.","['Family', 'Drama']",[],"['Mathew Thomas', 'Riya Shibu', 'Basil Joseph', 'Guru Somasundaram', 'Namitha Pramod']",['Sanju V Samuel'],"['Sanju V Samuel', 'Akhilesh Latharaj', 'Denson Durom']",['Malayalam'],[],2.0,1,1.0597,125,https://image.tmdb.org/t/p/w500/hYV50JZ0PtQZWInMxCn3Rm5D4UA.jpg
1273274,Haal,2025-12-25,"Two young lovers from opposing social classes navigate prejudice and family expectations in modern-day society, as their forbidden romance challenges deep-rooted traditions.","['Romance', 'Drama']",[],"['Shane Nigam', 'Sakshi Vaidya', 'Abin Bino', ""Vineeth 'Beep' Kumar"", 'Johny Antony']",['Prasanth Vijayakumar'],['Nishad K.Koya'],['Malayalam'],"['Sun Nxt', 'ManoramaMAX Amazon Channel']",2.0,1,1.2396,129,https://image.tmdb.org/t/p/w500/xmDQj0clWvkPiuvsl9LEwkrFjIA.jpg
1357259,Dheeram,2025-12-05,"A police officer investigates pattern killings in Calicut, discovering a vengeful killer's scheme. As he unravels the truth, he faces a moral dilemma between law and justice for a bereaved parent.","['Crime', 'Mystery', 'Thriller']",[],"['Indrajith Sukumaran', 'Varalaxmi Sarathkumar', 'Renji Panicker', 'Nishanth Sagar', 'Divya Pillai']",['Jithin Suresh T'],"['Deepu S. Nair', 'Sandeep Sadanandan']",['Malayalam'],"['Amazon Prime Video', 'ManoramaMAX Amazon Channel', 'Amazon Prime Video with Ads']",3.667,3,1.2045,151,https://image.tmdb.org/t/p/w500/wilAY8QRL1tZNcRjnfNKrFRqblD.jpg
1151083,Vrusshabha,2025-12-25,What happens if two sworn enemies from a previous life are reborn as father-son in a new birth?,"['Action', 'Drama']",[],"['Mohanlal', 'Samarjit Lankesh', 'Srikanth', 'Nayan Sarika', 'Zara Khan']",['Nanda Kishore'],"['Janardhan Maharshi', 'Nanda Kishore']","['Malayalam', 'Telugu']",[],0.0,0,1.3011,127,https://image.tmdb.org/t/p/w500/hRKxGHeQBdwKswKgkmDrrMCDqoQ.jpg
1309121,Anomie,2026-02-06,,['Thriller'],[],"['Bhavana', 'Rahman', 'Vishnu Agasthya', 'Shebin Benson', 'Arjun Lal']",['Riyas Marath'],['Riyas Marath'],['Malayalam'],[],0.0,0,0.9721,0,https://image.tmdb.org/t/p/w500/j0ZLUMdBimCAkblfcaBlrGzzYoq.jpg
1181110,Innocent,2025-11-07,"Vinod, 29, is a man of routine. Living in Karunagappally and working at the Planning Office in Thiruvananthapuram, he spends his days in a carefully controlled cycle of train commutes, meticulous work, and an almost obsessive adherence to order.","['Comedy', 'Drama']",[],"['Althaf Salim', 'Anarkali Marikar', 'Joemon Jyothir', 'Anna Prasad', 'Azees Nedumangad']",['Satheesh Thanvi'],"['Sarji Vijayan', 'Shihab Karunagappally', 'Satheesh Thanvi']",['Malayalam'],[],4.0,1,1.0553,124,https://image.tmdb.org/t/p/w500/A1z6Uhk63p6kh43mkuTfECIkcRQ.jpg
1054493,Pennum Porattum,2026-02-13,"When a woman and her dog face public hostility, a village's hidden tensions erupt. A stark examination of mob mentality, social judgment, and how communities can turn cruel when seeking to punish perceived wrongs.","['Comedy', 'Drama']",[],"['Rajesh Madhavan', 'Raina Radhakrishnan', 'Tovino Thomas', 'Mithun Haridas', 'Varsha Valsan']",['Rajesh Madhavan'],['Ravi Sankar'],['Malayalam'],['Netflix'],5.7,3,1.1718,120,https://image.tmdb.org/t/p/w500/3DNAh3pwPiBBD8FHwzLPUXqs45e.jpg
1281091,Officer on Duty,2025-02-20,"A demoted police inspector investigates a counterfeit jewelry racket, becoming entangled in a dangerous web of crime that puts his life at stake.","['Crime', 'Thriller']",[],"['Kunchacko Boban', 'Priyamani', 'Jagadish', 'Vishak Nair', 'Ramzan Muhammed']",['Jithu Ashraf'],['Shahi Kabir'],['Malayalam'],['Netflix'],6.8,32,1.1043,134,https://image.tmdb.org/t/p/w500/ucwirgaK4v9ylQyDkwoXJtDIlf7.jpg
1398014,Prakambanam,2026-01-30,A group of students' lives are thrown into chaos after one of them is possessed by the spirit of an elderly woman.,"['Horror', 'Comedy']",['horror comedy'],"['Ganapathi S. Poduval', 'Sagar Surya', 'Ameen', 'Mallika Sukumaran', 'Azees Nedumangad']",['Vijesh Panathur'],"['Sreehari Vadakkan', 'Vijesh Panathur']",['Malayalam'],['Zee5'],3.8,4,1.0431,128,https://image.tmdb.org/t/p/w500/bExPPwAamQzVLtBnwEutiJ53jDZ.jpg
1149791,Premalu,2024-02-09,"Sachin, a carefree graduate, crosses paths with Reenu, a spirited IT professional, in Hyderabad. As their friendship deepens, unspoken feelings, career ambitions and life choices challenge their bond.","['Romance', 'Comedy']",['romcom'],"['Naslen K. Gafoor', 'Mamitha Baiju', 'Sangeeth Prathap', 'Shyam Mohan', 'Akhila Bhargavan']",['Girish A. D.'],"['Girish A. D.', 'Kiran Josey']",['Malayalam'],"['aha', 'VI movies and tv']",7.772,57,1.1623,155,https://image.tmdb.org/t/p/w500/uPpmBjY3znUqGY8kYwI5xvOrSc0.jpg
1509694,Ashakal Aayiram,2026-02-06,"A social media enthusiast chases fame until a major film production arrives in his neighborhood, suddenly bringing his dreams of stardom within reach in ways he never imagined.","['Comedy', 'Drama']",[],"['Jayaram', 'Kalidas Jayaram', 'Asha Sarath', 'Ishaani Krishna', 'Anand Manmadhan']",['G. Prajith'],"['Aravind Rajendran', 'Jude Anthany Joseph']",['Malayalam'],[],8.5,1,0.9784,128,https://image.tmdb.org/t/p/w500/dn025nJaG2ZKDA19ymPfZWUwPEH.jpg
1084812,Aavesham,2024-04-11,Three college freshmen in Bangalore befriend an eccentric gangster to get revenge on their senior bullies.,"['Comedy', 'Action']",[],"['Fahadh Faasil', 'Hipster', 'Mithun Jai Sankar', 'Roshan Shanavas', 'Sajin Gopu']",['Jithu Madhavan'],['Jithu Madhavan'],"['Hindi', 'Kannada', 'Malayalam']","['Amazon Prime Video', 'VI movies and tv', 'Amazon Prime Video with Ads']",7.488,85,1.3775,156,https://image.tmdb.org/t/p/w500/k5RWPaNjgRcNvGoawYaQHQwyctI.jpg
1261125,Thudarum,2025-04-23,A taxi driver finds himself embroiled in a dangerous conspiracy after his car is confiscated by a corrupt police officer.,"['Action', 'Drama', 'Thriller']",[],"['Mohanlal', 'Shobana', 'Prakash Varma', 'Maniyanpilla Raju', 'Farhaan Faasil']",['Tharun Moorthy'],"['Tharun Moorthy', 'KR Sunil', 'KR Sunil']","['Tamil', 'Malayalam']",['JioHotstar'],7.544,34,1.4548,164,https://image.tmdb.org/t/p/w500/uOTDBabtxHA6szYKQNQe9Y7rFlv.jpg
585261,Virus,2019-06-07,"A real life account of the deadly Nipah virus outbreak in Kerala, and the courageous fight put on by several individuals which helped to contain the epidemic.","['Drama', 'Thriller']","['based on true story', 'virus', 'kerala']","['Kunchacko Boban', 'Parvathy Thiruvothu', 'Tovino Thomas', 'Sreenath Bhasi', 'Madonna Sebastian']",['Aashiq Abu'],"['Sharfuddeen', 'Suhas', 'Muhsin Parari']","['English', 'Malayalam']","['Amazon Prime Video', 'Sun Nxt', 'aha', 'Amazon Prime Video with Ads']",7.4,59,1.1063,152,https://image.tmdb.org/t/p/w500/fd8BJ1j5BzaC9McYRW98PmeqkHo.jpg
1068394,Guruvayoor Ambalanadayil,2024-05-16,"Vinu, who is still grieving over his breakup from five years ago, develops a strong relationship with Anandan, his prospective brother-in-law, but his attempts to resolve Anandan's problems have some unexpected consequences.","['Comedy', 'Family']","['absurd', 'joyful', 'gan']","['Prithviraj Sukumaran', 'Basil Joseph', 'Nikhila Vimal', 'Anaswara Rajan', 'Siju Sunny']",['Vipin Das'],['Deepu Pradeep'],['Malayalam'],['VI movies and tv'],6.097,31,1.0571,132,https://image.tmdb.org/t/p/w500/iSS17YFooUA33FKsJ0yJhWZzylb.jpg
1429319,Sukran,2026-02-06,"Marked by a horoscope that makes him take the blame for things he never did, Nandu grows up carrying the weight of an unfair fate. Years later, the return of his childhood love brings challenges and turning points that change his life forever.","['Comedy', 'Thriller']",[],"['Bibin George', 'Shine Tom Chacko', 'Chandhunadh', 'Aadhya Prasad', 'Kottayam Nazeer']",['Ubaini'],['Rahul Kalyan'],['Malayalam'],"['Sun Nxt', 'ManoramaMAX Amazon Channel']",2.0,1,1.1107,130,https://image.tmdb.org/t/p/w500/4C2XqtbOE72nRM9icxzztLxHNoM.jpg
1245571,Alappuzha Gymkhana,2025-04-10,"A group of youngsters, after failing their plus two exams, aims to join a common college through the sports quota. They choose boxing as their sport. By luck, they manage to survive the district-level competitions. But what will happen at the higher levels?","['Action', 'Drama', 'Comedy']",['boxing'],"['Naslen K. Gafoor', 'Lukman Avaran', 'Ganapathi S. Poduval', 'Sandeep Pradeep', 'Anagha Maya Ravi']",['Khalid Rahman'],"['Khalid Rahman', 'Sreeni Saseendran']",['Malayalam'],"['Sony Liv', 'aha']",6.538,26,1.244,140,https://image.tmdb.org/t/p/w500/q4OwzcY6r2L1M1S6uYzmtzjwAqX.jpg
1481595,Athi Bheekara Kaamukan,2025-11-14,"On the edge of a misty hilltop in rural Kerala, a young man named Arjun prepares to end his life. It’s the day of his beloved Anu’s wedding—an unbearable moment for a heart that had loved silently and shattered quietly.","['Romance', 'Comedy']",[],"['Lukman Avaran', 'Drishya Raghunath', 'Manohari Joy', 'Karthik', 'Aswin Vijayan']","['C.C. Nithin', 'Gautham Thaniyil']",['Sujai Mohanraj'],['Malayalam'],"['Amazon Prime Video', 'ManoramaMax', 'ManoramaMAX Amazon Channel', 'Amazon Prime Video with Ads']",2.0,1,0.9446,127,https://image.tmdb.org/t/p/w500/dKo7UDzLAuIOOdiaDV8X0KAFRoR.jpg
885206,Madhuram Jeevamruthabindu,2025-10-31,"Explores Different Shades Of Human Desire Through Jessie, Ilyas, Samuel, And Bhaskaran - Each Chasing Passion, Longing, Or Curiosity In Their Own Way, Revealing How Desires Shape Life And Lead To Self-Realisation.",['Drama'],[],"['Lal', 'Saiju Kurup', 'Basil Joseph', 'Jaffer Idukki', 'Dayyana Hameed']","['Prince Joy', 'Jenith Kachappilly', 'Appu N. Bhattathiri', 'Shamzu Zayba']","['Jenith Kachappilly', 'S Sanjeev', 'Jishnu S Ramesh']",['Malayalam'],[],3.0,1,0.8412,115,https://image.tmdb.org/t/p/w500/pFf4WFC8lcmdEcaQXMeUDTbdok3.jpg
972897,Heaven,2022-06-17,"Circle Inspector of Police, Peter Kurishinkal is a stoic and taciturn officer, who prefers brain over brawn to solve his cases. His world is brought upside down when he is assigned a sensational case of a homicide.","['Thriller', 'Crime', 'Mystery']",[],"['Suraj Venjaramoodu', 'Deepak Parambol', 'Alencier Ley Lopez', 'Jaffer Idukki', 'Sudev Nair']",['Unni Govindraj'],"['P. S. Subramanian', 'Unni Govindraj']",['Malayalam'],['JioHotstar'],7.0,5,1.1894,130,https://image.tmdb.org/t/p/w500/7R95cC7pjHLeDmQ0tX8gILX9dty.jpg
911244,Mindiyum Paranjum,2025-12-25,"Sanal departs Cochin Airport in the rain, journeying through Idukki's landscapes to meet Leena and fulfil their dream, while their hearts weave through shared memories of joy and sorrow.","['Romance', 'Drama']",[],"['Unni Mukundan', 'Aparna Balamurali', 'Jude Anthany Joseph', 'Maala Parvathi', 'Jaffer Idukki']",['Arun Bose'],"['Mridul George', 'Arun Bose']",['Malayalam'],"['Amazon Prime Video', 'Sun Nxt', 'Amazon Prime Video with Ads']",3.0,1,0.7175,102,https://image.tmdb.org/t/p/w500/2TfEGFtcYenVrydMVJ2fiPXb5dl.jpg
1388331,Vyasanasametham Bandhumithradhikal,2025-06-13,"A small-town shopkeeper deals with his daughter's engagement, his mother-in-law's sudden death, and family issues, while his daughter starts to question her marriage and speaks up for herself.","['Comedy', 'Drama']","['unexpected death', 'grandmother granddaughter relationship', 'match making']","['Anaswara Rajan', 'Siju Sunny', 'Mallika Sukumaran', 'Azees Nedumangad', 'Joemon Jyothir']",['Vipin S'],['Vipin S'],['Malayalam'],"['ManoramaMax', 'ManoramaMAX Amazon Channel']",7.0,6,1.1198,114,https://image.tmdb.org/t/p/w500/iPy1ju7ipQCkZyFt8DTWCotcteu.jpg
945167,Iratta,2023-02-03,"After a cop is found dead, a policeman's investigation sparks a chilling search for the truth connected to his estranged twin and their fraught past.","['Drama', 'Thriller']",['twins'],"['Joju George', 'Srikant Murali', 'Arya Salim', 'Manoj K U', 'Sabumon Abdusamad']",['Rohith Krishnan'],['Rohith Krishnan'],['Malayalam'],['Netflix'],6.725,40,1.1059,110,https://image.tmdb.org/t/p/w500/1SEN2ymA9NrqBD8hbakBDFCO6r2.jpg
1300027,Thalavara,2025-08-22,"Mocked for his vitiligo, Jyothish has spent years hiding from the world-until love and a daring dream to act pull him into the light. But when rejection and cruelty test him, he discovers that real victory isn't fame or approval, but the courage to stand up, unbroken, and redefine what makes him extraordinary.","['Drama', 'Romance']",[],"['Arjun Ashokan', 'Revathy Sharma', 'Ashokan', 'Vishnu Reghu', 'Manoj Moses']",['Akhil Anilkumar'],"['Akhil Anilkumar', 'Appu Aslam']",['Malayalam'],"['Amazon Prime Video', 'Amazon Prime Video with Ads']",6.571,7,0.8166,119,https://image.tmdb.org/t/p/w500/9pGcQOayL2EgVU9QtbxoB1OpTQh.jpg
862618,Kaapa,2022-12-22,"When Anand learns that his wife Binu Trivikraman's name ended up in Kerala Anti-Social Activities Prevention Act (KAAPA) list by mistake, he embarks on a journey to prove her innocence, but finds himself caught in the crosshairs of a hardened gangster and a merciless war.","['Crime', 'Action', 'Drama']",[],"['Prithviraj Sukumaran', 'Aparna Balamurali', 'Asif Ali', 'Anna Ben', 'Dileesh Pothan']",['Shaji Kailas'],['G.R. Indugopan'],['Malayalam'],['Netflix'],4.7,10,1.1163,133,https://image.tmdb.org/t/p/w500/hllm5duftEJDHQAPjK94DHisaE.jpg
467373,Adam Joan,2017-09-01,"Adam, a young man from Kerala, returns to Scotland upon learning that his family has been murdered and his daughter, Ila, kidnapped. He then sets out to find the offenders and rescue Ila.","['Action', 'Romance', 'Thriller']","['sacrifice', 'satanist', 'child kidnapping']","['Prithviraj Sukumaran', 'Mishti Chakravarty', 'Narain', 'Bhavana', 'Rahul Madhav']",['Jinu Abraham'],['Jinu Abraham'],"['English', 'Malayalam']","['ManoramaMax', 'ManoramaMAX Amazon Channel']",5.7,28,0.8902,155,https://image.tmdb.org/t/p/w500/vGsoxoZQP9yPpxsokhhXAT0nv6h.jpg
398786,Kammatti Paadam,2016-05-20,"Krishnan, who has been living away from his family and friends in Mumbai, gets a call from his friend Ganga in Kerala, out of the blue. He senses danger, and leaves for Kammattipadam, where both of them grew up.","['Drama', 'Action']","['friendship', 'bodyguard', 'brother against brother', 'accident', 'kochi']","['Dulquer Salmaan', 'Vinayakan', 'Manikandan Achari', 'Anil Nedumangad', 'Shine Tom Chacko']",['Rajeev Ravi'],['P Balachandran'],"['Hindi', 'Malayalam']",[],8.0,52,0.6953,177,https://image.tmdb.org/t/p/w500/2zJoZn1EBR6UQDr6OdT4Og77zFn.jpg
1012180,Identity,2025-01-02,"A sketch artist and a cop work together to unravel the identity of an elusive killer using the descriptions of his face, etched into the memory of an eye-witness to the brutal crime","['Action', 'Thriller', 'Mystery']","['sketch artist', 'unidentified killer']","['Tovino Thomas', 'Trisha Krishnan', 'Vinay Rai', 'Mandira Bedi', 'Shammi Thilakan']","['Anas Khan', 'Akhil Paul']","['Akhil Paul', 'Anas Khan']",['Malayalam'],['Zee5'],5.429,21,1.0116,156,https://image.tmdb.org/t/p/w500/hrusjWrcRuClY6PNooSZiKL6gqv.jpg
1025125,Kishkindha Kaandam,2024-09-12,"Strange events unfold in a monkey-inhabited village, driving a newlywed couple and forest officials to embark on a mission to uncover the root of the unusual disturbances.","['Thriller', 'Mystery', 'Drama', 'Adventure']",[],"['Asif Ali', 'Aparna Balamurali', 'Vijayaraghavan', 'Vyshnavi Raj', 'Ashokan']",['Dinjith Ayyathan'],"['Bahul Ramesh', 'Bahul Ramesh']",['Malayalam'],"['JioHotstar', 'VI movies and tv']",7.673,52,0.8874,125,https://image.tmdb.org/t/p/w500/rniBYHDRs6e8qMkPr4D4ZE5uMhF.jpg
1321820,Bharathanatyam,2024-08-30,A man makes a startling discovery following his father's sudden hospitalization and attempts to prevent his family's secret from reaching the local townsfolk.,"['Comedy', 'Drama']",['gossip'],"['Saiju Kurup', 'Saikumar', 'Kalaranjini', 'Sreeja Ravi', 'Swathi Das Prabhu']",['Krishnadas Murali'],['Krishnadas Murali'],['Malayalam'],"['Amazon Prime Video', 'Amazon Prime Video with Ads']",7.9,7,0.7538,121,https://image.tmdb.org/t/p/w500/roEHh97z7KaigdoWWk3S6SJc0UK.jpg
1441197,Aashaan,2026-02-05,"Aashaan dreams of cinema until a 150-member film crew enters his life, bringing movie magic within reach. Chasing his big break, he confronts the industry's harsh realities.","['Drama', 'Comedy']",[],"['Indrans', 'Joemon Jyothir', 'Abin Bino', 'Naveena V M', 'Shobi Thilakan']",['Johnpaul George'],['Johnpaul George'],['Malayalam'],[],8.8,2,0.8761,159,https://image.tmdb.org/t/p/w500/4swJKFhTwadPJLXeMzCd53vHpBh.jpg
1244068,Ponman,2025-01-30,"Ajesh,a jewellery agent lends 25 sovereigns of gold to Bruno for his sister Steffi's wedding, only to recover just half. When he demands the rest, he’s drawn into a tense comeback battle with Steffi's husband Mariano, an infamous prawn farmer in coastal Kollam.","['Drama', 'Comedy', 'Thriller']",[],"['Basil Joseph', 'Lijomol Jose', 'Anand Manmadhan', 'Sajin Gopu', 'Deepak Parambol']",['Jyothish Shankar'],"['Justin Mathew', 'G.R. Indugopan']",['Malayalam'],['JioHotstar'],7.81,21,0.7447,125,https://image.tmdb.org/t/p/w500/cdXS0DcshLFUpuKQAU5dW7Qk1A2.jpg
617405,Marakkar: Lion of the Arabian Sea,2021-12-01,"‘Marakkar Lion of the Arabian Sea’ portrays the courageous life-events of a rebellious naval chief, Kunjali Marakkar the fourth, who fought against the Portuguese in the ancient times. He was the fourth naval chief of the Calicut Zamorin. The film revolves around him who was also the first Indian Naval Commander and Indian freedom fighter for the war against the Portuguese. He is said to have won 16 such battles with his impeccable strategies and fighting skills.","['History', 'War', 'Action']",['malayalam'],"['Mohanlal', 'Arjun Sarja', 'Suniel Shetty', 'Prabhu', 'Nedumudi Venu']",['Priyadarshan'],"['Ani I. V. Sasi', 'Priyadarshan', 'Priyadarshan']",['Malayalam'],"['Amazon Prime Video', 'Amazon Prime Video with Ads']",5.741,27,0.9261,182,https://image.tmdb.org/t/p/w500/dKylmkXLLgPYER5wq9ChsFFCSbG.jpg
890138,A.R.M - Ajayante Randam Moshanam,2024-09-12,"Set in the Northern Kerala in 1900, 1950 and 1990, Three generations of heroes Maniyan, Kunjikelu and Ajayan, try to protect the most important treasure of the Land.","['Action', 'Adventure', 'Drama']",['triple role'],"['Tovino Thomas', 'Krithi Shetty', 'Surabhi Lakshmi', 'Basil Joseph', 'Rohini']",['Jithin Laal'],['Sujith Nambiar'],['Malayalam'],[],6.9,18,0.7921,147,https://image.tmdb.org/t/p/w500/OClpEeRlHK3DrFO7QtWXtpDIOK.jpg
997198,IN,2022-07-08,The movie revolves around how this journalist seeks revenge; does she succeed in getting back at this serial killer or does he get better of her ?,['Thriller'],[],"['Deepti Sati', 'Madhupal', 'Manohari Joy', 'Vijay Babu', 'Arya Babu']",['Rajesh Nair'],"['Mukesh Raja', 'Vimal Vijay']",['Malayalam'],"['ManoramaMax', 'ManoramaMAX Amazon Channel']",2.0,1,0.9894,81,https://image.tmdb.org/t/p/w500/eu7RbgkzWa8ZTGtCnkXDu0Taocp.jpg
1196956,Ithiri Neram,2025-11-07,"On his way to a long-overdue drinking party with two friends, Anish receives an unexpected call from Anjana, a past lover visiting the city. Their decision to meet sets the stage for an evening of easy banter, reopened wounds, and difficult choices.","['Romance', 'Comedy']",[],"['Roshan Mathew', 'Zarin Shihab', 'Nandhu', 'Anand Manmadhan', 'Kannan Nayar']",['Prasanth Vijay'],['Vishak Shakti'],['Malayalam'],"['Amazon Prime Video', 'Sun Nxt', 'Amazon Prime Video with Ads']",3.5,2,0.8394,137,https://image.tmdb.org/t/p/w500/vpyf5DG2SE3kMeR9zexiMglZy2P.jpg
1429311,Pongala,2025-12-05,"After being released from prison for a murder he did not commit, a man quickly learns that crime and injustice are still rife in his hometown.","['Action', 'Drama']",[],"['Sreenath Bhasi', 'Baburaj', 'Bibin George', 'Harish Uthaman', 'Alencier Ley Lopez']",['A B Binil'],['A B Binil'],['Malayalam'],[],0.0,0,0.7774,158,https://image.tmdb.org/t/p/w500/gsXz7wmbqQ8ywNjJhlpOkxMtOZ4.jpg
828378,Pada,2022-03-11,"Based on a true incident, the film is about four men, who call themselves Ayyankali Pada, holding the Palakkad collector hostage demanding tribal land rights.","['Crime', 'Thriller', 'Drama']",[],"['Kunchacko Boban', 'Vinayakan', 'Joju George', 'Dileesh Pothan', 'Prakash Raj']",['Kamal K.M.'],['Kamal K.M.'],['Malayalam'],"['Amazon Prime Video', 'Amazon Prime Video with Ads']",7.025,20,1.1923,125,https://image.tmdb.org/t/p/w500/5ppn9FFpgD3xlpIB9KVEeDTyxDd.jpg
792358,Jana Gana Mana,2022-04-28,"After the mysterious death of a college professor triggers nationwide protests, a police officer’s pursuit of justice unravels layers of political manipulation and moral conflict, exposing how truth and power collide in the pursuit of justice.","['Crime', 'Thriller', 'Drama']","['court case', 'jgm']","['Prithviraj Sukumaran', 'Suraj Venjaramoodu', 'Mamta Mohandas', 'Vincy Aloshious', 'Shari']",['Dijo Jose Antony'],['Sharis Mohammed'],"['Bengali', 'English', 'Hindi', 'Kannada', 'Malayalam', 'Tamil']",['Netflix'],7.221,70,1.2382,162,https://image.tmdb.org/t/p/w500/1bSPVn6HlkGYTQ4tJYJ0UGWnQM9.jpg
1177623,Rifle Club,2024-12-19,"A historic rifle club in the Western Ghats becomes the center of a thrilling fight for survival when a dangerous arms dealer and his gang come seeking revenge. The club’s members, skilled hunters with a shared passion, work together to protect their lives and their legacy.","['Action', 'Thriller']",[],"['Dileesh Pothan', 'Vishnu Agasthya', 'Vani Viswanath', 'Anurag Kashyap', 'Hanumankind']",['Aashiq Abu'],"['Suhas', 'Syam Pushkaran', 'Dileesh Nair']",['Malayalam'],['Netflix'],6.2,18,0.8725,113,https://image.tmdb.org/t/p/w500/k1czxgmnH63A7old7hL4oNzqYMw.jpg
1296338,Sumathi Valavu,2025-08-01,"A haunted curve in 1990s Kerala, named after Sumathis tragic death, draws various people into supernatural encounters. As they experience strange events, the mystery of Sumathi and the roads dark history begins to unfold.","['Horror', 'Comedy', 'Drama']","['supernatural', 'ghost', 'mystery', 'haunted road']","['Arjun Ashokan', 'Malavika Manoj', 'Saiju Kurup', 'Devanandha', 'Sshivada']",['Vishnu Sasi Shankar'],['Abhilash Pillai'],['Malayalam'],['Zee5'],5.0,7,0.8315,135,https://image.tmdb.org/t/p/w500/3xIDlnwjMf7kCOpFq8GMmW8on95.jpg
381691,Maheshinte Prathikaaram,2016-02-05,"Mahesh, a studio photographer and owner of the studio. As the story moves on, Mahesh encounters an anonymous fight ending up with taking revenge that leads to certain realizations in his life.","['Comedy', 'Drama']","['kung fu', 'photographer', 'photography', 'village', 'romance', 'magazine', 'revenge', 'vow']","['Fahadh Faasil', 'Anusree Nair', 'Aparna Balamurali', 'Alencier Ley Lopez', 'Jaffer Idukki']",['Dileesh Pothan'],['Syam Pushkaran'],['Malayalam'],"['ManoramaMax', 'ManoramaMAX Amazon Channel']",7.7,73,0.9212,121,https://image.tmdb.org/t/p/w500/hmK9QUWpOaSs1H7tarzlMNqT60H.jpg
326282,Aadu,2015-02-06,"Triumph in a local Tug-of-war tourney gifted Shaji Pappan and his gang, a cute but naughty little goat 'Pinky'. Their attempts to dump the goat, unknowingly, interrupts few groups of smugglers, who are in race for the 'Neelakodiveli'.",['Comedy'],"['infidelity', 'gangster', 'price', 'goat', 'travel', 'drugs', 'short-term memory loss', 'tug of war']","['Jayasurya', 'Vijay Babu', 'Vinayakan', 'Saiju Kurup', 'Dharmajan Bolgatty']",['Midhun Manuel Thomas'],['Midhun Manuel Thomas'],['Malayalam'],[],6.9,34,0.7808,141,https://image.tmdb.org/t/p/w500/dP1Xoc3X76Q97OUCpQTN9hftUST.jpg
1101175,Malayalee from India,2024-05-01,"Aalparambil Gopi, an unemployed boy, is forced to travel away from home. Fortunately, the journey ends up transforming his life forever.","['Drama', 'Comedy']",['political satire'],"['Nivin Pauly', 'Dhyan Sreenivasan', 'Anaswara Rajan', 'Manju Pillai', 'Shine Tom Chacko']",['Dijo Jose Antony'],['Sharis Mohammed'],['Malayalam'],"['Sony Liv', 'VI movies and tv']",4.2,11,0.8751,158,https://image.tmdb.org/t/p/w500/mOqYSsuaDi9D6dh0GRF8gj2ilJQ.jpg
936667,Narivetta,2025-05-16,A police officer uncovers a conspiracy based around state-sanctioned violence against victimized villagers.,"['Drama', 'Action']","['intimidation by police', 'tribal conflict']","['Tovino Thomas', 'Suraj Venjaramoodu', 'Cheran', 'Arya Salim', 'Priyamvada Krishna']",['Anuraj Manohar'],['Abin Joseph'],"['Tamil', 'Malayalam']",['Sony Liv'],6.4,11,0.8254,139,https://image.tmdb.org/t/p/w500/3xhdWk6y5hVUAOhW7MsBMA7wb10.jpg
785585,Kurup,2021-11-12,The Film is based on the infamous 'Charlie Murder Case' in the Indian State of Kerala where the main culprit Sukumara Kurup has been on the run for decades and is still not been caught. The story revolves around the perspective of Sukumara Kurup and the Police officers who were investigating the case.,"['Thriller', 'Crime']",[],"['Dulquer Salmaan', 'Sobhita Dhulipala', 'Indrajith Sukumaran', 'Tovino Thomas', 'Shine Tom Chacko']",['Srinath Rajendran'],"['K S Aravind', 'Daniel Sayooj Nair', 'Jithin K Jose']",['Malayalam'],['Netflix'],6.163,49,0.7989,155,https://image.tmdb.org/t/p/w500/7DUKMFykp7pNpppbf8M6YDWrTYb.jpg
1044944,JSK - Janaki V vs State of Kerala,2025-07-17,"Janaki, an IT professional from Bangalore, returns to her hometown in Kerala for a quiet vacation. But her peace is shattered when she becomes the victim of a horrific incident. As she begins her fight for justice, the case takes an unexpected turn with the entry of Advocate David Abel Donovan.","['Drama', 'Thriller']",[],"['Suresh Gopi', 'Anupama Parameswaran', 'Shruti Ramachandran', 'Vyshnavi Raj', 'Askar Ali']",['Pravin Narayanan'],['Pravin Narayanan'],['Malayalam'],['Zee5'],3.8,5,0.7296,156,https://image.tmdb.org/t/p/w500/s5aKJoOSv3D8snq3Y2N3APeK5vz.jpg
1586776,Spa,2026-02-13,"The narrative follows the intertwined lives of people connected to La Paradise, an urban massage therapy centre. It centres on Mathan, a man struggling to distinguish between the reality of love and its fictionalised ideals. Through a sharp lens of social satire, the story explores adult themes and human behaviour within this unique urban setting.",['Drama'],[],"['Shruthy Menon', 'Radhika Radhakrishnan', 'Sreeja Das', 'Poojitha Menon', 'Rima Dutta']",['Abrid Shine'],['Abrid Shine'],['Malayalam'],[],0.0,0,0.8741,116,https://image.tmdb.org/t/p/w500/sZez7I5ctXVlOP73Js0G4cNgw16.jpg
575351,Kumbalangi Nights,2019-02-07,"Four brothers living in the fishing hamlet of Kumbalangi share a love-hate relationship with each other. Their relationship progresses when Saji, Boney and Franky decide to help Bobby stand by his love.","['Comedy', 'Drama', 'Romance']",[],"['Shane Nigam', 'Soubin Shahir', 'Sreenath Bhasi', 'Mathew Thomas', 'Fahadh Faasil']",['Madhu C. Narayanan'],['Syam Pushkaran'],"['English', 'Malayalam', 'Tamil']","['Amazon Prime Video', 'Amazon Prime Video with Ads']",8.017,119,0.935,135,https://image.tmdb.org/t/p/w500/lJ3RvIirE2C7gdBKvPRaoQ3iCo2.jpg
466961,Maradona,2018-07-27,"Maradona, a young man, due to some dangerous situations, moves out of his hometown and reaches Bangalore to stay with his distant relatives. However, during his stay there, his situation worsens further.","['Action', 'Comedy', 'Thriller']","['maradona2018', 'tovinomaradona', 'maradonamalayalam']","['Tovino Thomas', 'Saranya R Nair', 'Tito Wilson', 'Chemban Vinod Jose', 'Leona Lishoy']",['Vishnu Narayanan'],['Krishna Moorthy'],"['Kannada', 'Malayalam', 'Tamil']","['ManoramaMax', 'ManoramaMAX Amazon Channel']",6.2,16,0.4329,148,https://image.tmdb.org/t/p/w500/xKiLizbettaebsSczDXbQjnI5Fw.jpg
341895,Premam,2015-05-29,"Three stages in George's life, and three girls he encounters in each stage.","['Comedy', 'Romance']","['dance', 'bridge', 'coming of age', 'teacher', 'love', 'tragic love', 'teenage love', 'butterfly', 'nostalgic', 'college love', 'casual', 'awestruck']","['Nivin Pauly', 'Madonna Sebastian', 'Sai Pallavi', 'Anupama Parameswaran', 'Shabareesh Varma']",['Alphonse Puthren'],"['Alphonse Puthren', 'Alphonse Puthren']","['Malayalam', 'Tamil']",['VI movies and tv'],7.5,114,0.6316,157,https://image.tmdb.org/t/p/w500/wfMgsfDrtouYOM6MbrkHtU96Xij.jpg
361385,Samrajyam II: Son of Alexander,2015-06-01,Jordan grows up without knowing that his father was a criminal. Problems start brewing in his life when he has to pay for his father's sins.,['Action'],"['gun', 'gangster', 'sequel']","['Unni Mukundan', 'Akanksha Puri', 'Vijayaraghavan', 'Madhu', 'Devan']",['Perarasu'],['Perarasu'],['Malayalam'],['Sun Nxt'],2.0,2,0.6969,115,https://image.tmdb.org/t/p/w500/rWIXeqjl1yquqflCkoLbgyu6oAQ.jpg
1272121,Maranamass,2025-04-10,An unlikely group of people become trapped on a bus with a man they do not realise is the serial killer terrorising their community.,"['Comedy', 'Crime', 'Thriller']","['serial killer', 'comedy thriller']","['Basil Joseph', 'Siju Sunny', 'Rajesh Madhavan', 'Suresh Krishna', 'Babu Antony']",['Sivaprasad'],"['Siju Sunny', 'Siju Sunny', 'Sivaprasad']",['Malayalam'],['Sony Liv'],5.6,12,0.7696,139,https://image.tmdb.org/t/p/w500/erU6DGyYGEFrnE4reiGX3pytU2e.jpg
950075,Sookshmadarshini,2024-11-22,"Manuel returns with his mother to their former home in a middle-class neighbourhood. Suspicious of his intentions, Priyadarshini and her friends begin gathering clues, convinced he may be hiding something sinister.","['Mystery', 'Thriller', 'Comedy']",['dark comedy'],"['Nazriya Nazim', 'Basil Joseph', 'Sidharth Bharathan', 'Deepak Parambol', 'Merin Philip']",['MC Jithin'],"['Athul Ramachandran', 'T. B. Libin', 'MC Jithin']","['Telugu', 'Tamil', 'Malayalam']",['VI movies and tv'],7.235,34,0.8385,142,https://image.tmdb.org/t/p/w500/rOZt5FVZC51keFRRUSzWGE5y1Rt.jpg
1101020,Baby Girl,2026-01-23,"On a Christmas night, a guilt-ridden hospital attendant and a determined rookie cop race against time to recover a kidnapped newborn, unaware that the woman who took the baby is fighting a heartbreaking battle to finally call a child her own.","['Drama', 'Thriller']",[],"['Nivin Pauly', 'Lijomol Jose', 'Sangeeth Prathap', 'Abhimanyu Thilakan', 'Azees Nedumangad']",['Arun Raj Varma'],"['Bobby', 'Sanjay']",['Malayalam'],['Sony Liv'],4.4,7,0.8401,125,https://image.tmdb.org/t/p/w500/nEyEFVdlmUdapDl77704aR8o59D.jpg
497294,Kayamkulam Kochunni,2018-10-11,"The life of Kayamkulam Kochunni, a famed highwayman who robbed from the rich and gave to the poor during the British Raj in the early 19th century Central Travancore.","['Action', 'Drama', 'History']","['robin hood', 'master thief', 'based on true story', '19th century']","['Nivin Pauly', 'Mohanlal', 'David Blazejko', 'Sunny Wayne', 'Babu Antony']",['Rosshan Andrrews'],"['Sanjay', 'Bobby']","['English', 'Malayalam']","['Amazon Prime Video', 'Amazon Prime Video with Ads']",6.3,17,0.6845,122,https://image.tmdb.org/t/p/w500/abWGyIHAh4hki56tTmVTQ3ZfZDk.jpg
590077,Trance,2020-02-20,A disheartened motivational speaker gets hired by a corporate to become a preacher until his live stint on television puts him and his service under the scanner.,"['Thriller', 'Drama']",['blind faith'],"['Fahadh Faasil', 'Nazriya Nazim', 'Dileesh Pothan', 'Gautham Vasudev Menon', 'Chemban Vinod Jose']",['Anwar Rasheed'],"['Vincent Vadakkan', 'Vincent Vadakkan']","['Hindi', 'Tamil', 'English', 'Malayalam']","['Amazon Prime Video', 'ShemarooMe', 'aha', 'Amazon Prime Video with Ads']",6.8,63,0.7994,170,https://image.tmdb.org/t/p/w500/jur8vAsFMtwxqyAngXeXKZnqMSe.jpg
1533384,Bhishmar,2026-03-20,,['Thriller'],[],"['Dhyan Sreenivasan', 'Vishnu Unnikrishnan', 'Indrans', 'Divya Pillai', 'Unni Lalu']",['East Coast Vijayan'],['Ansaj Gopi'],['Malayalam'],[],0.0,0,0.839,0,https://image.tmdb.org/t/p/w500/wkiu7ez8oL1Yme4k5cBxFz0zN4U.jpg
834732,Keshu Ee Veedinte Nadhan,2021-12-31,"Simple yet smart, sexagenarian Keshu has a loving family and a driving school to call his own. Everything's perfect until he wins a lottery worth crores.",['Drama'],[],"['Dileep', 'Urvashi', 'Anusree Nair', 'Swasika', 'Harisree Ashokan']",['Nadirshah'],['Sajeev Pazhoor'],['Malayalam'],['JioHotstar'],6.1,7,0.4948,142,https://image.tmdb.org/t/p/w500/vKCC7ohugDxKqLO9z5E2E0cabs3.jpg
713854,Kappela,2020-03-06,"Falling into an over-the-phone romance with a rickshaw driver, a young woman visits his city when an encounter with a stranger derails their meeting.","['Romance', 'Mystery']",[],"['Anna Ben', 'Roshan Mathew', 'Sreenath Bhasi', 'Sudhi Koppa', 'Tanvi Ram']",['Muhammad Musthafa'],['Muhammad Musthafa'],['Malayalam'],['Netflix'],6.2,22,0.773,110,https://image.tmdb.org/t/p/w500/5e6yMw6ipz7DvLbtKAvHjbQAjHr.jpg
816590,Pachuvum Athbhuthavilakkum,2023-04-28,"In return for getting ownership his shop space in Mumbai, Prakashan is tempted into helping his landlord's mother on a mission. Will he succeed? What does success mean?","['Comedy', 'Drama']",[],"['Fahadh Faasil', 'Viji Venkatesh', 'Dhwani Rajesh', 'Anjana Jayaprakash', 'Vineeth Radhakrishnan']",['Akhil Sathyan'],['Akhil Sathyan'],['Malayalam'],"['Amazon Prime Video', 'Amazon Prime Video with Ads']",6.62,25,0.708,171,https://image.tmdb.org/t/p/w500/dhIr3BSgxLgshCH8waq7zz7zmft.jpg
855117,King of Kotha,2023-08-24,"Kannan is a gangster who rules the crime-infested town of Kotha. After getting humiliated by Kannan and his men, CI Shahul Haasan tactfully plots the return of former gangster named Kotha Rajendran alias ""Raju"", thus leading to a transformative turn of events.","['Action', 'Drama', 'Crime']",[],"['Dulquer Salmaan', 'Aishwarya Lekshmi', 'Shabeer Kallarakkal', 'Prasanna', 'Nyla Usha']",['Abhilash Joshiy'],['Abhilash N. Chandran'],['Malayalam'],[],5.8,30,1.2902,174,https://image.tmdb.org/t/p/w500/wjeEQfZCgoPaAZ1wRFMEsjNZ1Zk.jpg
784647,Aaraattu,2022-02-18,"Goparajan / Gopan, a native of Neyyattinkara and a real estate tycoon buys a large piece of land in Chittur for a construction purpose, but on his arrival, he learns that the residents are forcefully and unlawfully evicted from their properties by an Andhra based real estate mafia using illegal land acquisition rules with support from the local authorities and government officials.","['Comedy', 'Action', 'Drama']",[],"['Mohanlal', 'Shraddha Srinath', 'Siddique', 'Saikumar', 'Nedumudi Venu']",['B. Unnikrishnan'],['Uday Krishna'],['Malayalam'],"['Amazon Prime Video', 'Amazon Prime Video with Ads']",3.9,14,0.7601,168,https://image.tmdb.org/t/p/w500/qt5zIVjW1ThRhJkSetOFlnySsoW.jpg
795729,Nizhal,2021-04-09,A First class judicial Magistrate comes across an 8 year old boy-Nithin & his murder stories. Do they have real life connection?,"['Mystery', 'Thriller']",[],"['Kunchacko Boban', 'Nayanthara', 'Saiju Kurup', 'Izin Hash', 'Shersha Sherief']",['Appu N. Bhattathiri'],['S Sanjeev'],['Malayalam'],"['Amazon Prime Video', 'Amazon Prime Video with Ads']",5.5,20,0.7535,118,https://image.tmdb.org/t/p/w500/uGKbgLN4dc8BoxDGsM6kU9RglSV.jpg
573257,Mikhael,2019-01-18,A school kid commits suicide after a humiliating incident at school. All hell breaks loose as his brute businessman dad gets obsessed with finishing off all responsible for the same.,"['Action', 'Family', 'Thriller']",[],"['Nivin Pauly', 'Navani Devanand', 'Siddique', 'J. D. Chakravarthi', 'Suraj Venjaramoodu']",['Haneef Adeni'],['Haneef Adeni'],['Malayalam'],"['Amazon Prime Video', 'Amazon Prime Video with Ads']",4.1,14,0.6544,150,https://image.tmdb.org/t/p/w500/hkwaQkUIsbevxjh7iFaX9nEPqFV.jpg
1574470,Amoz Alexander,2025-11-14,"True-crime hosts John and Mary meet brutal offender Amos Alexander at his isolated house, where he promises more confessions. The routine shoot spirals into a chilling face-off that unravels dark truths, forcing Mary to question justice and truth.","['Crime', 'Thriller']",[],"['Jaffer Idukki', 'Aju Varghese', 'Tara Amala Joseph', 'Asharaf Pilakkal', 'Kalabhavan Shajon']",['Ajay Shaji'],"['Prasanth Viswanathan', 'Ajay Shaji']",['Malayalam'],['Sun Nxt'],2.0,1,0.7882,130,https://image.tmdb.org/t/p/w500/8YbxFiaad48dPqYdrpjj1RXyuZ1.jpg
353501,Pulimurugan,2016-10-07,"Murugan, with his tools and expertise, protects Puliyoor's villagers from deadly tiger attacks. However, Daddy, an illegal drugs dealer, takes advantage of Murugan's innocence and wrongly frames him.","['Action', 'Adventure']","['sibling relationship', 'hunter', 'tiger', 'fighter', 'lorry', 'forest', 'ranger', 'illegal drugs', 'village chief']","['Mohanlal', 'Jagapati Babu', 'Lal', 'Vinu Mohan', 'Bala']",['Vysakh'],"['Uday Krishna', 'Uday Krishna']",['Malayalam'],['VI movies and tv'],6.175,60,0.5937,161,https://image.tmdb.org/t/p/w500/onl4KNQ9Bso4sNRb3uM6RkRcVuj.jpg
863530,Thallumaala,2022-08-12,"Wazim is young, carefree and often drawn to fights. But when love blooms with a star vlogger, the impact of his fists could have disastrous effects.","['Comedy', 'Drama', 'Action']",[],"['Tovino Thomas', 'Lukman Avaran', 'Swathi Das Prabhu', 'Adhri Joe', 'Austin Dan']",['Khalid Rahman'],"['Muhsin Parari', 'Ashraf Hamsa']","['Arabic', 'Malayalam']",['Netflix'],6.78,41,0.6804,146,https://image.tmdb.org/t/p/w500/4Y1tcQqAiUkAbc6SUJgoP73sE5S.jpg
967353,Qalb,2024-01-12,Qalb tells the story of two young hearts falling in love. The ride takes you through the 7 stages of love. The title song 'Qalbee' describes the spiritual elements of love. Like faith there is no compulsion in love either.,"['Romance', 'Drama', 'Family']",[],"['Ranjith Sajeev', 'Neha Nazneen Shakil', 'Ashiq Khalid', 'Siddique', 'Sreedhanya Thekkedath']",['Sajid Yahiya'],"['Suhail Koya', 'Sajid Yahiya']",['Malayalam'],"['Amazon Prime Video', 'Amazon Prime Video with Ads']",5.1,7,0.8806,147,https://image.tmdb.org/t/p/w500/a49keeFVFV8LN3H7spGrVWuofTn.jpg
1442544,Valsala Club,2025-09-26,"In a village where wedding sabotage is a competitive sport, the members of the Valsala Club bet that they can get a wedding completed within a week to end the tradition",['Comedy'],[],"['Roopesh Peethambaran', 'Kaarthik Shankar', 'Dhyan Sreenivasan', 'Akhil R C Kavalayoor', 'Ambi Neenasam']",['Anush Mohan'],['Faiz Jamal'],['Malayalam'],"['ManoramaMax', 'ManoramaMAX Amazon Channel']",1.0,1,0.7861,99,https://image.tmdb.org/t/p/w500/oA5ZR6KMKfJe0ORnLjuJZVL8LMd.jpg
786064,The Great Indian Kitchen,2021-01-15,"After marriage, a woman struggles to be the submissive wife that her husband and his family expect her to be.",['Drama'],"['cooking', 'womanhood', 'couple', 'indian cuisine']","['Nimisha Sajayan', 'Suraj Venjaramoodu', 'Ajitha V M', 'T. Suresh Babu', 'Ramadevi Kannanchery']",['Jeo Baby'],['Jeo Baby'],"['English', 'Malayalam']","['Amazon Prime Video', 'VI movies and tv', 'ManoramaMAX Amazon Channel', 'Amazon Prime Video with Ads']",7.5,51,0.537,100,https://image.tmdb.org/t/p/w500/f6SDfxoU3l8hpe9tzzf8MyjOPHL.jpg
1217392,Curry & Cyanide: The Jolly Joseph Case,2023-12-22,This true-crime documentary investigates six shocking deaths in the same family and the woman at the center of the unbelievable case: Jolly Joseph.,"['Documentary', 'Crime']","['crime investigation', 'kerala', 'investigative journalism', 'female serial killer', 'homicide investigation', 'crime documentary', 'kerala police']","['Jolly Joseph', 'Renji Wilson', 'Remo Roy', 'Rojo Thomas', 'M. S. Mathew']",['Christo Tomy'],['Shalini Usha Devi'],"['English', 'Malayalam']",['Netflix'],6.808,39,0.5463,95,https://image.tmdb.org/t/p/w500/sdXu8YeDqg1qxEP9LJuTIFBtR5L.jpg
818228,Ottu,2022-09-08,"Kichu takes up an assignment to befriend a gangster David, who has lost his memories to learn about a valuable gold shipment that has gone missing. Will Kichu pull off the task, or end up waking the monster in the gangster?","['Thriller', 'Drama']",[],"['Kunchacko Boban', 'Arvind Swamy', 'Eesha Rebba', 'Jackie Shroff', 'Aadukalam Naren']",['Fellini T P'],['S Sanjeev'],"['Malayalam', 'Tamil']","['Amazon Prime Video', 'ManoramaMax', 'ManoramaMAX Amazon Channel', 'Amazon Prime Video with Ads']",5.4,11,0.6409,105,https://image.tmdb.org/t/p/w500/2cTDIaG9Hz5UaBFkwvXsrtXPdpZ.jpg
721636,Churuli,2021-02-12,"Two cops undercover trailing a fugitive enter a hamlet inside a dense forest. At every turn, they encounter a mysterious character who further misleads them into new labyrinths.","['Mystery', 'Science Fiction', 'Horror']","['time loop', 'covert missions', 'magical mystery tour', 'tropical forest', 'parallel dimension']","['Vinay Forrt', 'Chemban Vinod Jose', 'Jaffer Idukki', 'Geethi Sangeetha', 'Joju George']",['Lijo Jose Pellissery'],"['Vinoy Thomas', 'S. Hareesh']",['Malayalam'],"['Sony Liv', 'VI movies and tv']",7.105,38,0.6904,114,https://image.tmdb.org/t/p/w500/gSjykY5ZuVWHK0C7k4CXZ5566No.jpg
592545,Athiran,2019-04-12,"In an isolated hospital in the high ranges of Kerala, an autistic patient with special skills piques the interest of a psychiatrist, whose investigation into her past leads to startling revelations","['Romance', 'Thriller']",[],"['Fahadh Faasil', 'Sai Pallavi', 'Atul Kulkarni', 'Lenaa', 'Renji Panicker']",['Vivek Thomas Varghese'],"['P. F. Mathews', 'Vivek Thomas Varghese']",['Malayalam'],[],6.1,25,0.8719,136,https://image.tmdb.org/t/p/w500/mpcZ49Z4VH5niZVhiY0rwLJDMS0.jpg
470317,Parava,2017-09-21,"Irshad and Haseeb, two teenage boys from Mattanchery, share a passion for pigeon flying, a local game. Later, Irshad opens up about a tragic incident that ruined many friendships in the neighbourhood.",['Drama'],"['friendship', 'drug addiction', 'revenge', 'tragedy', 'pigeon']","['Amal Shah', 'Govind V Pai', 'Shane Nigam', 'Dulquer Salmaan', 'Siddique']",['Soubin Shahir'],"['Soubin Shahir', 'Muneer Ali']",['Malayalam'],[],7.8,40,0.7906,146,https://image.tmdb.org/t/p/w500/2L6SAHw8VHEP18ePIK7L8ysAb7T.jpg
1579952,Nidhiyum Bhoothavum,2025-11-14,"Three young mechanics move their bike repair workshop to an isolated homestay rumoured to be haunted - only to encounter chilling, unexplained events that soon come to life and cannot be ignored.","['Mystery', 'Thriller']",[],"['Aneesh G Menon', 'Aswath Lal', 'Muhammed Rafi', 'Vishnu Govindan', 'Naira Nihar']",['Sajan Joseph'],['Jayaprakash Pallakudy'],['Malayalam'],['Sun Nxt'],1.0,1,0.7109,123,https://image.tmdb.org/t/p/w500/oS6kVSdNDmZs1KVcnJtpS9ZHjZ4.jpg
1516545,Aghosham,2025-12-25,"When a serious incident puts a university and its students at risk, a stoic lecturer devises a plan to protect them.","['Crime', 'Drama']",[],"['Narain', 'Jaise Jose', 'Vijayaraghavan', 'Aju Varghese', 'Johny Antony']",['Amal K Joby'],"['Amal K Joby', 'Lizy K Fernandez']",['Malayalam'],[],0.0,0,0.7041,152,https://image.tmdb.org/t/p/w500/wr19UMYGEORF0oCcPbDvZF8WU6E.jpg
1151560,Varshangalkku Shesham,2024-04-11,"Set in the 1970s and '80s, a man of many talents and an aspiring filmmaker come together in their shared ambition of making it big in the magical world of cinema. As they struggle with a burning desire to prove themselves, can their friendship survive the test of time?","['Drama', 'Comedy', 'Romance']",[],"['Dhyan Sreenivasan', 'Pranav Mohanlal', 'Nivin Pauly', 'Kalyani Priyadarshan', 'Aju Varghese']",['Vineeth Sreenivasan'],['Vineeth Sreenivasan'],"['Malayalam', 'Tamil']","['Sony Liv', 'VI movies and tv']",5.9,18,0.6038,165,https://image.tmdb.org/t/p/w500/dVLqE9aEszo8yrc8TDk3bloYHHS.jpg
430521,Take Off,2017-03-24,"A group of Malayali nurses stranded in Iraq, must survive their capture by the extremists and reach out to the rescue team headed by the Indian government.","['Drama', 'Thriller', 'War']","['airport', 'nurse', 'rescue mission', 'iraq', 'hospital', 'terrorist attack', 'isis (daesh)', 'indian ambassador']","['Kunchacko Boban', 'Parvathy Thiruvothu', 'Fahadh Faasil', 'Divya Prabha', 'Prakash Belawadi']",['Mahesh Narayanan'],"['Mahesh Narayanan', 'Mahesh Narayanan', 'P. V. Shajikumar']","['Arabic', 'English', 'Malayalam']",['VI movies and tv'],7.358,53,0.7036,139,https://image.tmdb.org/t/p/w500/t8Sp0gyC0dLdzrHoZ4Knh78p5GE.jpg
1303576,Dominic and the Ladies' Purse,2025-01-23,"Dominic, a disgraced ex-cop turned detective, takes on a seemingly simple case to locate a purse's owner, which unveils a dark web of missing persons, murder, a stalker and the mysterious dancer Nandhita.","['Thriller', 'Mystery']",['private detective'],"['Mammootty', 'Gokul Suresh', 'Viji Venkatesh', 'Wafa Khadeeja Rahman', 'Siddique']",['Gautham Vasudev Menon'],"['Sooraj-Neeraj', 'Gautham Vasudev Menon']",['Malayalam'],['Zee5'],5.944,9,0.6618,151,https://image.tmdb.org/t/p/w500/kbydhHW7IYMcdvn9jO9BdW4eUwk.jpg
1429861,Koodothram,2026-02-12,,['Drama'],[],"['Dinoy Paulose', 'Rachel David', 'Alencier Ley Lopez', 'Sudhi Koppa', 'Saikumar']",['Baiju Johnson'],"['Santhosh K Chackochan', 'Baiju Johnson']",['Malayalam'],[],0.0,0,0.6911,0,https://image.tmdb.org/t/p/w500/3nklmAA4bRuYsLwmTZgx89GnjJz.jpg
356783,Kunjiramayanam,2015-08-28,Kunjiraman returns from the Gulf intending to settle down in matrimony. But his plans are thwarted by his cousin Laalu and a curse that has gripped the village.,"['Comedy', 'Drama']","['village', 'marriage', 'alcoholic drink', 'work abroad']","['Vineeth Sreenivasan', 'Dhyan Sreenivasan', 'Aju Varghese', 'Mamukkoya', 'Seema G Nair']",['Basil Joseph'],['Deepu Pradeep'],['Malayalam'],[],6.548,21,0.6393,122,https://image.tmdb.org/t/p/w500/xxrb507RapeLQA2GYh84WguJUmP.jpg
569101,Unda,2019-06-14,"SI Manikandan and his police team are dispatched to Basthar, a Maoist area for election duty where they aren't trained to handle the attacks in a territory field filled with land mines while being armed with unnecessary ammunition.",['Drama'],"['election', 'naxalites', 'maoist']","['Mammootty', 'Shine Tom Chacko', 'Lukman Avaran', 'Bhagwan Tiwari', 'Rony David Raj']",['Khalid Rahman'],"['Khalid Rahman', 'Harshad']","['English', 'Hindi', 'Malayalam']","['Amazon Prime Video', 'Amazon Prime Video with Ads']",7.1,38,0.7506,130,https://image.tmdb.org/t/p/w500/hHovOOmmBbYEoa0DHfL5YF8xg2B.jpg
422603,Aanandam,2016-10-21,A group of students visit Goa and Hampi while on their college trip. Their experiences during their journey help them understand the intricacies of love and friendship.,"['Adventure', 'Comedy', 'Romance']","['friendship', 'alcohol', 'bus', 'college', ""new year's day"", 'travel', 'couple', 'tattooing']","['Siddhi Mahajankatti', 'Thomas Mathew', 'Vishak Nair', 'Arun Kurian', 'Roshan Mathew']",['Ganesh Raj'],['Ganesh Raj'],"['English', 'Malayalam']","['ManoramaMax', 'aha', 'ManoramaMAX Amazon Channel']",7.3,36,0.6097,134,https://image.tmdb.org/t/p/w500/lf6uk5ukEhULKS4M386ah9Tv1Fz.jpg
404665,Oppam,2016-09-08,"A retired judge faces difficulty keeping his daughter safe from a convict he imprisoned. Later, when he gets murdered, a man with visual impairment who was loyal to him tries to defend his daughter.",['Thriller'],"['police', 'judge', 'witness', 'murder', 'jail', 'blind man']","['Mohanlal', 'Samuthirakani', 'Nedumudi Venu', 'Meenakshi Anoop', 'Anusree Nair']",['Priyadarshan'],"['Priyadarshan', 'Govind Vijayan']",['Malayalam'],[],7.15,30,0.5734,157,https://image.tmdb.org/t/p/w500/eQaBBb5ShAaikL621nWFa4j37tS.jpg
1571509,Shades Of life,2025-11-21,"""Shades of Life"" is an introspective and melancholic anthology that threads together different stories, all set against the backdrop of Indian village life",['Drama'],[],"['Niyas Backer', 'Sreeja Das', 'Abu Valayamkulam', 'Bhaskar Arvind', 'Dasan Kongad']","['JAMSHEER MUHAMMED', 'RASHEED AHAMMED', 'NATARAJAN PATTAMBI']","['NATARAJAN PATTAMBI', 'RASHEED AHAMMED', 'Sudevan', 'Vijesh Thottingal']",['Malayalam'],"['ManoramaMax', 'ManoramaMAX Amazon Channel']",0.0,0,0.6352,108,https://image.tmdb.org/t/p/w500/5ldOa2CN0wBKnSpTi6jocdiK94Y.jpg
1071249,Valatty,2023-07-21,"Tomy and Amalu are forced to elope when she gets pregnant, against their owners' wishes. As they leave home, they form a friendship with Kari after they are adopted by his owner. But then an agent of an animal testing center captures Amalu. Tomy and Kari must now find and rescue Amalu.","['Adventure', 'Comedy', 'Drama']",[],"['Roshan Mathew', 'Raveena Ravi', 'Mahima Nambiar', 'Vijay Babu', 'Rohini']",['Devan Jayakumar'],['Devan Jayakumar'],['Malayalam'],['JioHotstar'],7.0,4,0.5543,113,https://image.tmdb.org/t/p/w500/6nJ0OUYwNR2jaPXlzPAA3WryiZr.jpg
1290221,Ebb,2025-12-13,"Adarsh and Maria, a married couple, appear to share the warmth and freedom of close friends. When Maria's male friend, Sidharth, grows more attached, it has a distinct impact on Adarsh. Subsequently, Adarsh finds himself disturbed and distressed. 'Ebb' delves into the ways love, emotions and their various nuances influence both women and men.",[],[],"['Jeo Baby', 'Divya Prabha', 'Jitin Puthanchery']",['Jeo Baby'],['Jeo Baby'],['Malayalam'],[],0.0,0,0.7885,75,https://image.tmdb.org/t/p/w500/lunZ6DMeytpuvC2LfxOWxZXCrGL.jpg
1310779,Maine Pyar Kiya,2025-08-29,"Searching for Nidhi in Madurai's streets, Aryan faces mounting danger and tension at every turn. Time runs short as he navigates growing chaos to stay alive.","['Romance', 'Action', 'Drama', 'Comedy']",[],"['Hridhu Haroon', 'Preity Mukhundhan', 'Askar Ali', 'Midhun Midhutty', 'Jeo Baby']",['Faizal Faziludeen'],"['Blk Fzl', 'Faizal Faziludeen']",['Malayalam'],"['Amazon Prime Video', 'Sun Nxt', 'ManoramaMax', 'Lionsgate Play', 'Lionsgate Play Apple TV Channel', 'Lionsgate Play Amazon Channel', 'ManoramaMAX Amazon Channel', 'Amazon Prime Video with Ads']",5.5,4,0.6774,147,https://image.tmdb.org/t/p/w500/2eU8iygSmd7gY6K3TGVx2w3SPFh.jpg
1193074,Abhilasham,2025-03-29,"Two childhood friends, separated by time and unspoken feelings, reunite in their hometown. Abhilash sees a second chance with Sherin but as they reconnect, the weight of the past threatens to overshadow their present.","['Romance', 'Drama']",[],"['Saiju Kurup', 'Tanvi Ram', 'Arjun Ashokan', 'Navas Vallikkunnu', 'Binu Pappu']",['Shamzu Zayba'],['Jenith Kachappilly'],['Malayalam'],"['Amazon Prime Video', 'ManoramaMax', 'ManoramaMAX Amazon Channel', 'Amazon Prime Video with Ads']",5.5,2,0.6532,118,https://image.tmdb.org/t/p/w500/oqBRxQ4Np5iBLLPikpqAqBI61Xw.jpg
1060908,Narayaneente Moonnaanmakkal,2025-01-23,"Three distanced, discordant brothers strive to put aside their differences as they reunite after decades at their ancestral home to give their dying mother a peaceful send off, but soon are at loggerheads as the house brings up painful memories of their tumultuous past.",['Drama'],[],"['Alencier Ley Lopez', 'Joju George', 'Suraj Venjaramoodu', 'Shelly Kishore', 'Garggi Ananthan']",['Sharan Venugopal'],['Sharan Venugopal'],['Malayalam'],[],4.8,5,0.5955,111,https://image.tmdb.org/t/p/w500/6LQXHLZz9bvoW3YWqDhcF3s12XD.jpg
1375987,Faces,2026-03-06,,['Thriller'],[],"['Kalesh Ramanand', 'Hannah Reji Koshy', 'Jaya Kurup', 'Sarayu Mohan', 'Mareena Michael']",['Neelesh E K'],"['Neelesh E K', 'Suman Sudharsanan']",['Malayalam'],[],0.0,0,0.6802,0,https://image.tmdb.org/t/p/w500/ivxAwfGN50pRLAueIrjuMaMuhdx.jpg
866439,Vaashi,2022-06-17,"Ebin Mathew, a budding lawyer ambitiously joins hands with his advocate friend Madhavi Mohan, to share a new office space in order for them to start their independent careers. Their relationship gets strained when they land on opposite ends of a case.","['Drama', 'Thriller']",[],"['Tovino Thomas', 'Keerthy Suresh', 'Kottayam Ramesh', 'Nandhu', 'Baiju Santhosh']",['Vishnu Raghav'],"['Vishnu Raghav', 'Janiz Chacko Simon']",['Malayalam'],['Netflix'],5.938,16,0.8518,123,https://image.tmdb.org/t/p/w500/n1pDcXST1I137DcUjWUv1Ar13TW.jpg
479289,Udaharanam Sujatha,2017-09-28,"Sujatha, mother of a teenaged girl, nurses a dream to educate her daughter by doing multiple jobs at houses and factories. However, her daughter Athira doesn't take education seriously, believing that being the off spring of a domestic help, she too will end up the same. A dismayed Sujatha is on the lookout for ways to rouse Athira's competitive spirit.","['Drama', 'Family']","['parent child relationship', 'remake', 'value of education']","['Manju Warrier', 'Anaswara Rajan', 'Nedumudi Venu', 'Swaraj Gramika', 'Joju George']",['Phantom Praveen'],"['Phantom Praveen', 'Naveen Bhaskar']",['Malayalam'],[],7.1,13,0.8045,126,https://image.tmdb.org/t/p/w500/yg9HBY2spEsLQSt8jdi8u5k6X8A.jpg
332830,Oru Vadakkan Selfie,2015-03-27,"Umesh, a loafer, leaves his home town and goes to Chennai to become a film-maker when his father asks him to manage their grocery store. A selfie that he takes in Chennai changes his life forever.","['Comedy', 'Drama']","['detective', 'travel', 'hacking', 'blogger', 'online chat']","['Nivin Pauly', 'Manjima Mohan', 'Vineeth Sreenivasan', 'Aju Varghese', 'Neeraj Madhav']",['G. Prajith'],['Vineeth Sreenivasan'],"['Malayalam', 'Tamil']",['VI movies and tv'],6.4,36,0.5935,143,https://image.tmdb.org/t/p/w500/jkVR9ufZELPcgWViPGJ6D0Y5ss8.jpg
1046183,I Am Kathalan,2024-11-07,"How many servers would you hack for love? What started as a silly attempt to win back his girlfriend turns into a dangerous game of revenge for Vishnu, risking everything he cherishes.","['Thriller', 'Drama']","['hacker', 'romantic thriller', 'vengeful lover']","['Naslen K. Gafoor', 'Anishma Anilkumar', 'Dileesh Pothan', 'Lijomol Jose', 'Vineeth Vasudevan']",['Girish A. D.'],['Sajin Cherukayil'],['Malayalam'],"['ManoramaMax', 'ManoramaMAX Amazon Channel']",6.2,14,0.6292,111,https://image.tmdb.org/t/p/w500/9BmQI8BstBeTXAs09uldXiuRZQw.jpg
627304,Barroz: Guardian of Treasures,2024-12-25,"Barroz has been protecting D' Gama's treasure for 400 years and has been entrusted to hand over the treasure to a true descendant of D' Gama. One day, a boy comes in search of Barroz, claiming that he is a descendant of Vasco da Gama. Barroz sets on a journey to find out the boy's true ancestors and history.","['Action', 'Adventure', 'Fantasy', 'Thriller']",[],"['Mohanlal', 'Maya Rao West', 'Rafael Amargo', 'Tuhin Menon', 'Sara Vega']",['Mohanlal'],['Jijo Punnoose'],"['Malayalam', 'Portuguese', 'Tamil', 'Telugu']",[],1.7,6,0.7838,154,https://image.tmdb.org/t/p/w500/uv0MQn1EYH9qK7bO8jZG0Cu8R4P.jpg
432583,Jomonte Suvisheshangal,2017-01-19,"A wayward youth of a rich father, Jomon is a carefree youngster who doesn’t care about ‘being responsible enough’ for his age. When the family lands in a financial soup out of the blue, a different side of the youngster surprisingly emerges. ​","['Comedy', 'Drama', 'Family']","['businessman', 'parent child relationship', 'motorcycle', 'financial problem', 'carefree', 'textile company', ""men's wear store""]","['Dulquer Salmaan', 'Mukesh', 'Aishwarya Rajesh', 'Innocent', 'Jacob Gregory']",['Sathyan Anthikad'],['Iqbal Kuttippuram'],"['Malayalam', 'Tamil']","['ManoramaMax', 'VI movies and tv', 'ManoramaMAX Amazon Channel']",6.4,39,0.6745,157,https://image.tmdb.org/t/p/w500/bGGYarM9KGD61F7Rmdioz6TJOuk.jpg
278193,Detective Ujjwalan,2025-05-23,"In the village of Plaachikkaavu, a local detective, Ujjwalan, must outsmart a mysterious figure in a deadly battle of wits, where his skills are put to the ultimate test.","['Mystery', 'Crime']",['weekend cinematic universe (wcu)'],"['Dhyan Sreenivasan', 'Siju Wilson', 'Ameen', 'Nihal Nizam', 'Nibraz Noushad']","['Indraneel GK', 'Rahul G']","['Rahul G', 'Indraneel GK']",['Malayalam'],"['Netflix', 'Amazon Prime Video', 'Lionsgate Play', 'Lionsgate Play Apple TV Channel', 'Lionsgate Play Amazon Channel', 'Amazon Prime Video with Ads']",5.611,18,0.6365,124,https://image.tmdb.org/t/p/w500/rVCNbMW2bmbPE2XaUMUsnA9YgAh.jpg
324496,Picket 43,2015-01-23,"While guarding an Indian picket in Kashmir, Hareendranath meets Mushraff, a Pakistani soldier. Later, the two form an unlikely bond of friendship and confide in each other their deepest feelings.","['Action', 'Drama', 'War']","['friendship', 'dog', 'indian army']","['Prithviraj Sukumaran', 'Javed Jaffrey', 'Renji Panicker', 'Sudheer Karamana', 'Meghanathan']",['Major Ravi'],['Major Ravi'],"['Hindi', 'English', 'Malayalam']",['Sun Nxt'],6.2,15,0.6353,135,https://image.tmdb.org/t/p/w500/eCWCbFwj0YkXpdsHf7xA0LEp2d9.jpg
1164370,Neru,2023-12-21,"'Neru' is an enthralling legal and emotional drama that delves into the life of Sara, a blind sculpture artist on a quest for justice following a harrowing incident.  Against the backdrop of the Indian legal system, this gripping story takes viewers through a rollercoaster of emotions, unveiling layers of deceit and ultimately exploring themes of redemption.","['Drama', 'Thriller']","['blind artist', 'rape trial']","['Mohanlal', 'Priyamani', 'Anaswara Rajan', 'Siddique', 'K. B. Ganesh Kumar']",['Jeethu Joseph'],"['Santhi Mayadevi', 'Jeethu Joseph']",['Malayalam'],['VI movies and tv'],7.2,39,0.7996,152,https://image.tmdb.org/t/p/w500/ktzJcMp4J1XssMgpZoQp0aFSrpC.jpg
842275,Bro Daddy,2022-01-26,"John Kattady and his wife Annamma think about marrying off their son Eesho to Anna, who is the daughter of their long-time family friend Kurien. Eesho and Anna don’t act too impressed with each other, despite their parents’ interest in the alliance. Little do the families know what is going on behind the curtains in their lives.","['Family', 'Drama', 'Comedy']",[],"['Mohanlal', 'Prithviraj Sukumaran', 'Kalyani Priyadarshan', 'Meena', 'Lalu Alex']",['Prithviraj Sukumaran'],"['Sreejith N', 'Bibin Maliekal']","['Kannada', 'Malayalam', 'Tamil']",['JioHotstar'],6.417,30,0.6995,159,https://image.tmdb.org/t/p/w500/io8nwO6t74YVnRHWBaAQQdzMftI.jpg
1076497,Journey of Love 18+,2023-07-07,"Akhil and Athira, two youngsters who are deeply in love, and the implications their love has in the lives of their families and the society around them.","['Comedy', 'Drama', 'Romance']",[],"['Naslen K. Gafoor', 'Meenakshi Dinesh', 'Mathew Thomas', 'Nikhila Vimal', 'Binu Pappu']",['Arun D Jose'],"['Raveesh Nath', 'Arun D Jose']",['Malayalam'],"['Sony Liv', 'VI movies and tv']",6.2,12,0.6445,123,https://image.tmdb.org/t/p/w500/ncSNPsoB67lkkbJpbPP3RMRmUTq.jpg
1132943,Sureshanteyum Sumalathayudeyum Hrudayahariyaya Pranayakadha,2024-05-16,"Across three different time periods, a man stages a play to win the heart of his infatuation, Sumalatha, only to face disapproval from her father.","['Comedy', 'Fantasy']",['spin off'],"['Rajesh Madhavan', 'Chithra Nair', 'Sudheesh', 'Saranya R Nair', 'Jinu Joseph']",['Ratheesh Balakrishnan Poduval'],['Ratheesh Balakrishnan Poduval'],['Malayalam'],[],0.0,0,1.4122,138,https://image.tmdb.org/t/p/w500/bBpIvcapUYso04tcCbonZOn8dnz.jpg
887960,Mike,2022-08-19,"Sarah, a free spirited young girl looking to surgically reassign her gender and Antony, a once exuberant but now a dejected and dispirited young man. What will happen when they meet?","['Romance', 'Drama']","['tomboy', 'gender reassignment']","['Anaswara Rajan', 'Ranjith Sajeev', 'Jinu Joseph', 'Sini Abraham', 'Abhiram Radhakrishnan']",['Vishnu Sivaprasad'],['Aashiq Akbar Ali'],['Malayalam'],"['Amazon Prime Video', 'ManoramaMax', 'VI movies and tv', 'ManoramaMAX Amazon Channel', 'Amazon Prime Video with Ads']",5.4,5,0.5675,108,https://image.tmdb.org/t/p/w500/w17rBgFEONsX3j5XAKqQBunRX30.jpg
1290709,Meesha,2025-08-01,"A forest guard, Midhun, invites his old friends to a reunion in the woods. What starts as a warm get-together slowly turns into a night of tension, betrayal, and survival, as secrets unravel and friendships crack under pressure.",['Drama'],[],"['Kathir', 'Shine Tom Chacko', 'Hakkim Shajahan', 'Sudhi Koppa', 'Srikant Murali']",['Emcy Joseph'],['Emcy Joseph'],['Malayalam'],"['Amazon Prime Video', 'Sun Nxt', 'ManoramaMax', 'aha', 'ManoramaMAX Amazon Channel', 'Amazon Prime Video with Ads']",5.3,3,0.5783,132,https://image.tmdb.org/t/p/w500/1SzqFfA4YSpUECHBntbz44NQj6A.jpg
1179389,Vivekanandan Viralanu,2024-01-19,A seemingly normal person's dual life is upended when he becomes infamous overnight. He struggles to reconcile his new public persona with his true self.,['Drama'],[],"['Shine Tom Chacko', 'Grace Antony', 'Swasika', 'Mareena Michael', 'Johny Antony']",['Kamal'],['Kamal'],"['Malayalam', 'Telugu']","['Amazon Prime Video', 'Amazon Prime Video with Ads']",3.167,6,0.557,121,https://image.tmdb.org/t/p/w500/A7NDEc22p7mysitCzXVrlVxMHja.jpg
976121,Romancham,2023-02-03,"Set in 2007, in the outskirts of Bengaluru, A game of Ouija board goes hilariously wrong when seven bachelors unexpectedly invite a spirit and try to make the best out of the situation.","['Horror', 'Comedy']",[],"['Soubin Shahir', 'Sajin Gopu', 'Abin Bino', 'Afzal P H', 'Siju Sunny']",['Jithu Madhavan'],['Jithu Madhavan'],['Malayalam'],['JioHotstar'],7.3,50,0.5623,132,https://image.tmdb.org/t/p/w500/9p8ux2AGYn3U2mEAbKmizAh6PL1.jpg
1182487,Sahasam,2025-08-08,"A man betrays his partner and disappears with money stolen from a cartel. Later, when the loot is invested in cryptocurrency, it becomes inaccessible due to a lost password.","['Action', 'Comedy']",[],"['Narain', 'Babu Antony', 'Gouri G Kishan', 'Ramzan Muhammed', 'Shabareesh Varma']",['Bibin Krishna'],['Bibin Krishna'],['Malayalam'],"['Amazon Prime Video', 'ManoramaMAX Amazon Channel', 'Amazon Prime Video with Ads']",5.8,4,0.5851,144,https://image.tmdb.org/t/p/w500/nW2F8OAO3cTBsbvPhhd1YC0OAcw.jpg
569118,CBI 5: The Brain,2022-05-01,"Series of bucket-killing murders happening in the city. Failure to resolve by police, a team of CBI Officers under CBI officer Sethurama Iyer take up the investigation to resolve the never experienced mystery.","['Crime', 'Thriller']",[],"['Mammootty', 'Mukesh', 'Jagathy Sreekumar', 'Saikumar', 'Renji Panicker']",['K. Madhu'],['S. N. Swamy'],['Malayalam'],['Netflix'],4.5,16,0.6513,163,https://image.tmdb.org/t/p/w500/9qkqJEaYE3HejmOiV9aZckwHJ6f.jpg
464403,Ramaleela,2017-09-28,"Ramanunni, who was the MLA of revolutionary party CDP, crosses over to the opposition as their candidate for the by-election. He procures a revolver and when one of his arch-enemies is gunned down, Ramanunni becomes the suspect. The protagonist's attempt to wriggle out of the wrangle forms the rest of the plot.",['Thriller'],"['gun', 'politician', 'hidden camera', 'revenge', 'election', 'political thriller']","['Dileep', 'Kalabhavan Shajon', 'Radikaa Sarathkumar', 'Prayaga Martin', 'Vijayaraghavan']",['Arun Gopy'],['Sachy'],['Malayalam'],"['ManoramaMax', 'ManoramaMAX Amazon Channel']",6.7,22,0.6395,158,https://image.tmdb.org/t/p/w500/ghAltfDThT6Spbj6iQZlyO0KoAq.jpg
450047,Tiyaan,2017-07-07,"The lives of a vedic scholar Pattabhiramagiri and his family come under threat after a godman and his goons try to displace him from his centuries-old ancestral home as part of building an ashram. The “curse” that befalls Pattabhiraman in the face of opposition leaves him broken, till a mysterious ally lends him his support. Their fight against the evil forces forms the rest of the plot.",['Drama'],[],"['Indrajith Sukumaran', 'Prithviraj Sukumaran', 'Murali Gopy', 'Suraj Venjaramoodu', 'Ananya']",['Jiyen Krishnakumar'],['Murali Gopy'],"['Hindi', 'Malayalam']",['Sun Nxt'],5.5,17,0.7044,168,https://image.tmdb.org/t/p/w500/zI54MejpifV0pzVcFYBGtGtrMUX.jpg
947036,Sukhamano Sukhamanu,2026-02-13,"Theo, an ambulance driver stigmatized by his town, begins seeing visions of deceased people he transports. His troubled mind, shaped by childhood loss, creates these apparitions as emotional substitutes for connection.","['Drama', 'Fantasy', 'Comedy']",[],"['Mathew Thomas', 'Devika Sanjay', 'Jagadish', 'Manikuttan', 'Spadikam George']",['Arunlal Ramachandran'],['Arunlal Ramachandran'],['Malayalam'],[],0.0,0,0.4429,107,https://image.tmdb.org/t/p/w500/7kPUvSFAz95BDs2Wdsz4JLafaIN.jpg
712320,Varthamanam,2021-03-12,Faiza Sufiya has come to a Delhi-based campus for her doctorate. But her secular ideology is constantly in conflict with the fascist political temperament prevailing in the university.,['Drama'],[],"['Parvathy Thiruvothu', 'Roshan Mathew', 'Himanshu Dhankhar', 'Siddique', 'Adya Aurora']",['Sidhartha Siva'],['Aryadan Shaukath'],['Malayalam'],[],5.7,3,0.5556,122,https://image.tmdb.org/t/p/w500/xWUtB4eiILKQvTqZ1E73AePvlFS.jpg
893591,Nadikar,2024-05-03,Follows the life of superstar David Padikkal. David is a good actor but there comes a point in his life when he is forced to look inward to locate his real character.,"['Comedy', 'Drama']",[],"['Tovino Thomas', 'Soubin Shahir', 'Bhavana', 'Balu Varghese', 'Suresh Krishna']",['Lal Jr.'],['Suvin S. Somasekharan'],['Malayalam'],"['Amazon Prime Video', 'Lionsgate Play', 'Lionsgate Play Apple TV Channel', 'Lionsgate Play Amazon Channel', 'Amazon Prime Video with Ads']",2.0,3,0.7532,142,https://image.tmdb.org/t/p/w500/oNa0qMQ8KoVZweIz40wQtXBG00z.jpg
458741,Mayaanadhi,2017-12-22,"A shady money deal goes wrong and in the aftermath Mathan  ends up killing a police officer. Meanwhile in Kochi, his old flame Aparna  an aspiring actress is struggling to prop up her career. Mathan meets up with Aparna and tries to rekindle the past, even as the police hunt for him gets intense.","['Drama', 'Romance']","['murder', 'relationship', 'accidental death']","['Tovino Thomas', 'Aishwarya Lekshmi', 'Ilavarasu', 'Jayakumar', 'Harish Uthaman']",['Aashiq Abu'],"['Dileesh Nair', 'Syam Pushkaran']","['Malayalam', 'Tamil']","['Sun Nxt', 'aha', 'VI movies and tv']",7.6,44,0.4787,135,https://image.tmdb.org/t/p/w500/mNxAgWdHPWOAUVcI4kEuXvpo97j.jpg
847726,12th Man,2022-05-20,"A group of 11 friends go away to a resort for a weekend bachelor party, but the day ends in a death.","['Thriller', 'Mystery', 'Crime']",[],"['Mohanlal', 'Unni Mukundan', 'Saiju Kurup', 'Anusree Nair', 'Anu Sithara']",['Jeethu Joseph'],['K R Krishna Kumar'],['Malayalam'],['JioHotstar'],5.714,28,0.6323,163,https://image.tmdb.org/t/p/w500/lkQWgiNeum4oDO9ZIEK4MaQGPnG.jpg
866440,2018,2023-05-05,A disaster film set during the 2018 Kerala Floods where people from all walks of life faced catastrophic consequences and put in collective efforts to survive the calamity.,"['Thriller', 'Action', 'Adventure']",['kerala flood'],"['Tovino Thomas', 'Kunchacko Boban', 'Narain', 'Asif Ali', 'Lal']",['Jude Anthany Joseph'],['Jude Anthany Joseph'],['Malayalam'],"['Sony Liv', 'VI movies and tv']",7.5,47,0.6817,150,https://image.tmdb.org/t/p/w500/uz9qc6lNGyqS2xvuXUfpJh2eP6b.jpg
494480,Aadu 2,2017-12-22,"Shaji Pappan and his group of misfits take part in another tug-of-war contest to win the golden cup. But along the way they unwittingly get drawn into a deal gone wrong, which involves dangerous smugglers.",['Comedy'],"['sequel', 'demonetisation']","['Jayasurya', 'Vinayakan', 'Sunny Wayne', 'Vijay Babu', 'Saiju Kurup']",['Midhun Manuel Thomas'],['Midhun Manuel Thomas'],['Malayalam'],[],6.7,24,0.6444,152,https://image.tmdb.org/t/p/w500/7BaWavd7FuqhitS8nqBoASgQKWC.jpg
422892,Munthirivallikal Thalirkkumbol,2017-01-20,Panchayat Secretary Ullahanan leads a monotonous life till a college reunion rekindles excitement in his 20-year-old marital life and infuses in him a renewed sense of purpose and love for everything that he once took for granted.,"['Comedy', 'Drama', 'Family']","['husband wife relationship', 'parent child relationship', 'ex-lover', 'extramarital affair', 'phone call', 'college reunion']","['Mohanlal', 'Meena', 'Aima Sebastian', 'Anoop Menon', 'Kalabhavan Shajon']",['Jibu Jacob'],"['M. Sindhuraj', 'V J James']",['Malayalam'],['Sun Nxt'],6.6,19,0.7156,154,https://image.tmdb.org/t/p/w500/ag2JyFicSRFGRfi7TCMK6kjI2HG.jpg
338927,Double Barrel,2015-08-28,"In Goa, two thugs, Pancho and Vinci, are approached by a crime boss, Don, with an offer to buy two precious stones, Laila and Majnu. However, these two end up initiating a gang war.","['Comedy', 'Drama', 'Thriller']","['sniper', 'kung fu', 'diamond', 'gun', 'gang', 'wedding']","['Prithviraj Sukumaran', 'Indrajith Sukumaran', 'Arya', 'Isha Sharvani', 'Swathi Reddy']",['Lijo Jose Pellissery'],['Lijo Jose Pellissery'],"['English', 'Malayalam']",['Sun Nxt'],5.5,26,0.6335,150,https://image.tmdb.org/t/p/w500/vZaEYzxx7JEZ3lzED1EsHDUV7Wx.jpg
983219,Bazooka,2025-04-10,"A cop and a businessman team up on a mission to capture a serial killer, using a series of elaborate games to track him down.","['Action', 'Thriller', 'Crime']",[],"['Mammootty', 'Gautham Vasudev Menon', 'Shine Tom Chacko', 'Sidharth Bharathan', 'Gayathri Iyer']",['Deeno Dennis'],['Deeno Dennis'],['Malayalam'],[],4.0,3,0.7336,154,https://image.tmdb.org/t/p/w500/xVXDB8t3iso84UkYqLQN0DzfoXX.jpg
531730,Neeli,2018-08-11,"As Lakshmi learns to accept the setbacks and begins a new chapter in her life, her daughter, Thara goes missing. She embarks on a journey in search of her daughter and comes across four strangers - a paranormal investigator, a photographer, and two local thieves. The film is the mysterious tale of five strangers who come together to find a missing child.","['Horror', 'Mystery']",[],"['Mamta Mohandas', 'Anoop Menon', 'Zinil Zainuddin', 'Baburaj', 'S.P. Sreekumar']",['Althaf Rahman'],"['Riyas Marath', 'Muneer Mohammadunni']",['Malayalam'],[],6.0,1,0.6665,120,https://image.tmdb.org/t/p/w500/u7dkpTYGzeUMAcdGlu0QnSpdSjI.jpg
1632803,Karuthal,2026-02-06,"A jobless graduate torn between love, friendship, and responsibility sets out for a new life abroad, but a shocking tragedy brings him back home where he finds purpose, truth, and redemption.","['Drama', 'Family']",[],"['Prasant Murali', 'Sunil Sukhada', 'Sibi Thomas', 'Stephen Chettikkan', 'RJ Suraaj']",['Jomy Jose'],[],['Malayalam'],[],0.0,0,0.688,112,https://image.tmdb.org/t/p/w500/hAuSWfCpCCouLmVImRTv0S3xbgW.jpg
338694,Chandrettan Evideya,2015-05-01,"Sushama is upset when an astrologer tells her that her husband was in love with a dancer in his previous birth. Her worries turn real when he gets close to Geetanjali, a dancer.","['Comedy', 'Drama']","['dance', 'dreams', 'reincarnation', 'extramarital affair', 'astrology', 'phone']","['Dileep', 'Anusree Nair', 'Namitha Pramod', 'Ilhan Layiq', 'Chemban Vinod Jose']",['Sidharth Bharathan'],"['Santhosh Echikkanam', 'Santhosh Echikkanam']",['Malayalam'],"['Sun Nxt', 'VI movies and tv']",5.8,12,0.432,126,https://image.tmdb.org/t/p/w500/bcSilMpHdICH8My1psINUhYN3NO.jpg
331330,100 Days of Love,2015-03-20,"Despite their strained history as children, a columnist falls in love with his schoolmate when they meet after years. Just as he decides to win her heart, he learns that she is engaged to another man.","['Romance', 'Comedy']","['love at first sight', 'photography', 'reunion', 'train', 'wedding anniversary', 'childhood friends', 'old photograph']","['Dulquer Salmaan', 'Nithya Menen', 'Rahul Madhav', 'Sekhar Menon', 'Vineeth Radhakrishnan']",['Jenuse Mohamed'],['Jenuse Mohamed'],"['Kannada', 'Malayalam']",['Sun Nxt'],6.2,34,0.543,153,https://image.tmdb.org/t/p/w500/60jGGOP1xuj2P95mYva6lWgFUBr.jpg
1145807,Thundu,2024-02-16,"A constable aiming for a promotion unexpectedly encounters many problems. Facing the issues with humor and compassion, he works to overcome them.","['Comedy', 'Drama']",[],"['Biju Menon', 'Shine Tom Chacko', 'Abhiram Radhakrishnan', 'Raffi', 'Baiju Santhosh']",['Riyas Shereef'],"['Riyas Shereef', 'Riyas Shereef', 'Kannappa']",['Malayalam'],['Netflix'],5.0,6,0.5262,126,https://image.tmdb.org/t/p/w500/lAmO3qw7k4bARLVgIHJMNMEtnmT.jpg
1444032,Masthishka Maranam,2026-02-27,"Plunging into a virtual reminiscence challenge to assuage his sorrow, a heartbroken dad uncovers a shocking revelation about Frida Soman, his long-admired icon and globally beloved luminary.","['Science Fiction', 'Comedy', 'Thriller']",[],"['Rajisha Vijayan', 'Niranjan', 'Jagadish', 'Zhinz Shan', 'Nandhu']",['Krishand'],['Krishand'],['Malayalam'],['Netflix'],5.6,5,0.4351,147,https://image.tmdb.org/t/p/w500/vJrDoDEJzx6jF71dvocT3bgCzFB.jpg
1356796,Gumasthan,2024-09-27,"Cunning clerk exploits legal loopholes to murder wife, evading suspicion. As public and police close in, they race to outwit his intellect and unravel the mysteries shrouding his crime and home.","['Crime', 'Thriller']",[],"['Bibin George', 'Dileesh Pothan', 'Aathira Rajeev', 'Jaise Jose', 'Rony David Raj']",['Amal K Joby'],['Riyaz Ismath'],['Malayalam'],"['Amazon Prime Video', 'ManoramaMax', 'ManoramaMAX Amazon Channel', 'Amazon Prime Video with Ads']",3.5,2,0.5424,145,https://image.tmdb.org/t/p/w500/qa3YyhlnFyAg1z65AtPiCOV2Z0C.jpg
1029947,Kaathal - The Core,2023-11-23,"Mathew Devassy, a retired bank manager decides to enter local panchayat elections. Unexpectedly, his wife Omana, shocks everyone by filing for divorce, claiming that Mathew is gay.",['Drama'],"['aging', 'displacement', 'lgbt', 'closeted homosexual', 'gay theme', 'romantic drama']","['Mammootty', 'Jyothika', 'R. S. Panicker', 'Anagha Maya Ravi', 'Sudhi Kozhikode']",['Jeo Baby'],"['Adarsh Sukumaran', 'Paulson Skaria']",['Malayalam'],[],7.1,26,0.4965,112,https://image.tmdb.org/t/p/w500/uPtqA6uwGqL19gXjzSlmQ31XFn.jpg
457616,Achayans,2017-05-19,"Three cousins and their best friend leave for a road trip, hoping for one final hurrah before one of them gets married. Their path crosses with that of two girls who are on a getaway of their own. Their plans are derailed after a suspicious death. Who was the killer and why forms the plot.","['Thriller', 'Comedy']",['journey'],"['Prakash Raj', 'Jayaram', 'Unni Mukundan', 'Amala Paul', 'Anu Sithara']",['Kannan Thamarakkulam'],['Sethu'],['Malayalam'],[],4.9,8,0.6008,140,https://image.tmdb.org/t/p/w500/shRUYZQjDLYP2tl8KDpHALhpEDT.jpg
607158,Brother's Day,2019-09-06,"Rony, a cheerful catering worker's life takes a dark turn after crossing paths with a mysterious woman. What begins as a lighthearted story of friendship and family soon unravels into a tense confrontation with hidden pasts and dangerous secrets.","['Thriller', 'Family']",[],"['Prithviraj Sukumaran', 'Madonna Sebastian', 'Aishwarya Lekshmi', 'Prayaga Martin', 'Miya George']",['Kalabhavan Shajon'],['Kalabhavan Shajon'],['Malayalam'],"['Amazon Prime Video', 'Amazon Prime Video with Ads']",3.7,11,0.6085,164,https://image.tmdb.org/t/p/w500/9cjinyD87OGCFF7rt8pOr5i1ls6.jpg
753946,Nayattu,2021-04-08,"Three police officers are forced to go on the run when they get tangled in the death of a youth, a few days before the election.","['Thriller', 'Drama']",[],"['Kunchacko Boban', 'Joju George', 'Nimisha Sajayan', 'Jaffer Idukki', 'Yama Gilgamesh']",['Martin Prakkat'],['Shahi Kabir'],['Malayalam'],['Netflix'],7.488,42,0.5908,124,https://image.tmdb.org/t/p/w500/t1BC6XuqEGAAH0AAWXko0LUle1A.jpg
1439594,Chatha Pacha: The Ring of Rowdies,2026-01-22,"In the heart of Fort Kochi, three brothers and their crew of unlikely misfits stumble into the wild world of WWE-style costumed wrestling. What begins as a scrappy hustle soon explodes into a riot of masks, egos, and full-blown madness, all set against the backdrop of a city that never plays by the rules. But can their brotherhood survive when the real fight begins outside the ropes?","['Action', 'Drama']","['wrestling', 'action']","['Arjun Ashokan', 'Roshan Mathew', 'Vishak Nair', 'Ishan Shoukath', 'Carmen S Mathew']",['Adhvaith Nayar'],"['Sanoop Thykoodam', 'Adhvaith Nayar']",['Malayalam'],['Netflix'],5.688,8,0.5425,134,https://image.tmdb.org/t/p/w500/wYXy20uC7aW7ArJJDRWR5E8dDL1.jpg
803639,One,2021-03-26,"Story of Kadakkal Chandran, the Chief Minister of Kerala whose uncompromising attitude towards corruption and his dictatorial actions has gained him a lot of enemies. The events gets more intense when he faces an allegation.","['Drama', 'Thriller']",[],"['Mammootty', 'Murali Gopy', 'Mathew Thomas', 'Siddique', 'Joju George']",['Santhosh Viswanath'],"['Bobby', 'Sanjay']",['Malayalam'],['Netflix'],5.7,16,0.8163,151,https://image.tmdb.org/t/p/w500/A4ObXXllNPSo620iCFK321zxCEk.jpg
459725,Velipadinte Pusthakam,2017-08-31,Professor Mathew Idikkula who reformed the atmosphere of a college by developing a healthy relationship between teachers and students. The film reflects the goodness of the youth and the impact the students can have.,"['Comedy', 'Drama']","['professor', 'college']","['Mohanlal', 'Anna Reshma Rajan', 'Salim Kumar', 'Arun Kurian', 'Sarath Kumar']",['Lal Jose'],['Benny P. Nayarambalam'],['Malayalam'],[],4.3,10,0.6843,157,https://image.tmdb.org/t/p/w500/6peYTJgcDzkmOFE4wKiSXRFJyOU.jpg
428642,Ezra,2017-02-10,An urban couple Ranjan Mathew and Priya have just moved to Kochi when powers of the supernatural start to take over their lives. How they tide over the forces forms the story.​,"['Horror', 'Thriller']","['suicide', 'exorcism', 'possession', 'rabbi', 'revenge', 'orphan', 'pregnant wife', 'antiques shop', 'ghost', 'paranormal activity', 'nuclear waste', 'mental problems', 'dybbuk box']","['Prithviraj Sukumaran', 'Priya Anand', 'Sujith Sankar', 'Tovino Thomas', 'Vijayaraghavan']",['Jay K'],"['Jay K', 'Jay K']","['Hebrew', 'Malayalam']",[],6.0,43,0.4434,147,https://image.tmdb.org/t/p/w500/3uk6RGZWy9aGr8lnsAv3CV9l9TX.jpg
881099,Bhoothakaalam,2022-01-21,"Following the death of a family member, a mother and son experience mysterious events which distort their sense of reality and make them question their sanity.","['Thriller', 'Mystery', 'Horror']",[],"['Shane Nigam', 'Revathi', 'Saiju Kurup', 'James Eliya', 'Athira Patel']",['Rahul Sadasivan'],"['Rahul Sadasivan', 'Sreekumar Shreyas', 'Rahul Sadasivan']",['Malayalam'],['Sony Liv'],6.766,32,0.4466,105,https://image.tmdb.org/t/p/w500/8yF6A2dwzgHaR3XnO6jdhTsJ9Jp.jpg
735120,C U Soon,2020-09-01,"Jimmy meets Anu on an online dating website and decides to marry her. Jimmy's mother entrusts his cousin Kevin to get details about Anu. Now it's Kevin's turn to search for his cousin's fiancee who vanished without a trace, only to discover dark, shocking truths about her.","['Thriller', 'Mystery', 'Drama']","['computer', 'internet', 'dating', 'internet chat', 'found footage', 'online dating', 'shocking', 'screenlife', 'empathetic']","['Roshan Mathew', 'Darshana Rajendran', 'Fahadh Faasil', 'Maala Parvathi', 'Saiju Kurup']",['Mahesh Narayanan'],['Mahesh Narayanan'],"['English', 'Malayalam']","['Amazon Prime Video', 'Amazon Prime Video with Ads']",7.3,41,0.569,98,https://image.tmdb.org/t/p/w500/or5qouMAtv86TMeSgHpMGMWG4IN.jpg
627342,Big Brother,2020-01-16,"After getting released for serving a double life sentence, Sachidanandan returns to connect and live with his family until his past catches up to him, forcing him to protect his loved ones.","['Action', 'Thriller']",[],"['Mohanlal', 'Arbaaz Khan', 'Anoop Menon', 'Sarjano Khalid', 'Honey Rose']",['Siddique'],['Siddique'],['Malayalam'],"['Amazon Prime Video', 'Amazon Prime Video with Ads']",2.9,12,0.6381,162,https://image.tmdb.org/t/p/w500/e7E9mFsCwm6s5k0akviOIuVIKIU.jpg
411822,Once Again,2016-08-18,"After years spent living off the modest wealth of his in-laws, a man hatches a desperate plan that draws his respectable middle-class family into a vortex of crime.","['Crime', 'Drama']","['teacher', 'family', 'jobless']","['Dileep', 'Kavya Madhavan', 'Subodh Bhave', 'Nedumudi Venu', 'Srindaa']",['Adoor Gopalakrishnan'],['Adoor Gopalakrishnan'],['Malayalam'],['Zee5'],6.0,4,0.6627,122,https://image.tmdb.org/t/p/w500/uRJAC1KE86MXgpZaYXumcve237k.jpg
931132,Jaya Jaya Jaya Jaya Hey,2022-10-28,"Jayabharathi who was denied every simple joy in life while growing up just because she is a girl/woman is married to Rajesh, a male chauvinist, short-tempered and selfish person. On suffering domestic violence, she doesn't get any support. She then decides to fight back!","['Comedy', 'Drama', 'Family']",[],"['Darshana Rajendran', 'Basil Joseph', 'Aju Varghese', 'Azees Nedumangad', 'Sudheer Paravoor']",['Vipin Das'],"['Nashid Mohammad Famy', 'Vipin Das']",['Malayalam'],['JioHotstar'],6.969,32,0.5347,145,https://image.tmdb.org/t/p/w500/lAc6mHHJxmiAbkxrF0TipvRRZW7.jpg
757276,Naradan,2022-03-03,"Chandraprakash, a well-known TV news anchor, comes under undue pressure from his higher-ups to bring competitive exclusives, which urges him to leave the job. When a rival media group offers him a new job, he rebrands himself into a loud, tyrannical journalist, catering to those looking for news theatrics.","['Thriller', 'Drama']",[],"['Tovino Thomas', 'Anna Ben', 'Renji Panicker', 'Sharafudheen', 'Rajesh Madhavan']",['Aashiq Abu'],"['Unni R.', 'Unni R.']",['Malayalam'],"['Amazon Prime Video', 'Amazon Prime Video with Ads']",6.2,10,0.6553,150,https://image.tmdb.org/t/p/w500/pZ4fVh4NG18D4mbf0lJGoAzfT0E.jpg
1302696,Paathirathri,2025-10-17,"A strange incident during their routine night duty pulls SI Jancy and Hareesh into a dangerous investigation. As secrets unfold, they must face their fears and the choices that could define their futures.","['Thriller', 'Drama']",[],"['Navya Nair', 'Soubin Shahir', 'Sunny Wayne', 'Ann Augustine', 'Shabareesh Varma']",['Ratheena'],['Shaji Maarad'],['Malayalam'],['Zee5'],3.7,3,0.5327,124,https://image.tmdb.org/t/p/w500/utpxOviVGA0Qum2C4tTt0TTLTHz.jpg
900902,Nancy Rani,2025-06-18,"It follows the story of Nancy Rani, a girl with big dreams, one of which is becoming a movie star, but when she has the opportunity to become an actress, she experiences a big tragedy.",['Drama'],[],"['Ahaana Krishna', 'Arjun Ashokan', 'Lal', 'Aju Varghese', 'Sreenivasan']",['Joseph Manu James'],['Joseph Manu James'],['Malayalam'],[],3.0,1,0.5167,124,https://image.tmdb.org/t/p/w500/35U1sy1rVr6g7Mm47FNKuzNWQok.jpg
1199722,Get-Set Baby,2025-02-21,"A male gynecologist, once the sole man in his college class, works in a female-dominated field. He develops feelings for someone who initially dislikes him but slowly warms up, while facing career challenges.",['Drama'],[],"['Unni Mukundan', 'Nikhila Vimal', 'Meera Vasudevan', 'Punya Elizabeth Bose', 'Abhiram Radhakrishnan']",['Vinay Govind'],['Y. V. Rajesh'],['Malayalam'],[],0.0,0,0.528,136,https://image.tmdb.org/t/p/w500/uy4GiBEpilDCaAGPeF27HBImTOs.jpg
1593606,CHAKRAVYUH,2025-12-04,"A chef-in-disguise assassin from Japan and a Kerala cop converge on one colony, each pursuing the same target with their own motives.",['Action'],[],"['Orson Mochizuki', 'Vishnu Agasthya', 'Mishal Nelson', 'Arjun Kalari']",['Ramesh Menon'],['Ramesh Menon'],"['English', 'Malayalam']",[],0.0,0,0.5531,6,https://image.tmdb.org/t/p/w500/upHokiW8kDg7qJym86xN18HWwLB.jpg
792750,Operation Java,2021-02-12,"B. Tech graduates Antony and Vinay Dasan are talented, but unemployed. That changes, however, when they approach the cyber cell with a new perspective to a film piracy case.","['Thriller', 'Crime']",['operation java universe (opju)'],"['Balu Varghese', 'Lukman Avaran', 'Binu Pappu', 'Irshad', 'Shine Tom Chacko']",['Tharun Moorthy'],['Tharun Moorthy'],['Malayalam'],['Zee5'],6.958,24,0.4959,146,https://image.tmdb.org/t/p/w500/ku1gEhoJgFV2vWe2hBENqSKmLna.jpg
1251551,Pravinkoodu Shappu,2025-01-16,"On a rainy night, a toddy shop owner is found hanging after 11 people stayed inside playing cards in the closed shop. SI Santhosh investigates, uncovering secrets to find the killer.","['Thriller', 'Crime', 'Mystery']",['murder mystery'],"['Soubin Shahir', 'Basil Joseph', 'Chemban Vinod Jose', 'Chandini Sreedharan', 'Shivajith Padmanabhan']",['Sreeraj Sreenivasan'],['Sreeraj Sreenivasan'],['Malayalam'],['Sony Liv'],6.8,16,0.6999,146,https://image.tmdb.org/t/p/w500/19RY8hiPUklE2UrjQrUiSgyVO5f.jpg
1396851,Samshayam,2025-05-16,"One day, Vimala develops an unshakeable suspicion. Her husband Manojan's search for answers to her doubt leads him on a journey that could destroy everything he knows.",['Comedy'],[],"['Vinay Forrt', 'Sharafudheen', 'Lijomol Jose', 'Priyamvada Krishna', 'P. P. Kunhikrishnan']",['Rajesh Ravi'],['Rajesh Ravi'],['Malayalam'],[],5.5,4,0.4348,120,https://image.tmdb.org/t/p/w500/mWlKtZ7YIZS5yMTK6zwtR50mZQT.jpg
635233,Jack & Daniel,2019-11-15,"Jack, a thief who hoodwinks the system and steals black money, is chased by Daniel, a cop intent on catching him. This action thriller portrays a game of cat and mouse that will keep you on tenterhooks!","['Thriller', 'Action']",[],"['Dileep', 'Arjun Sarja', 'Anju Kurian', 'Innocent', 'Saiju Kurup']",['S.L Puram Jayasurya'],['S.L Puram Jayasurya'],['Malayalam'],"['Amazon Prime Video', 'Amazon Prime Video with Ads']",3.2,12,0.5948,156,https://image.tmdb.org/t/p/w500/tCad25r7nkbjLipOZMpJ1uxYWk0.jpg
1270908,The Pet Detective,2025-10-16,"A couple of amateur sleuths attempt to solve the mystery behind disappearing pets, but become embroiled in far more sinister crimes.","['Action', 'Comedy']",[],"['Sharafudheen', 'Anupama Parameswaran', 'Vinay Forrt', 'Muthukumar', 'Vinayakan']",['Praneesh Vijayan'],['Praneesh Vijayan'],['Malayalam'],[],3.5,6,0.4981,118,https://image.tmdb.org/t/p/w500/ydaAO8A9pIdtLN6K3hSAGVn08rH.jpg
803666,Salute,2022-01-14,"Committed and fiery, Sub Inspector Aravind Karunakaran is obliged to be part of an investigation where an innocent man Murali is deliberately being set up for the murder of a middle-aged couple. Fearing the consequences of revealing that they had deliberately framed Murali, the team refuses to investigate it further and let go of the man that they had arrested. Will they find the one responsible?","['Action', 'Crime', 'Thriller']",[],"['Dulquer Salmaan', 'Diana Penty', 'Manoj K Jayan', 'Lakshmi Gopalaswamy', 'Saniya Iyyappan']",['Rosshan Andrrews'],"['Bobby', 'Sanjay']",['Malayalam'],"['Sony Liv', 'VI movies and tv']",7.2,29,0.517,145,https://image.tmdb.org/t/p/w500/1rTESlmFExGj4YViSVo9QYIqr9x.jpg
512287,Suvarna Purushan,2018-04-20,"Set in the small town of Kerala, Irinjalakuda, Suvarnapurushan is about the ardent fans and loyal followers of the Malayalam superstar, Mohanlal. It revolves around a lady, the owner of the Mary Martha theatre and her struggles and fights with other theatre owners in the town to release Mohanlal's movie Pulimurugan in her theatre.",['Comedy'],['fan'],"['Innocent', 'Lenaa', 'Sreejith Ravi', 'Bijukuttan', 'Sasi Kalinga']",['Sunil Puveily'],['Sunil Puveily'],['Malayalam'],['VI movies and tv'],3.0,2,0.4806,106,https://image.tmdb.org/t/p/w500/ndUaP9VN638Qq8K9y1QMs3YV9hw.jpg
512295,Swathanthryam Ardharathriyil,2018-03-31,"Jacob, a manager at a big financial firm, finds himself behind bars when he tries to save the woman he loves from being involved in a criminal case. The only way for him to survive and to escape was to break out of prison. How he plans and executes the prison break forms the crux of the movie.","['Action', 'Thriller']","['robbery', 'prison cell', 'prison escape', 'police officer', 'tunnel']","['Antony Varghese', 'Vinayakan', 'Chemban Vinod Jose', 'Rajesh Sharma', 'Sinoj Varghese']",['Tinu Pappachan'],['Dileep Kurian'],['Malayalam'],[],7.1,19,0.5098,138,https://image.tmdb.org/t/p/w500/vnM2JLsWK87TtkweKvN2d9wAfdq.jpg
430259,Fukri,2017-02-10,"An engineering dropout who traps himself in one trouble or the other, meets a wonderful woman and her cousin who changes his life.","['Comedy', 'Family']","['fake identity', 'family relationships', 'engineering', 'drop-out', 'relationship', 'family']","['Jayasurya', 'Siddique', 'Lal', 'Anu Sithara', 'John Kaippallil']",['Siddique'],"['Siddique', 'Siddique']",['Malayalam'],[],4.4,8,0.4411,156,https://image.tmdb.org/t/p/w500/yHkYaRuuGYEvGbSeDW8yARkX3VP.jpg
626053,Mohabbathin Kunjabdulla,2019-08-23,"A 65-year-old man in search of his lady friend, whom he left behind in his hometown when he was 19 years old, discovers the different forms people's eternal longing for love takes and how it seeps into their daily lives.",['Drama'],[],"['Indrans', 'Balu Varghese', 'Nandana Varma', 'Renji Panicker', 'Sreejith Ravi']",['Shanu Samath'],"['Shanu Samath', 'Shanu Samath']",['Malayalam'],[],4.0,3,0.6272,134,https://image.tmdb.org/t/p/w500/re2Qqn1itXjCmHak3sdRcLK9HnA.jpg
504314,Sudani from Nigeria,2018-03-23,"When a soccer club manager brings one of his injured foreign players home to recuperate, they form an unlikely bond despite their cultural differences.","['Comedy', 'Drama', 'Family']","['friendship', 'sports', 'refugee', 'language barrier', 'nigeria', 'football (soccer)', 'family', 'accident']","['Soubin Shahir', 'Samuel Abiola Robinson', 'Savithri Sreedharan', 'Sarasa Balussery', 'K T C Abdullah']",['Zakariya Mohammed'],"['Zakariya Mohammed', 'Muhsin Parari', 'Zakariya Mohammed']","['English', 'Malayalam', 'Yoruba']","['Amazon Prime Video', 'Amazon Prime Video with Ads']",7.236,36,0.4454,123,https://image.tmdb.org/t/p/w500/53yLPoLX8c9nAGLfmnNdF01zrNc.jpg
594712,Uyare,2019-04-26,An aspiring pilot fights for her future -- and justice -- after surviving an acid attack from her abusive boyfriend.,['Drama'],['acid attack'],"['Parvathy Thiruvothu', 'Asif Ali', 'Tovino Thomas', 'Siddique', 'Anarkali Marikar']",['Manu Ashokan'],"['Bobby', 'Sanjay']",['Malayalam'],"['ManoramaMax', 'ManoramaMAX Amazon Channel']",7.4,47,0.6025,125,https://image.tmdb.org/t/p/w500/xwo3PIN8hipmCsySx76kaUtuXxH.jpg
388088,Jacob's Kingdom of Heaven,2016-04-08,"Jacob, a successful businessman, is settled in Dubai with his family. He is forced to flee to another country when he ends up with a huge debt as his friend betrays him.","['Drama', 'Family']","['parent child relationship', 'trap', 'dubai', 'jail', 'family', 'financial crisis', 'nri']","['Nivin Pauly', 'Renji Panicker', 'Lakshmi Ramakrishnan', 'Aima Sebastian', 'Sreenath Bhasi']",['Vineeth Sreenivasan'],['Vineeth Sreenivasan'],"['Arabic', 'English', 'Hindi', 'Malayalam', 'Tamil']","['ManoramaMax', 'VI movies and tv', 'ManoramaMAX Amazon Channel']",7.4,30,0.6782,145,https://image.tmdb.org/t/p/w500/hYOC2JTcVkXS0FYK3rbWpLsj8Ir.jpg
439613,Honey Bee 2: Celebrations,2017-03-23,Sebastian and Angela are all set to get married until their difference of opinions and cultural conflicts between the families threaten their union.,"['Adventure', 'Comedy']","['cheating', 'alcohol', 'parent child relationship', 'marriage', 'host family', 'food', 'relationship', 'pregnant woman', 'father son reunion', 'freienship']","['Asif Ali', 'Bhavana', 'Baburaj', 'Sreenath Bhasi', 'Balu Varghese']",['Lal Jr.'],['Lal Jr.'],['Malayalam'],"['Sun Nxt', 'ManoramaMAX Amazon Channel']",4.2,9,0.5759,128,https://image.tmdb.org/t/p/w500/cg5y8oK59jowUrnfMKOmge14eSA.jpg
339304,Oru Second Class Yathra,2015-05-08,Two Police Constables with a prisoner in search of an escaped prisoner while conveying from Kannur to Trivandrum.,"['Comedy', 'Thriller']","['sibling relationship', 'escape', 'stepfather', 'jail', 'train', 'police officer']","['Vineeth Sreenivasan', 'Chemban Vinod Jose', 'Sreejith Ravi', 'Joju George', 'Nedumudi Venu']","['Jexson Antony', 'Rejis Antony']","['Rejis Antony', 'Jexson Antony']",['Malayalam'],"['Sun Nxt', 'VI movies and tv']",5.8,4,0.4556,100,https://image.tmdb.org/t/p/w500/rqYltjtBSzY2sXWkw0UB2aRrroU.jpg
428658,The Great Father,2017-03-30,A businessman who is trying hard to be a good father to his daughter has a run-in with malevolent policeman.,"['Action', 'Crime', 'Mystery']","['child abuse', 'police', 'parent child relationship', 'gun', 'investigation', 'victim', 'serial killer', 'misogyny', 'serial rapist', 'stylish']","['Mammootty', 'Arya', 'Anikha Surendran', 'Sneha', 'Miya George']",['Haneef Adeni'],"['Haneef Adeni', 'Haneef Adeni']",['Malayalam'],"['Zee5', 'Sun Nxt', 'VI movies and tv']",6.1,31,0.4866,147,https://image.tmdb.org/t/p/w500/l9UroYNeIfNFdW1apIwOw4jYEUX.jpg
820854,Mahaveeryar,2022-07-21,"An 18th-century king suffers from an illness of persistent hiccups. Meanwhile, a godman accused of stealing a temple statue in the present day defends himself in a contemporary court, where the two tales meet to unravel a satirical take on society.","['Action', 'Comedy', 'Fantasy']",[],"['Nivin Pauly', 'Asif Ali', 'Shanvi Shrivastava', 'Lal', 'Siddique']",['Abrid Shine'],"['M Mukundan', 'Abrid Shine', 'M Mukundan']",['Malayalam'],"['Sun Nxt', 'VI movies and tv']",4.8,9,0.525,126,https://image.tmdb.org/t/p/w500/hbGaL2rnXkL7BnNyU2CxRcnYG3G.jpg
1578868,Sheshippu,2025-12-14,"A young ghostwriter finds his quiet life at a remote estate suddenly disrupted when he encounters a woman who has suffered a terrible ordeal. As they navigate the aftermath together, their shared experience creates an unexpected bond that challenges them both in profound ways. This atmospheric character drama explores how two strangers, brought together by circumstance, discover strength and connection in the face of life's darkest moments.","['Drama', 'Thriller']",[],"['Meenakshi Jayan', 'Rashid Rahman']","['Sreejith S Kumar', 'Gritto Vincent']","['Sreejith S Kumar', 'Gritto Vincent']",['Malayalam'],['Sun Nxt'],0.0,0,0.6234,84,https://image.tmdb.org/t/p/w500/nHzF7u07vUL9nLa1VSH7uUVnHl1.jpg
564704,Jallikattu,2019-10-04,An escaped buffalo triggers a frenzy of ecstatic violence in a remote village.,"['Action', 'Thriller', 'Crime']",[],"['Antony Varghese', 'Chemban Vinod Jose', 'Sabumon Abdusamad', 'Santhy Balachandran', 'Jaffer Idukki']",['Lijo Jose Pellissery'],"['R. Jayakumar', 'S. Hareesh', 'S. Hareesh']",['Malayalam'],['aha'],6.706,90,0.597,95,https://image.tmdb.org/t/p/w500/8pEsTp9bS6yjr9P9K43vPP8mw1v.jpg
872659,Ayisha,2023-01-20,"Ayisha, migrates to the gulf as a domestic worker to an elite Arab family. slowly learns all the palace etiquettes. Interesting courses of events lead to the bloom of a beautiful bond between mama and ayisha","['Drama', 'Family']",[],"['Manju Warrier', 'Radhika', 'Krishna Shankar', 'Shamsudheen Mankarathodi', 'Fathimath Latheefa']",['Aamir Pallikkal'],['Ashif Kakkodi'],"['Arabic', 'Malayalam']","['Amazon Prime Video', 'ManoramaMax', 'ManoramaMAX Amazon Channel', 'Amazon Prime Video with Ads']",2.2,4,0.6182,153,https://image.tmdb.org/t/p/w500/3LQ8HwPAl3JpaqKSnVFgtbTxzhj.jpg
1228693,Mura,2024-11-08,"In Trivandrum, four inseperable friends, from raw, rustic background Anandhu, Saji, Manu, and Manaf plan the ultimate heist, their one shot at turning dreams into reality. But as they dive deeper, shadows from the past surface, unraveling hidden motives and testing loyalties in ways they never saw coming. When friendship clashes with ambition, how far will they go for revenge?","['Action', 'Thriller']",['disgusted'],"['Suraj Venjaramoodu', 'Hridhu Haroon', 'Maala Parvathi', 'Kani Kusruti', 'Kannan Nayar']",['Muhammad Musthafa'],['Suresh Babu'],['Malayalam'],"['Amazon Prime Video', 'Sun Nxt', 'Amazon Prime Video with Ads']",5.2,6,0.4473,129,https://image.tmdb.org/t/p/w500/7UOVrVNUK1fYqOVcapM0cJz1l8A.jpg
381374,Action Hero Biju,2016-02-04,"Biju is an honest policeman who fights the injustice head-on. In his pursuit to keep things under control and clean, he encounters a series of events and cases which test his authority, honesty and integrity. With a week to his wedding, what ensues is a heartfelt story of a cop sans the cinematic hype.","['Action', 'Comedy', 'Crime']","['police', 'suicide attempt', 'robber', 'illegal drugs', 'dog attack', 'real life']","['Nivin Pauly', 'Joju George', 'Saiju Kurup', 'Major Ravi', 'Anu Emmanuel']",['Abrid Shine'],"['Muhammed Shafeekh', 'Abrid Shine']",['Malayalam'],['VI movies and tv'],7.4,44,0.4393,144,https://image.tmdb.org/t/p/w500/nQFi62nYw8CISzV0US6sb7v324v.jpg
431001,Popcorn,2016-08-26,Kinder comes in search of his love to Kerala from his hometown. He comes across Joy and they jointly try to track the lady. He meets Sharon who is in pursuit of her absconding boyfriend and she offers him wealth if he assists her.,"['Adventure', 'Comedy']",['searching for love'],"['Shine Tom Chacko', 'Srindaa', 'Soubin Shahir', 'Sudheer Karamana', 'Bhagath Manuel']",['Aneesh Upasana'],"['Shani Khader', 'Shani Khader']",['Malayalam'],[],4.5,1,0.464,133,https://image.tmdb.org/t/p/w500/6FLIaTdJJnXgdCnXlG99IccicIg.jpg
428741,1971: Beyond Borders,2017-04-07,"Set against the backdrop of 1971 Indo-Pak war, the movie is inspired by real incidents and the protagonists are inspired by Param Vir Chakra recipients. The movie shows what consequences of war are on the lives of soldiers on either side of the border.","['Drama', 'War']","['rescue', 'friendship', 'letter', 'tank', 'relationship', 'united nations', 'family', 'gun fight', 'india pakistan war']","['Mohanlal', 'Arunoday Singh', 'Allu Sirish', 'Renji Panicker', 'Sudheer Karamana']",['Major Ravi'],['Major Ravi'],"['Hindi', 'Malayalam']","['Amazon Prime Video', 'Amazon Prime Video with Ads']",6.0,9,0.4349,138,https://image.tmdb.org/t/p/w500/dwWlh5BCeu6u1nRTki3FAN2p1Ku.jpg
1404799,Mirage,2025-09-19,A woman joins forces with a journalist to investigate secrets her fiancé was keeping from her after she is informed he has died in a tragic train accident.,"['Mystery', 'Thriller']",[],"['Asif Ali', 'Aparna Balamurali', 'Sampath Raj', 'Hakkim Shajahan', 'Hannah Reji Koshy']",['Jeethu Joseph'],"['Srinivas Abrol', 'Jeethu Joseph', 'Aparna Tarakad']","['Malayalam', 'Tamil']",['Sony Liv'],4.8,6,0.4728,150,https://image.tmdb.org/t/p/w500/yLkc12tgINrE7KzSpjsFJnG0C6d.jpg
836066,Sara'S,2021-07-05,"A cheerful and fun-loving Sara working towards her dream of becoming a filmmaker meets Jeevan with whom she relates on various of her choices, especially the choice of not having a child. The movie is a light-hearted take on how society and family pressurize young couples in matters concerning relationships, marriage and pregnancy.","['Comedy', 'Drama']",[],"['Anna Ben', 'Sunny Wayne', 'Mallika Sukumaran', 'Benny P. Nayarambalam', 'Siddique']",['Jude Anthany Joseph'],['Akshay Hareesh'],['Malayalam'],"['ManoramaMax', 'VI movies and tv']",6.7,14,0.4378,118,https://image.tmdb.org/t/p/w500/aDhz5bws4rcYERPNJgyv6LaKmmR.jpg
1200214,Ennu Swantham Punyalan,2025-01-10,"Thomas, a reluctant priest is forced into ordination to fulfill his mother's vow. His peaceful existence at the church mansion is disrupted when a young woman, seeking refuge from her troubles, unexpectedly arrives. To complicate matters, a mischievous thief sneaks into the same room, setting the stage for a series of chaotic and humorous encounters. As the unlikely trio navigates misunderstandings and dilemmas, they uncover heartfelt connections and unexpected revelations in this entertaining tale of faith, humanity, and redemption.","['Fantasy', 'Comedy', 'Thriller']","['jewel thief', 'eloping couple', 'trio']","['Arjun Ashokan', 'Balu Varghese', 'Anaswara Rajan', 'Althaf Salim', 'Vineeth Vishwam']",['Mahesh Madhu'],"['Samji M  Antony', 'Samji M  Antony']",['Malayalam'],[],0.0,0,0.5385,127,https://image.tmdb.org/t/p/w500/w6pvJOS8aItPlig6lFEUQXPFy7w.jpg
877250,Voice of Sathyanathan,2023-07-14,A man is mistakenly suspected of being a threat to the President of India.,"['Comedy', 'Drama']",[],"['Dileep', 'Joju George', 'Veena Nandakumar', 'Makrand Deshpande', 'Alencier Ley Lopez']",['Raffi'],['Raffi'],['Malayalam'],"['ManoramaMax', 'ManoramaMAX Amazon Channel']",6.7,8,0.5616,135,https://image.tmdb.org/t/p/w500/rVGr7tD7j866GtZfV6IxTDxqzIe.jpg
851731,Kumari,2022-10-28,"Kumari is married off to Dhruvan of Kanjirangattu Tharavadu, a cursed land beyond Illmayi, in the west.  As Kumari finds her comfort zone in her new family which is heavy with mystery, myths and superstitions, she also realizes that the people over there are blinded by faith and sorcery,  ready to sacrifice their lives to preserve tradition, prosperity and peace.","['Thriller', 'Mystery', 'Horror', 'Drama']",[],"['Aishwarya Lekshmi', 'Shine Tom Chacko', 'Swasika', 'Surabhi Lakshmi', 'Rahul Madhav']",['Nirmal Sahadev'],"['Nirmal Sahadev', 'Fazal Hameed', 'Nirmal Sahadev']",['Malayalam'],[],6.4,17,0.5018,137,https://image.tmdb.org/t/p/w500/9nRd2JAPOngLX5PTyf8Bv4SCN70.jpg
834664,Anweshippin Kandethum,2024-02-09,A team of four expert policemen go through extreme trials and tribulations to find the killer of a young woman.,"['Crime', 'Thriller', 'Drama']",[],"['Tovino Thomas', 'Vineeth Thattil David', 'Siddique', 'Pramod Veliyanad', 'Indrans']",['Darwin Kuriakose'],['Jinu Abraham'],['Malayalam'],['Netflix'],6.7,34,0.7032,143,https://image.tmdb.org/t/p/w500/zjNKLsXCEEZCzT1ZiJScvqVxevA.jpg
339181,Chirakodinja Kinavukal,2015-05-01,"Sumathi, a village girl, falls in love with a tailor. But problems start brewing in their lives when her father does not approve of their relationship.",['Comedy'],"['woodcutter', 'romance', 'spoof', 'tailor']","['Sreenivasan', 'Kunchacko Boban', 'Rima Kallingal', 'Joy Mathew', 'Jacob Gregory']",['Santhosh Viswanath'],['Praveen S.'],['Malayalam'],['Sun Nxt'],7.0,12,0.6007,142,https://image.tmdb.org/t/p/w500/hwQWGl2Az7a8eeRWPqCuvzKCmps.jpg
834650,Aaha,2021-11-19,"After 'losing face' in a couple of key moments in life, Ani aims to set things right again by getting together a team and excelling in tug-of-war competitions.",['Drama'],[],"['Indrajith Sukumaran', 'Ashwin Kumar', 'Amith Chakalakkal', 'Manoj K Jayan', 'Santhy Balachandran']",['Bibin Paul Samuel'],['Tobit Chirayath'],['Malayalam'],"['Zee5', 'VI movies and tv']",6.8,4,0.4487,146,https://image.tmdb.org/t/p/w500/gfSEEcLI8BLPyvqvqtQq0OXPmsP.jpg
501606,Ranam,2018-09-06,"The story of the Indian immigrant community in Detroit, where a garage mechanic gets unwillingly involved in the criminal world as a getaway driver.",['Action'],"['gang war', 'migration']","['Prithviraj Sukumaran', 'Rahman', 'Isha Talwar', 'Nandhu', 'Shyamaprasad']",['Nirmal Sahadev'],['Nirmal Sahadev'],"['Tamil', 'English', 'Malayalam']",[],5.5,23,0.4289,142,https://image.tmdb.org/t/p/w500/6YcgI06tyOlmyShIqXQ3fTqedId.jpg
411279,Pretham,2016-08-12,Three happy-go-lucky friends run a coastal resort till a series of mysterious events leave them worried. The plot thickens when a mentalist named John Don Bosco enters the fray to investigate the possibility of a paranormal entity.,"['Comedy', 'Horror']","['camera', 'resort', 'ghost', 'mentalism', 'zumba']","['Jayasurya', 'Aju Varghese', 'Sharafudheen', 'Govind Padmasoorya', 'Shruti Ramachandran']",['Ranjith Sankar'],['Ranjith Sankar'],['Malayalam'],['Sun Nxt'],5.4,23,0.468,127,https://image.tmdb.org/t/p/w500/gzjXkR4nxfNz0AWCJgS7lZ49nlP.jpg
1596637,Ambalamukkile Visheshangal,2025-12-12,"In a Kerala village, jobless Pappu juggles clearing his academic backlogs, wooing his crush, and dealing with family troubles amid local mayhem",['Comedy'],[],"['Gokul Suresh', 'Ganapathi S. Poduval', 'Lal', 'Shaheen Siddique', 'Major Ravi']",['Jayaram Kailas'],['Umesh Krishnan'],['Malayalam'],"['Amazon Prime Video', 'ManoramaMAX Amazon Channel', 'Amazon Prime Video with Ads']",1.0,1,0.8062,105,https://image.tmdb.org/t/p/w500/5KVmdjKqJpPbERP7aVQN5V38bTG.jpg
1180620,Nunakkuzhi,2024-08-15,"Eby, an immature managing director desperately trying to retrieve his laptop from an income tax officer, finds himself caught in a web of deceit and his stupid decisions only lead him deeper into trouble.","['Crime', 'Comedy']",[],"['Basil Joseph', 'Grace Antony', 'Baiju Santhosh', 'Siddique', 'Manoj K Jayan']",['Jeethu Joseph'],['K R Krishna Kumar'],['Malayalam'],['VI movies and tv'],6.6,15,0.5495,125,https://image.tmdb.org/t/p/w500/yL0HgiyFCdzWljVQxa0DK1GDV3u.jpg
449342,Alamara,2017-03-16,Arun finally finds love in Swati after a long luckless search. They get married and soon their parents and their massive egos start interfering with their life. The problems worsen when a huge cupboard arrives as a gift from Swati's parents.,"['Comedy', 'Family']",[],"['Sunny Wayne', 'Aditi Ravi', 'Renji Panicker', 'Aju Varghese', 'Saiju Kurup']",['Midhun Manuel Thomas'],"['John Manthrickal', 'Mahesh Gopal']","['Kannada', 'Malayalam', 'Tamil']","['ManoramaMax', 'VI movies and tv', 'ManoramaMAX Amazon Channel']",5.1,13,0.4655,131,https://image.tmdb.org/t/p/w500/bIdu4ngJTZKCHKHT9z1JMzOCqax.jpg
1090566,Grrr..,2024-06-13,"Heartbroken and intoxicated, Rejimon stumbles into a lion's den at the zoo. Haridas, a guard, has to forcefully dive in to rescue him, earning media attention for the blunder.","['Comedy', 'Drama']",['zoo'],"['Kunchacko Boban', 'Suraj Venjaramoodu', 'Anagha', 'Shruti Ramachandran', 'Shobi Thilakan']",['Jay K'],['Jay K'],['Malayalam'],[],5.0,4,0.7787,119,https://image.tmdb.org/t/p/w500/f4GpEsQAc9LslfEmBlOwlChxpyx.jpg
665133,Malik,2021-07-15,"A past ridden with crime, death and pain is recounted to Freddy, a juvenile criminal, who has been assigned to eliminate his estranged uncle Sulaiman, an aging patriarch, while behind bars.","['Thriller', 'Drama', 'Action', 'Crime', 'Adventure']","['politics', 'gangster', 'based on true story', 'political corruption', 'communalism']","['Fahadh Faasil', 'Nimisha Sajayan', 'Vinay Forrt', 'Jalaja', 'Salim Kumar']",['Mahesh Narayanan'],"['Mahesh Narayanan', 'Mahesh Narayanan']",['Malayalam'],"['Amazon Prime Video', 'aha', 'Amazon Prime Video with Ads']",7.2,52,0.5585,161,https://image.tmdb.org/t/p/w500/kFBvlw5oiHghwqraQNhqpljsg91.jpg
860776,Bheemante Vazhi,2021-12-03,Bheeman realizes the inconvenience caused by an old pathway when he had to take his mother to the hospital. His life takes an interesting turn when he decides to broaden the pathway.,"['Comedy', 'Drama']",[],"['Kunchacko Boban', 'Chemban Vinod Jose', 'Jinu Joseph', 'Divya M. Nair', 'Nazeer Sankranthi']",['Ashraf Hamsa'],['Chemban Vinod Jose'],['Malayalam'],"['Amazon Prime Video', 'Amazon Prime Video with Ads']",6.1,12,0.4956,115,https://image.tmdb.org/t/p/w500/e1HCqkTmo7Wa8jRcBFhzv7RYlJr.jpg
1242850,Secret,2024-07-26,A man tries desperately to change his fate after an astrology reading predicts the death of his fiancé.,"['Thriller', 'Mystery', 'Drama']","['fate', 'astrology']","['Dhyan Sreenivasan', 'Aparna Das', 'Jacob Gregory', 'Kalesh Ramanand', 'Ardra Mohan']",['S. N. Swamy'],['S. N. Swamy'],['Malayalam'],[],2.0,3,0.5337,117,https://image.tmdb.org/t/p/w500/7saO2J2wvmM3eZu1OzgfMlaYzKr.jpg
1184247,Abraham Ozler,2024-01-11,"The story revolves around the personal and professional lives of veteran cop Abraham Ozler, ACP Trichur, who at one time has to take up a serial killing case and the mysterious hunt begins","['Thriller', 'Drama', 'Crime']",['medical crime'],"['Jayaram', 'Anaswara Rajan', 'Senthil Krishna Rajamani', 'Arya Salim', 'Mammootty']",['Midhun Manuel Thomas'],['Dr. Randheer Krishnan'],['Malayalam'],[],6.1,21,0.5286,144,https://image.tmdb.org/t/p/w500/mOdLQjAinpHz5U1P2TRBQsZAi98.jpg
1251970,Padakkalam,2025-05-08,Four nerdy comic book enthusiasts find themselves in an unexpected adventure when their school's charming new professor turns their academic world upside down with supernatural events.,"['Comedy', 'Fantasy']",[],"['Sharafudheen', 'Sandeep Pradeep', 'Suraj Venjaramoodu', 'Arun Pradeep', 'Arun Ajikumar']",['Manu Swaraj'],"['Manu Swaraj', 'Nithin C Babu']",['Malayalam'],['JioHotstar'],7.3,29,0.4244,123,https://image.tmdb.org/t/p/w500/9m4lvnqvwppA4BIoxqcWsWna5is.jpg
1134456,Lovely,2025-05-16,A young man develops an unexpected friendship with a talking housefly.,"['Fantasy', 'Comedy']",[],"['Mathew Thomas', 'Manoj K Jayan', 'Radhika Radhakrishnan', 'Aswathy Manoharan', 'Prasant Murali']",['Dileesh Nair'],['Dileesh Nair'],['Malayalam'],[],1.0,1,0.5726,115,https://image.tmdb.org/t/p/w500/kmLCYspwxeR3fPvW0iIIKtMrKdN.jpg
1578851,Await,2025-12-13,"David has spent days without sleep, craving someone to talk to. One night, a lost traveler arrives at his door. David insists he stay, and their small talk begins. But what starts as a way to calm his anxiety soon grows into something far beyond his control.",['Drama'],[],"['Jitheesh Raichel Samuel', 'Renju Thadikkaran']",['Nipin Narayanan'],['Nipin Narayanan'],['Malayalam'],[],0.0,0,0.4768,83,https://image.tmdb.org/t/p/w500/vZYDEe6Gp1ivi3tDNv65AojKyNf.jpg
868545,Lalitham Sundaram,2022-03-18,"Three siblings, Sunny, Annie, and their younger brother Jerry are disconnected from their roots due to their busy schedule. The siblings reunite for their mother's death anniversary and decide to fulfill her last wish. This reunion leads to a series of hilarious incidents that eventually help them repair their dysfunctional familial bonds.","['Comedy', 'Drama', 'Family']",[],"['Biju Menon', 'Manju Warrier', 'Saiju Kurup', 'Deepti Sati', 'Anu Mohan']",['Madhu Warrier'],['Pramod Mohan'],['Malayalam'],['JioHotstar'],4.7,5,0.5378,119,https://image.tmdb.org/t/p/w500/bYLRXkWe9xyBqWzeP0jaE375uyN.jpg
372297,Charlie,2015-12-24,"A young, nonconforming woman named Tessa gets entangled in a cat-and-mouse chase in the by-lanes of Kerala, hunting for a mysterious artist who previously lived in her apartment.","['Drama', 'Romance']","['arts', 'comic book', 'love', 'jinn', 'fake death', 'hippy', 'old-age home', 'munnar', 'thrissur pooram']","['Parvathy Thiruvothu', 'Dulquer Salmaan', 'Aparna Gopinath', 'Chemban Vinod Jose', 'Nedumudi Venu']",['Martin Prakkat'],"['Unni R.', 'Unni R.', 'Martin Prakkat']","['Hindi', 'Malayalam']",['Sun Nxt'],7.6,85,0.43,130,https://image.tmdb.org/t/p/w500/kQo30LL8punEsJu5kMZzJydQYJo.jpg
470442,Third World Boys,2022-05-03,Seven friends set off on an impromptu trip over a weekend to a hill station and experience a number of fun-filled adventures.,"['Comedy', 'Adventure']",[],"['Sreenath Bhasi', 'Soubin Shahir', 'Shine Tom Chacko', 'Siju Wilson', 'Balu Varghese']","['Shahal Sasidharan', 'Ayyappa Swaroop']","['Shahal Sasidharan', 'Ayyappa Swaroop']",['Malayalam'],[],4.0,2,0.5354,94,https://image.tmdb.org/t/p/w500/gxVEa9xOTCZPOgtuK31f2tFwpvC.jpg
1268170,Prince and Family,2025-05-09,"Introverted bridal boutique owner, Prince, the town's most eligible bachelor, marries his polar opposite. Chaos and comedy ensue as their contrasting personalities clash in rural Kerala.","['Family', 'Comedy', 'Drama']",[],"['Dileep', 'Raniya Raanaa', 'Siddique', 'Manju Pillai', 'Dhyan Sreenivasan']",['Binto Stephen'],['Sharis Mohammed'],['Malayalam'],['Zee5'],5.3,8,0.4726,134,https://image.tmdb.org/t/p/w500/bsFg2yv4zeOSbch0K3xxObrvux1.jpg
338314,Lailaa O Lailaa,2015-05-14,"Jai, a special investigative agent, falls in love with Anjali and marries her. When he struggles to get hold of Victor Rana, a terrorist on the loose, he asks his wife for her help.","['Action', 'Thriller']",[],"['Mohanlal', 'Amala Paul', 'Sathyaraj', 'Kainaat Arora', 'Remya Nambeesan']",['Joshiy'],['Suresh Nair'],"['Hindi', 'Malayalam']","['ManoramaMax', 'VI movies and tv', 'ManoramaMAX Amazon Channel']",3.7,7,0.4601,168,https://image.tmdb.org/t/p/w500/5PuASQKEwm3xhGkYZFBScugnMCn.jpg
845343,Paappan,2022-07-29,"Abraham Mathew Mathan aka Paappan, a voluntarily retired S.P. from the Crime Branch who is unwillingly reinstated to the force for investigating a long-standing murder case.","['Drama', 'Action']",[],"['Suresh Gopi', 'Neeta Pillai', 'Gokul Suresh', 'Asha Sarath', 'Nyla Usha']",['Joshiy'],['R.J. Shaan'],['Malayalam'],[],5.6,9,0.5401,162,https://image.tmdb.org/t/p/w500/dVJEzunN825WhZLCSJfNA09SOKf.jpg
351241,Madhura Naranga,2015-07-17,"Jeevan, Kumar and Salim do odd jobs and share an apartment in the Gulf. When Jeevan comes across Thamara, who is running away from some criminals, he decides to bring her home.","['Comedy', 'Drama']","['taxi driver', 'pregnancy', 'sri lanka', 'dubai', 'love', 'car accident', 'stranger']","['Kunchacko Boban', 'Biju Menon', 'Parvathy Ratheesh', 'Neeraj Madhav', 'Aparna Nair']",['Sugeeth'],"['Nishad K.Koya', 'Nishad K.Koya', 'Salam Kottakkal']",['Malayalam'],"['ManoramaMax', 'ManoramaMAX Amazon Channel']",5.6,8,0.5427,145,https://image.tmdb.org/t/p/w500/2KBOOmXmzsmgcanDvSrjzZxV9lX.jpg
676792,Forensic,2020-02-28,A forensic analyst and an investigation officer are on a chase to hunt down a gruesome serial killer and crack one of the most famous cold cases in the history of their departments.,"['Crime', 'Thriller']",['cold case'],"['Tovino Thomas', 'Mamta Mohandas', 'Reba Monica John', 'Renji Panicker', 'Mohan Sharma']","['Anas Khan', 'Akhil Paul']","['Anas Khan', 'Akhil Paul', 'Anas Khan', 'Akhil Paul']",['Malayalam'],"['Netflix', 'Zee5', 'aha', 'VI movies and tv']",6.6,44,0.7453,134,https://image.tmdb.org/t/p/w500/5nnOFdY23oTr1f8NjsebvREjJdf.jpg
1179283,Kondal,2024-09-13,"Manuel had to leave Munambam Harbour to work on St. Anthony's boat due to a serious problem in his hometown, Anchuthengu. Unexpected events on the boat changes the lives of Manuel and the people working there.","['Action', 'Drama']",[],"['Antony Varghese', 'Gauthami Nair', 'Raj B Shetty', 'Shabeer Kallarakkal', 'Sarath Sabha']",['Ajith Mampally'],"['Ajith Mampally', 'Satheesh Thonnakal', 'Roylin Robert']",['Malayalam'],['Netflix'],4.6,5,0.4111,144,https://image.tmdb.org/t/p/w500/zLbnXZWIzKU9pmrGdzuwkHluGz9.jpg
851737,Oru Thekkan Thallu Case,2022-09-08,Things take a turn as dramatic events unfold after a crime was committed in a village and as the culprit is sought after.,"['Drama', 'Thriller']",[],"['Biju Menon', 'Padmapriya Janakiraman', 'Nimisha Sajayan', 'Roshan Mathew', 'Aswath Lal']",['Sreejith N'],['Rajesh Pinnadan'],['Malayalam'],['Netflix'],5.3,8,0.4746,150,https://image.tmdb.org/t/p/w500/1RL8vEhnkQOYiE0f1SzsMZ2d6VQ.jpg
618435,Thanneer Mathan Dinangal,2019-07-26,"Jaison, a teenager, has a crush on Keerthy, but she does not reciprocate his feelings. To make things worse, he gets in trouble with Ravi, the new teacher who is liked by everyone, especially Keerthy.","['Romance', 'Comedy']","['teenage love', 'high school life']","['Mathew Thomas', 'Vineeth Sreenivasan', 'Anaswara Rajan', 'Naslen K. Gafoor', 'Shabareesh Varma']",['Girish A. D.'],"['Dinoy Paulose', 'Girish A. D.']","['Kannada', 'Malayalam']",['Eros Now Select Apple TV Channel'],7.6,35,0.6251,133,https://image.tmdb.org/t/p/w500/7q0VVIbL27QzcmU7SIhadBSj3Cz.jpg
733352,Maniyarayile Ashokan,2020-08-31,"When his unlucky horoscope doesn't bode well for his future wife, an earnest bachelor goes to surprising lengths to get the family he's always wanted. Will the stars align?","['Comedy', 'Drama']",[],"['Jacob Gregory', 'Anupama Parameswaran', 'Sunny Wayne', 'Vijayaraghavan', 'Shine Tom Chacko']",['Shamzu Zayba'],"['Vineeth Krishnan', 'Magesh Boji', 'Vineeth Krishnan']",['Malayalam'],['Netflix'],3.3,12,0.4456,110,https://image.tmdb.org/t/p/w500/bV1aWnZ9ck6LrIElGBurqKJwREi.jpg
415714,Kochavva Paulo Ayyappa Coelho,2016-09-09,"Ayyappa, a schoolchild, strongly wishes to travel by an airplane. A swimming trainer helps the child achieve his dream through his optimistic and practical ways.",['Drama'],"['airplane', 'wish', 'swimmer', 'tournament', 'kids']","['Kunchacko Boban', 'Rudraksh Sudheesh', 'Nedumudi Venu', 'KPAC Lalitha', 'Muthumani Somasundaran']",['Sidhartha Siva'],"['Sidhartha Siva', 'Sidhartha Siva']",['Malayalam'],['Sun Nxt'],6.0,11,0.6195,147,https://image.tmdb.org/t/p/w500/g0nYsq1A2IafzaP23NpXio4xfHF.jpg
1578880,Desire,2025-12-13,"In a bid to escape the grip of law and punishment, Shanu, a man with secret schemes, ensnares Amala - a woman grappling with psychological struggles. Together on a stolen bike, they embark on a journey where some desires are abandoned, while others reach completion.",['Drama'],[],"['Amrutha Krishnakumar', 'Ishak Musafir', 'Beena R Chandran', 'Gauthami Lekshmi Gopan', 'Vineeth Vasudevan']",['Fazil Razak'],"['Fazil Razak', 'Amrutha Krishnakumar', 'Ishak Musafir', 'Mridul S']",['Malayalam'],[],0.0,0,0.4971,100,https://image.tmdb.org/t/p/w500/2VDQXiRYxI3h8obwsx76DUsrOq2.jpg
569104,Madura Raja,2019-04-12,"When an illegal hooch baron's reign of terror troubles an entire village, the people turn to the only man who can save them: Raja, the flamboyant don with a heart of gold.","['Action', 'Comedy', 'Family', 'Thriller']",[],"['Mammootty', 'Jai Sampath', 'Siddique', 'Vijayaraghavan', 'Nedumudi Venu']",['Vysakh'],['Uday Krishna'],"['Malayalam', 'Tamil']",['Zee5'],5.5,15,0.6161,150,https://image.tmdb.org/t/p/w500/1zR6dr7FXk3TPHeoS3LeaLsP30.jpg
505432,Oru Adaar Love,2019-02-14,"Roshan has a crush on Priya, his classmate. His friends pull out all stops to help him. Will Roshan find his true love?","['Romance', 'Comedy']",[],"['Roshan Abdul Rahoof', 'Priya Prakash Varrier', 'Noorin Shereef', 'Dilrupa Aswad Alqamar', 'Siyadh Shajahan']",['Omar Lulu'],"['Omar Lulu', 'Omar Lulu', 'Sarang Jayaprakash']",['Malayalam'],['Sun Nxt'],5.5,15,0.4643,145,https://image.tmdb.org/t/p/w500/hf7Lxc4bPSn5MsHBfvfZKRjOSv5.jpg
923035,Chaaver,2023-09-22,It chronicles the tale of two competing gangs that are constantly at odds with one another in the Kerala area.,"['Thriller', 'Action', 'Crime']",[],"['Kunchacko Boban', 'Antony Varghese', 'Arjun Ashokan', 'Manoj K U', 'Anuroop P']",['Tinu Pappachan'],['Joy Mathew'],['Malayalam'],['VI movies and tv'],5.0,5,0.5026,128,https://image.tmdb.org/t/p/w500/jtKAARhtxOyAwqibPxfNexWkIWO.jpg
876845,Nanpakal Nerathu Mayakkam,2023-01-19,"A group of Malayali travellers, returning to Kerala by bus after their visit to Velankanni, all doze off in a lazy nap after lunch. One of the travelers, James, stops the bus in a village in Tamil Nadu. He starts behaving like a native of the place and speaking in Tamil, confusing his fellow passengers and the villagers alike. He walks amidst faith, delusion, dream and trance, followed by others.","['Comedy', 'Drama', 'Fantasy']",[],"['Mammootty', ""'Poo' Ram"", 'Ashokan', 'Ramya Suvi', 'Ramya Pandian']",['Lijo Jose Pellissery'],"['S. Hareesh', 'Lijo Jose Pellissery']","['Malayalam', 'Tamil']",['Netflix'],7.0,31,0.5054,107,https://image.tmdb.org/t/p/w500/29lETTae7slJPteKkLt6Rdu5g7y.jpg
872028,Alone,2023-01-26,"During the pandemic lock-down, A motivational speaker named Kalidas moves into the thirteenth floor of an apartment in Kochi. Soon Kalidas begins to observe supernatural elements around him and he decides to investigate.","['Thriller', 'Mystery']",[],"['Mohanlal', 'Manju Warrier', 'Renji Panicker', 'Siddique', 'Nandhu']",['Shaji Kailas'],['Rajesh Jayaraman'],['Malayalam'],['JioHotstar'],3.1,9,0.4969,122,https://image.tmdb.org/t/p/w500/1YoSk9SH4zW1piVORvHp0VLs4MM.jpg
361376,Jilebi,2015-07-31,"Sreekuttan, a farmer whose life is confined to his farm and crops, struggles when his city-bred and tech-savvy nephew and niece come to stay with him.","['Family', 'Comedy']","['travel', 'school', 'visit']","['Jayasurya', 'Remya Nambeesan', 'Vijayaraghavan', 'Shari', 'KPAC Lalitha']",['Arun Shekhar'],['Arun Shekhar'],['Malayalam'],"['Sun Nxt', 'VI movies and tv']",4.7,6,0.5357,134,https://image.tmdb.org/t/p/w500/sUOaynBVnWH0o3JTK5FGsKR3nS9.jpg
1112202,Antony,2023-12-01,"Antony is a ruthless gangster in a town and has a close-knit group, which includes Ann Maria, a college student trained in MMA. Maria and Antony soon get into trouble due to unforeseen circumstances and they set out to solve the issues in violent ways","['Thriller', 'Action', 'Adventure']",[],"['Joju George', 'Kalyani Priyadarshan', 'Nyla Usha', 'Chemban Vinod Jose', 'Asha Sarath']",['Joshiy'],['Rajesh Varma'],['Malayalam'],"['Amazon Prime Video', 'Amazon Prime Video with Ads']",5.4,5,0.5283,145,https://image.tmdb.org/t/p/w500/vzDLiiQ7Yyux1Rx1OlAru78hWxc.jpg
435038,The Painted House,2015-12-04,An old and lonely writer's life is turned around when a young woman comes into his life and one day a uninvited guest comes and makes things more complicated.,"['Drama', 'Mystery']",[],"['K Kaladharan', 'Neha Mahajan', 'Akram Mohammed']","['Santosh Babusenan', 'Satish Babusenan']","['Santosh Babusenan', 'Satish Babusenan']",['Malayalam'],[],3.6,9,0.426,101,https://image.tmdb.org/t/p/w500/milQQcApBicb9x4ishCMA5zYz8c.jpg
1580580,Page,2025-11-14,John Paul is a leading Motivational Speaker who leads peaceful family life with his wife and two children. One day John met a man in his fearful dream. Ironically his son met that same man in real life.The real story begins with that twist.,[],[],"['Bibin George', 'Anusree Nair', 'Arun Ashok', 'Saju Navodaya', 'Seema G Nair']",['Dr.Anish Urumbil'],['Dr.Anish Urumbil'],['Malayalam'],[],0.0,0,0.5263,0,
620271,Porinju Mariam Jose,2019-08-23,Kattalan Porinju and Jose are friends as thick as thieves. Mariyam and Porinju have an unrequited love story that has Jose invested in fulfilling. Chaos ensues when a skirmish pulls in all three of them in a series of violent outbursts.,"['Action', 'Comedy', 'Crime']",[],"['Joju George', 'Nyla Usha', 'Chemban Vinod Jose', 'Vijayaraghavan', 'Rahul Madhav']",['Joshiy'],"['Abhilash N. Chandran', 'Abhilash N. Chandran']",['Malayalam'],[],6.5,26,0.3932,150,https://image.tmdb.org/t/p/w500/dMkoC0lDtXMTst6DuNDGZE7MhxL.jpg
1277180,Bad Boyz,2024-09-13,A man turns to violence to win the affection of his childhood crush and unwittingly becomes involved with a criminal gang.,"['Action', 'Comedy', 'Crime']",[],"['Rahman', 'Anson Paul', 'Senthil Krishna Rajamani', 'Bibin George', 'Sheelu Abraham']",['Omar Lulu'],"['Sarang Jayaprakash', 'Omar Lulu']",['Malayalam'],"['Amazon Prime Video', 'ManoramaMax', 'Amazon Prime Video with Ads']",3.0,2,0.4385,148,https://image.tmdb.org/t/p/w500/bwVv1ZhaI4yiE1FLd7ZGD7pdzcd.jpg
950284,Rorschach,2022-10-07,"When Luke Antony's wife goes missing, he sets off to search for her and stumbles upon the Balan family. However, terrorising events start occurring as Luke grows closer to them.","['Thriller', 'Mystery']",[],"['Mammootty', 'Grace Antony', 'Sharafudheen', 'Asif Ali', 'Jagadish']",['Nissam Basheer'],['Sameer Abdul'],['Malayalam'],['JioHotstar'],6.8,31,0.4917,150,https://image.tmdb.org/t/p/w500/cBShNRU8l6fMBPkjG5KBrGqXnwe.jpg
803391,Bhramam,2021-10-07,"A pianist pretends to be blind for inspiration, witnesses a murder. He suddenly finds himself in a blind spot with the victim's wife, the murderer. During this ordeal, he loses his eyesight for real. Will his girlfriend believe him?","['Thriller', 'Comedy']",[],"['Prithviraj Sukumaran', 'Mamta Mohandas', 'Unni Mukundan', 'Raashii Khanna', 'Shankar']",['Ravi K. Chandran'],[],['Malayalam'],"['Amazon Prime Video', 'Amazon Prime Video with Ads']",5.0,8,0.4951,152,https://image.tmdb.org/t/p/w500/isdPM4fgP10qv1VzF0HBo6Zv0I3.jpg
507943,She,2019-09-20,Olu is the tale of a girl who gets gang raped and sunk to the bottom of the backwaters where she can mysteriously survive and live for the next nine months -until she delivers her ‘baby from rape’.,['Fantasy'],"['pregnancy', 'artist', 'full moon', 'gang rape', 'underwater']","['Shane Nigam', 'Esther Anil', 'Radhika', 'Indrans', 'Kani Kusruti']",['Shaji N. Karun'],['T. D. Ramakrishnan'],['Malayalam'],[],5.7,3,0.5214,109,https://image.tmdb.org/t/p/w500/fsyFyz00flN9CG01L2eiziwn65J.jpg
1177224,Bougainvillea,2024-10-17,A family entangled in a police investigation surrounding the mysterious disappearance of tourists in Kerala.,"['Mystery', 'Thriller']",[],"['Jyothirmayi', 'Kunchacko Boban', 'Fahadh Faasil', 'Srindaa', 'Sharafudheen']",['Amal Neerad'],"['Lajo Jose', 'Amal Neerad']","['Malayalam', 'Tamil']","['Sony Liv', 'VI movies and tv']",6.525,20,0.5331,138,https://image.tmdb.org/t/p/w500/lH5bWsODh1QU6aia1ZpaC79kq2j.jpg
599029,An International Local Story,2019-03-01,"Rahul, a young doctor, loves to hang out with his friends. However, his family fixes his marriage without his consent, leading to a series of hilarious incidents.",['Comedy'],[],"['Rahul Madhav', 'Harisree Ashokan', 'Dharmajan Bolgatty', 'Tini Tom', 'Manoj K Jayan']",['Harisree Ashokan'],[],['Malayalam'],['Zee5'],5.0,2,0.5286,123,https://image.tmdb.org/t/p/w500/9FjxaDi0ZJLeAQdIyhzDZHkN0iA.jpg
332827,Ennum Eppozhum,2015-03-27,"Vineeth, a senior reporter, tries to interview Deepa, a junior family court lawyer for the new edition of a magazine. However, the interview seems impossible due to Deepa's hectic schedule.","['Drama', 'Family']","['photographer', 'interview', 'lawyer', 'divorce']","['Mohanlal', 'Manju Warrier', 'Innocent', 'Jacob Gregory', 'Reenu Mathews']",['Sathyan Anthikad'],['Ranjan Pramod'],['Malayalam'],[],5.7,13,0.3927,147,https://image.tmdb.org/t/p/w500/rllkh49SNQpm5g3wJJxwYckykEs.jpg
569113,Ganagandharvan,2019-09-01,An aspiring singer leading a normal life has his life changed when he unexpectedly gets dragged into a police case involving three women.,"['Comedy', 'Family', 'Drama']",[],"['Mammootty', 'Vandhitha Manoharan', 'Athulya Chandra', 'Santhi Mayadevi', 'Mohan Jose']",['Ramesh Pisharody'],"['Ramesh Pisharody', 'Ramesh Pisharody', 'Hari P Nair', 'Hari P Nair']",['Malayalam'],['Eros Now Select Apple TV Channel'],5.5,8,0.3418,139,https://image.tmdb.org/t/p/w500/jQLjwkNUmqjwDFcFv9ClhzajtLq.jpg
791779,Joji,2021-04-07,"Joji, an engineering dropout and the youngest son of a rich family lives with his aspirations of becoming super wealthy. Driven by greed and blind ambition, he decides to execute his plans following an unexpected event in the family.","['Drama', 'Crime']",['macbeth'],"['Fahadh Faasil', 'Baburaj', 'P N Sunny', 'Unnimaya Prasad', 'Basil Joseph']",['Dileesh Pothan'],['Syam Pushkaran'],['Malayalam'],"['Amazon Prime Video', 'Amazon Prime Video with Ads']",7.508,64,0.5242,113,https://image.tmdb.org/t/p/w500/iXAUPTb8XNSf5B4zyUAEajz2vFu.jpg
961237,Otta,2023-10-27,"Otta is the thrilling saga of two young men and their unexpected journey towards an unforeseen future. Amidst the tumultuous relationship with their parents, Hari and Ben embark on a personal journey where actions and reactions spiral out of control.",['Drama'],[],"['Asif Ali', 'Arjun Ashokan', 'Sathyaraj', 'Divya Dutta', 'Rohini']",['Resul Pookutty'],"['Kiran Prabhakar', 'Hariharan S']",['Malayalam'],[],0.0,0,0.4841,147,https://image.tmdb.org/t/p/w500/dVpulXqZPQxJoElqiyHwhDGtFTW.jpg
1149783,Oru Jaathi Jaathakam,2025-01-31,"When a girl, supposedly an expert in palmistry, requests Jayesh to display his hand, he eagerly obliges. But when she tells him that this will be the worst time of his life, it surprises him.","['Comedy', 'Romance']",[],"['Vineeth Sreenivasan', 'Nikhila Vimal', 'Mridul Nair', 'Babu Antony', 'P. P. Kunhikrishnan']",['M. Mohanan'],"['Rakesh Mantodi', 'Sharesh Malayenkandy']",['Malayalam'],"['Amazon Prime Video', 'ManoramaMax', 'ManoramaMAX Amazon Channel', 'Amazon Prime Video with Ads']",6.5,6,0.5142,122,https://image.tmdb.org/t/p/w500/hELYemcQscoLRRTwml4BK9uYxAy.jpg
411053,Annmariya Kalippilaanu,2016-08-05,"2016 Indian Malayalam childrens film directed by Midhun Manuel Thomas and written by Thomas and John Manthrichal. Produced by Alice George under the banner of Goodwill Entertainments, the film stars Baby Sara, Sunny Wayne, and Aju Varghese.","['Drama', 'Family']","['sports', 'angel', 'medal', 'teacher', 'school', 'divorce', 'goon']","['Sara Arjun', 'Sunny Wayne', 'Aju Varghese', 'John Kaippallil', 'Leona Lishoy']",['Midhun Manuel Thomas'],"['Midhun Manuel Thomas', 'Midhun Manuel Thomas', 'John Manthrickal']",['Malayalam'],['Sun Nxt'],7.0,24,0.5284,127,https://image.tmdb.org/t/p/w500/w4o6dIXEZezhraniK2tUFontWbo.jpg
468848,Njandukalude Naattil Oridavela,2017-09-01,"Sheela Chacko's leads a regular life as a mother, wife and a college lecturer. All this turns around when she learns about a serious affliction facing her. The comedy-drama carries on about how her insecure husband and her three children react to the enfolding situation.","['Family', 'Drama', 'Comedy']","['marriage', 'family relationships', 'cancer', 'family', 'cancer treatment']","['Nivin Pauly', 'Shanthi Krishna', 'Lal', 'Aishwarya Lekshmi', 'Ahaana Krishna']",['Althaf Salim'],"['George Kora', 'Althaf Salim']",['Malayalam'],['VI movies and tv'],6.8,23,0.5159,131,https://image.tmdb.org/t/p/w500/pyoFRpWQgwWy7Oz13T81tkrFKMD.jpg
384300,Jo and the Boy,2015-12-24,Jo resigns from her job to pursue her childhood dream of becoming a successful animator. Her dream comes true when she meets an innovative boy who inspires her to create a cartoon character.,['Drama'],"['artificial intelligence (a.i.)', 'photographer']","['Manju Warrier', 'Sanoop Santhosh', 'Lalu Alex', 'Kalaranjini', 'Sudheer Karamana']",['Rojin Thomas'],['Rojin Thomas'],['Malayalam'],"['Sun Nxt', 'VI movies and tv']",3.5,3,0.3816,157,https://image.tmdb.org/t/p/w500/aAVRAlgqEzFN2TTuNzZTYhzzzXD.jpg
564177,Njan Prakashan,2018-12-21,"Pining for a lavish life abroad, a lazy but lovable guy next door crafts a scam to avoid a career in nursing and find a wealthy spouse to secure a visa.",['Comedy'],[],"['Fahadh Faasil', 'Devika Sanjay', 'Sreenivasan', 'Nikhila Vimal', 'Anju Kurian']",['Sathyan Anthikad'],['Sreenivasan'],"['German', 'Malayalam']","['ManoramaMax', 'ManoramaMAX Amazon Channel']",6.9,53,0.409,131,https://image.tmdb.org/t/p/w500/cCgltVXS9pnhuwEsN8saOFeievO.jpg
492339,Aakasha Mittayee,2017-10-21,"A father-son movie that travels through the life of three families, especially about a father who nurtures and raises his son as a good human being in the society. The movie also deals with which present-day issues of the school students in the society and other teenager problems. It is a very soothing family entertainer that tries to convey many beautiful messages.","['Family', 'Comedy']",['remake'],"['Jayaram', 'Iniya', 'Kalabhavan Shajon', 'Sarayu Mohan', 'Irshad']","['Samuthirakani', 'Padmakumar M']",[],['Malayalam'],"['Sun Nxt', 'VI movies and tv']",6.0,3,0.4301,137,https://image.tmdb.org/t/p/w500/yB7UJ8iMlyHEKCNJsHYDOGgWUDm.jpg
461942,Role Models,2017-06-25,"Gowtham is a geeky loner with hardly any social connections, though he was a jovial guy while at college. His parents, being worried about his extreme changes, attempt to bring back his old self with the help of Gowtham’s friends from college days.",['Comedy'],"['school friend', 'goa', 'anti-social', 'parenting', 'psychiatrist', 'sea adventure', 'helping']","['Fahadh Faasil', 'Namitha Pramod', 'Vinayakan', 'Vinay Forrt', 'Sharafudheen']",['Raffi'],['Raffi'],['Malayalam'],['VI movies and tv'],4.8,18,0.3629,132,https://image.tmdb.org/t/p/w500/3LJzZhLjuicTwC0eoySn5eCvmkd.jpg
450045,Sakhavu,2017-04-14,"Comrade Krishna Kumar wants to make it big in politics but lacks the ideals a sakhavu should possess. He is ruthless enough to even get rid of friends who might be possible hurdles on his way up. His paths cross with that of a veteran comrade, sakhavu Krishnan and the film depicts how his life influences Krishna Kumar.",['Drama'],"['politician', 'communism']","['Nivin Pauly', 'Aishwarya Rajesh', 'Aparna Gopinath', 'Sreenivasan', 'Gayathri Suresh']",['Sidhartha Siva'],"['Sidhartha Siva', 'Sidhartha Siva']",['Malayalam'],[],4.9,19,0.3673,163,https://image.tmdb.org/t/p/w500/orvGUwvIGtd65BeE1haFqvrGRvS.jpg
816586,Malayankunju,2022-07-22,Anikkuttan is an ill-tempered electronics technician who leads a quiet life with his mother. His daily routines are disrupted when his next door neighbour's new born baby stirs up undesirable memories from his past. What will happen next?,"['Thriller', 'Drama']",[],"['Fahadh Faasil', 'Rajisha Vijayan', 'Jaffer Idukki', 'Indrans', 'Arjun Ashokan']",['Sajimon Prabhakar'],"['Mahesh Narayanan', 'Mahesh Narayanan']",['Malayalam'],"['Amazon Prime Video', 'Amazon Prime Video with Ads']",5.636,22,0.4666,112,https://image.tmdb.org/t/p/w500/qgrpQbOpHCi8wSVY4A6vweSTD0Y.jpg
835761,Pathonpatham Noottandu,2022-09-08,"Arattupuzha Velayudha Panicker, a 19th century fiery social reformer and his unswerving fight against the dominant caste oppressions by the upper classes.","['History', 'Action', 'Drama']",['based on true story'],"['Siju Wilson', 'Kayadu Lohar', 'Chemban Vinod Jose', 'Anoop Menon', 'Sudev Nair']",['Vinayan'],['Vinayan'],['Malayalam'],"['Amazon Prime Video', 'Amazon Prime Video with Ads']",5.0,12,0.457,156,https://image.tmdb.org/t/p/w500/tL1pf85mtn1SEHODLetoHRGdxnN.jpg
640052,Helen,2019-11-15,An ordinary suburban girl faces the biggest battle of her life when her sudden disappearance for a brief period leads to a desperate search by her loved ones.,"['Drama', 'Thriller', 'Family']","['romance', 'care', 'smile', ""daddy's girl""]","['Anna Ben', 'Lal', 'Noble Babu Thomas', 'Aju Varghese', 'Rony David Raj']",['Mathukutty Xavier'],"['Alfred Kurian Joseph', 'Mathukutty Xavier', 'Noble Babu Thomas']",['Malayalam'],[],7.5,52,0.4608,117,https://image.tmdb.org/t/p/w500/166Gz2EQFwvGEyWU1sDtxOiGVAE.jpg
932263,Rajni,2023-12-08,"Siblings Naveen and Gowri find themselves entangled in a web of chaos and danger with a looming life threat, the story unravels a mysterious quest to uncover the enigmatic identity of Rajni.","['Thriller', 'Action']",[],"['Kalidas Jayaram', 'Namitha Pramod', 'Saiju Kurup', 'Ashwin Kumar', 'Reba Monica John']",['Vinil Scariah Varghese'],['Vinil Scariah Varghese'],"['Malayalam', 'Tamil']",[],5.7,3,0.39,120,https://image.tmdb.org/t/p/w500/rk0ZrneTX8vvHIb5KrOlOBsbKSb.jpg
409398,Kismath,2016-07-29,"Irfan, a young Muslim boy, falls in love with a Hindu girl, Anita who is much older than him. However, when their families oppose their relationship, the duo seeks help from the police.","['Romance', 'Drama']","['muslim', 'hindu', 'ponnani']","['Shane Nigam', 'Shruthy Menon', 'Vinay Forrt', 'Alencier Ley Lopez', 'P Balachandran']",['Shanavas K Bavakkutty'],"['Shanavas K Bavakkutty', 'Shanavas K Bavakkutty']",['Malayalam'],"['ManoramaMax', 'ManoramaMAX Amazon Channel']",7.5,8,0.354,102,https://image.tmdb.org/t/p/w500/47qFy6upNIvVNtmC7IZjHS8Jiy0.jpg
378970,Rajamma @ Yahoo,2015-11-20,"Two brothers – Michel Rajamma, known as Rajamma and Vishnu Yohannan, known as Yahoo. They are born to the inter-caste couple Yohannan and Rajamma, who fell in love during their college days. After the sudden demise of their parents, they live alone in their ancestral property, a bungalow. After leading a carefree life, the duo plans to rent out their bungalow to different families.","['Comedy', 'Drama']","['sibling relationship', 'house', 'rent']","['Kunchacko Boban', 'Asif Ali', 'Nikki Galrani', 'Anusree Nair', 'Renji Panicker']",['Reghu Rama Varma'],['M. Sindhuraj'],['Malayalam'],['Sun Nxt'],4.7,8,0.4564,137,https://image.tmdb.org/t/p/w500/9ZmPAmqgvkh7RjLd0kIWN5KSleu.jpg
1318735,Mr and Mrs Bachelor,2025-05-23,"Stephy, a bride-to-be, escapes from her wedding and meets Siddhu, a carefree bachelor in his 40s. The film follows their spontaneous journey together filled with humorous and emotional moments.","['Comedy', 'Drama']",[],"['Indrajith Sukumaran', 'Anaswara Rajan', 'Rosin Jolly', 'Biju Pappan', 'Rahul Madhav']",['Deepu Karunakaran'],['Arjun TS'],['Malayalam'],[],3.4,7,0.4693,118,https://image.tmdb.org/t/p/w500/bDlNY3BDP0Ki7c2XWwckOkCzZeG.jpg
863539,Gold,2022-12-01,"On discovering a mysterious truck filled with illegal gold, a young man consumed with greed hatches an egotistical plan to use the treasure to his own advantage.","['Comedy', 'Drama']",[],"['Prithviraj Sukumaran', 'Nayanthara', 'Mallika Sukumaran', 'Lalu Alex', 'Shammi Thilakan']",['Alphonse Puthren'],['Alphonse Puthren'],['Malayalam'],[],3.8,12,0.4012,165,https://image.tmdb.org/t/p/w500/jjTK3lngUc19t8IIqwvTGhZNUgB.jpg
458012,Moothon,2019-10-18,"A child from Lakshadweep sets off to Mumbai in pursuit of Akbar, an elder brother who left the island due to his sexual orientation.","['Crime', 'Drama']","['long lost relative', 'lgbt', 'woman director']","['Sanjana Dipu', 'Nivin Pauly', 'Dileesh Pothan', 'Roshan Mathew', 'Shashank Arora']",['Geethu Mohandas'],['Geethu Mohandas'],"['Hindi', 'Malayalam']","['Zee5', 'aha']",6.2,25,0.446,110,https://image.tmdb.org/t/p/w500/wyyHGE5uHgUFDUKDHzO6TGq6EJs.jpg
352291,Acha Dhin,2015-07-18,"Set in the backdrop of God's own country, Kerala, Acha Din is the story of a family from Jharkhand who is now settled in Ernakulam, the vibrant business hub of Kerala.","['Drama', 'Thriller']","['police', 'bomb', 'pregnancy', 'terrorism', 'terrorist group']","['Mammootty', 'Mansi Sharma', 'Renji Panicker', 'Kishore', 'Maniyanpilla Raju']",['G. Marthandan'],['A.C. Vijeesh'],"['Hindi', 'Malayalam']","['Amazon Prime Video', 'VI movies and tv', 'Amazon Prime Video with Ads']",2.4,8,0.333,108,https://image.tmdb.org/t/p/w500/dKZ6vFie7H5aLvdi9eskinSTbtF.jpg
958483,Anuragam,2023-05-05,"Anuragam is a film set in Kochi, India that explores the complexities of modern-day relationships through the lives of three couples. The story follows Mercy, a single mother and banker who is loved by her manager, Jose, but still grieving the loss of her husband. Meanwhile, popular music composer Shankar is preparing to enter a new relationship after his separation from his wife, Devika, a successful baker. Their daughter, Janani, and Mercy's son, Aswin, are classmates and friends, with their friendship potentially blossoming into romance. Music plays an important role in the film, which ultimately reminds viewers that love can happen at any age and make life worth living.","['Family', 'Drama']",[],"['Ashwin Jose', 'Gautham Vasudev Menon', 'Gouri G Kishan', 'Sheela', 'Lenaa']",['Shahad Nilambur'],['Ashwin Jose'],['Malayalam'],[],5.2,6,0.5032,141,https://image.tmdb.org/t/p/w500/n0TvQh5meQJaUwGXayG7A8EjYPT.jpg
656858,Driving Licence,2019-12-20,"A famous superstar needs to renew his driver's licence, and the motor vehicle inspector is a die-hard fan of his, but a series of misunderstandings causes a great deal of friction.","['Drama', 'Thriller', 'Comedy']","['misunderstanding', 'obsessed fan', 'superstar', 'male egos']","['Prithviraj Sukumaran', 'Suraj Venjaramoodu', 'Miya George', 'Deepti Sati', 'Adhish Praveen']",['Lal Jr.'],['Sachy'],['Malayalam'],"['Amazon Prime Video', 'Amazon Prime Video with Ads']",6.6,41,0.6273,135,https://image.tmdb.org/t/p/w500/gKfu7bU8zR2m8a57GNNFBpolTaR.jpg
387566,Darwinte Parinamam,2016-03-18,"Anil Anto, a TV operator moves to Kochi with his pregnant wife in order to start a new life. Here, post an unfortunate incident, Anil crosses paths with Darwin, a crime boss.","['Comedy', 'Drama']","['robbery', 'husband wife relationship', 'thief', 'revenge', 'pregnant woman', 'accident', 'abortion']","['Prithviraj Sukumaran', 'Chemban Vinod Jose', 'Chandini Sreedharan', 'Soubin Shahir', 'Balu Varghese']",['Jijo Antony'],"['Manoj Nair', 'Manoj Nair']",['Malayalam'],"['Sun Nxt', 'VI movies and tv']",5.3,12,0.44,150,https://image.tmdb.org/t/p/w500/f69O0iBhXWwowdv4ySEQ992XBuu.jpg
657595,Thrissur Pooram,2019-12-20,"Pullu Giri is trying to live a peaceful life forgetting his ruffian past in his hometown, Thrissur. However, he gets dragged into the affairs of the local goons and gangs after an incident, post which a ‘give and take’ drama with new baddies ensues.","['Action', 'Drama', 'Thriller']",[],"['Jayasurya', 'Swathi Reddy', 'Sabumon Abdusamad', 'Vijay Babu', 'Sudev Nair']",['Rajesh Mohanan'],['Ratheesh Vegha'],['Malayalam'],"['Amazon Prime Video', 'Amazon Prime Video with Ads']",3.5,13,0.3542,156,https://image.tmdb.org/t/p/w500/axJqOFCs8lFKXWT1snd4YyQ9G8T.jpg
1044787,Imbam,2023-10-27,"A young cartoonist forms unexpected connections at Shabdam Publishing House, where the elderly owner, Karunakaran, and proofreader Kathambari become integral parts of his creative journey.","['Romance', 'Drama']",[],"['Lalu Alex', 'Meera Vasudevan', 'Deepak Parambol', 'Darsana Sudarshan', 'Irshad']",['Sreejith Chandran'],['Sreejith Chandran'],['Malayalam'],"['Sun Nxt', 'ManoramaMax', 'ManoramaMAX Amazon Channel']",0.0,1,0.4855,122,https://image.tmdb.org/t/p/w500/8Ptlw418LpBY27m4854JzAKk09s.jpg
1308064,Daveed,2025-02-13,A celebrity bodyguard finds himself in trouble when he crosses an infamous boxer.,"['Action', 'Drama']",[],"['Antony Varghese', 'Mo Ismail', 'Vijayaraghavan', 'Mohammad Karaki', 'Lijomol Jose']",['Govind Vishnu'],"['Deepu Rajeevan', 'Govind Vishnu']",['Malayalam'],[],4.0,4,0.5696,137,https://image.tmdb.org/t/p/w500/5looJkc3Siu7HqR5farCebWRxQo.jpg
1270922,Vala: Story of a Bangle,2025-09-18,"Following their wedding, Purushu struggles to take an antique-style bangle off Sarla's wrist, as it leads to significant conflict and misunderstanding.",['Drama'],[],"['Lukman Avaran', 'Dhyan Sreenivasan', 'Raveena Ravi', 'Sheethal Joseph', 'Navas Vallikkunnu']",['Muhashin'],['Harshad'],['Malayalam'],"['Amazon Prime Video', 'Amazon Prime Video with Ads']",6.5,2,0.3837,132,https://image.tmdb.org/t/p/w500/m5KefviiDSpvlqlpomYR0kF3i3n.jpg
1392483,Sarkeet,2025-05-08,"In a distant land, Balu and Stephy struggle to balance work, parenting their spirited son with ADHD, and holding their relationship together. When a worn-out stranger enters their lives, a fleeting connection sparks unexpected change in just one day.","['Family', 'Drama', 'Comedy']",[],"['Asif Ali', 'Divya Prabha', 'Deepak Parambol', 'Orhan', 'Swathi Das Prabhu']",['Thamar K V'],['Thamar K V'],['Malayalam'],"['ManoramaMax', 'ManoramaMAX Amazon Channel']",5.0,2,0.6062,123,https://image.tmdb.org/t/p/w500/yruMwNKwObVwS8vbE3N6hriAdYB.jpg
386243,Style,2016-01-02,"Tom, a young auto mechanic falls in love with Diya whom he sees one day from the bus. The love got blossomed and at one point a psychopath named Edger came in to the life of this couple after an unfortunate accident. The incident lead to a scenario where Edger got humiliated and the movie is basically about the rivalry between Tom and Edger.","['Action', 'Thriller']","['love at first sight', 'gangster']","['Unni Mukundan', 'Tovino Thomas', 'Ilhan Layiq', 'Balu Varghese', 'Priya Kandwal']",['Binu S'],"['Dominic Arun', 'Dominic Arun', 'Anil Narayanan', 'Anil Narayanan']",['Malayalam'],['VI movies and tv'],7.0,10,0.3965,154,https://image.tmdb.org/t/p/w500/vFhcpb2OHg4mOK9r6nMEz4GDiM4.jpg
360648,Ennu Ninte Moideen,2015-09-18,"Children of two renowned families fall in love amidst orthodox surroundings. When their inter-religious relationship is opposed, the two lovers' situation is fraught with familial pressure, societal culture and blind arrogance.","['Drama', 'Romance']","['muslim', 'rain', 'hindu', 'past', 'based on true story', 'love', 'family']","['Prithviraj Sukumaran', 'Parvathy Thiruvothu', 'Tovino Thomas', 'Saikumar', 'Bala']",['R. S. Vimal'],['R. S. Vimal'],['Malayalam'],['VI movies and tv'],7.2,34,0.4031,167,https://image.tmdb.org/t/p/w500/9COT6zivEblc23Rajf2q4SvyhSk.jpg
1593963,Adinaasam Vellapokkam,2025-12-12,,['Comedy'],[],"['Shine Tom Chacko', 'Baiju Santhosh', 'Manju Pillai', 'Babu Antony', 'John Vijay']",['A J Varghese'],['A J Varghese'],['Malayalam'],[],0.0,0,0.6094,126,https://image.tmdb.org/t/p/w500/fpk5cPzQf1fpsxBRlWERVSbuJ3H.jpg
1589370,The Ride,2025-12-05,,"['Drama', 'Thriller']",[],"['Sudhi Koppa', 'Ann Sheetal', 'Harish Uthaman', 'Srikant Murali', 'Maala Parvathi']",['Riteesh Menon'],['Suhaas Shetty'],['Malayalam'],[],0.0,0,0.5664,100,https://image.tmdb.org/t/p/w500/Afu1QT5IaTr8vS0SAttU17WoWV0.jpg
1416339,My God,2015-12-04,"Sam Thottunkal is a teenage introvert. It's when Sam's life becomes more and more complicated, he gets acquainted with a girl named Adiraja.",['Drama'],[],"['Adarsh Nair', 'Suresh Gopi', 'Honey Rose', 'Sreenivasan', 'Lenaa']",['M. Mohanan'],"['M. Mohanan', 'Geo Mathew', 'Nijo Kuttikadu']",['Malayalam'],[],0.0,0,0.4591,130,https://image.tmdb.org/t/p/w500/4Lp1Yz8fNAidzsZbWuTPGKFoMgQ.jpg
595929,Oru Yamandan Premakadha,2019-04-25,"Lallu, a happy-go-lucky person who loves to hang out with his friends, is in pursuit of true love. One day, he finds a photo of a missing woman, Diya, in the newspaper and feels a spark.","['Comedy', 'Romance']",[],"['Dulquer Salmaan', 'Nikhila Vimal', 'Samyuktha', 'Salim Kumar', 'Suraj Venjaramoodu']",['B.C. Noufal'],"['Bibin George', 'Vishnu Unnikrishnan']",['Malayalam'],['Eros Now Select Apple TV Channel'],4.3,15,0.5797,165,https://image.tmdb.org/t/p/w500/pY7KtdU9TKdbeCwLZzsJGjle4q7.jpg
1225475,Vadakkan,2025-03-07,"A paranormal investigator based in Helsinki ventures to Kerala to probe a series of mysterious deaths during a reality TV show shoot and confronts an unspeakable entity from a Dravidian cult practice, lurking on a mysterious island.","['Fantasy', 'Horror', 'Thriller']",[],"['Kishore', 'Shruthy Menon', 'Merin Philip', 'Meenakshi Unnikrishnan', 'Kalesh Ramanand']",['Sajeed A. Raman'],"['Sajeed A. Raman', 'Unni R.']",['Malayalam'],"['Amazon Prime Video', 'aha', 'Amazon Prime Video with Ads']",5.423,13,0.5008,120,https://image.tmdb.org/t/p/w500/jMxQmcoZ7Dqz9n1f7M3yA3YPxTl.jpg
1222792,Super Zindagi,2024-08-09,"Story of two men, Sidharthan and Mujeeb, while Sidhu is a loafer whose only goal is to become extremely rich without any struggle and hence dreams up grand schemes for a business that will fetch him crores, Mujeeb is a successful “businessman” who occasionally earns big bucks through shady deals, thanks to his “well-placed connections”.","['Comedy', 'Drama']",[],"['Dhyan Sreenivasan', 'Mukesh', 'Parvatii Nair', 'Johny Antony', 'Suresh Krishna']",['Vintesh'],"['Vintesh', 'Prajith Raj']",['Malayalam'],[],1.0,2,0.4654,131,https://image.tmdb.org/t/p/w500/zdHu2jWTbJTqCVdzFBhCAPIBwFa.jpg
880018,Mukundan Unni Associates™,2022-11-11,"Advocate Mukundan Unni wants to be successful and leaves no stone unturned to achieve growth, prosperity, and respect. But this steadfast nature aided with an ample dose of greed comes with a cost.","['Crime', 'Comedy']",[],"['Vineeth Sreenivasan', 'Suraj Venjaramoodu', 'Sudhi Koppa', 'Arsha Baiju', 'Tanvi Ram']",['Abhinav Sunder Nayak'],"['Vimal Gopalakrishnan', 'Abhinav Sunder Nayak']",['Malayalam'],['JioHotstar'],7.7,31,0.5839,127,https://image.tmdb.org/t/p/w500/7aEuV7eLbc0KXVBbtRZr1avWjSL.jpg
374755,Adi Kapyare Kootamani,2015-12-24,The story revolves around a bunch of college students living in a boy's hostel. The story unfolds over a period of four days in the hostel. Problems begin when a young woman enters the hostel.,"['Comedy', 'Thriller']","['ouija board', 'trespassing', 'locked in a room', 'strict warden', 'boys hostel']","['Dhyan Sreenivasan', 'Namitha Pramod', 'Mukesh', 'Aju Varghese', 'Neeraj Madhav']",['A J Varghese'],"['A J Varghese', 'Abhilash Nair']",['Malayalam'],[],6.6,23,0.3121,133,https://image.tmdb.org/t/p/w500/uSqEH5rwR6SYtDt7Hktyu96PvYL.jpg
500024,Rosapoo,2018-02-09,"Shajahan and Ambros are two youngsters who struggle to make ends meet. Already neck deep in debt, they try a variety of businesses without much success in any. Following a friend's advice, they decide to try their luck in making an adult film as a last resort.","['Comedy', 'Drama']",['film in film'],"['Biju Menon', 'Anjali', 'Neeraj Madhav', 'Dinesh Prabhakar', 'Basil Joseph']",['Vinu Joseph'],['Vinu Joseph'],['Malayalam'],[],3.0,4,0.4279,140,https://image.tmdb.org/t/p/w500/zvmcfVrVVZflrsjIAByrmgzNKXw.jpg
739921,Tsunami,2021-03-11,"Bobby is a young man who goes to a seminary in Goa to become a priest, despite his family opposes that. But something happens during his journey so that he ends it there and returns home.",['Comedy'],[],"['Balu Varghese', 'Innocent', 'Mukesh', 'Aju Varghese', 'Suresh Krishna']","['Lal', 'Lal Jr.']","['Lal', 'Lal']",['Malayalam'],[],5.7,3,0.4548,122,https://image.tmdb.org/t/p/w500/rDLg9qMN9sfJuojBLCCesuKjIjP.jpg
470319,Clint,2017-08-11,"Based on the life of Edmund Thomas Clint, who died at the mere age of six due to kidney failure, Clint focuses on the exemplary talent of the young boy, who, in his short lifespan, painted as many as 25,000 paintings.",['Drama'],"['artist', 'painter', 'biography', 'kids']","['Alok', 'Unni Mukundan', 'Rima Kallingal', 'Akshara Kishor', 'Renji Panicker']",['Harikumar'],"['K.V. Mohankumar', 'Harikumar']",['Malayalam'],[],5.0,1,0.6543,138,https://image.tmdb.org/t/p/w500/8VyJZB0NxVBZYFf1QGJD7DAjHtW.jpg
885272,Appan,2022-10-28,"A cruel womaniser, who cheated death and has been bedridden for ages, harasses his wife and son out of spite. As his family waits for him to die, the villagers form a mob demanding to kill him because of his actions. When he tricks his wife into allowing him to spend time alone with another woman, his family faces a hard decision that could alter their lives forever.","['Comedy', 'Crime', 'Drama']",[],"['Sunny Wayne', 'Alencier Ley Lopez', 'Ananya', 'Grace Antony', 'Pauly Valsan']",['Maju'],"['R. Jayakumar', 'Maju']",['Malayalam'],['Sony Liv'],8.4,5,0.3115,129,https://image.tmdb.org/t/p/w500/r9JNFwuy86q0jutO8qXP758k5sN.jpg
354764,Thinkal Muthal Velli Vare,2015-06-12,"Jayadevan is a most-wanted writer in the Malayalam Television industry, who pens the scripts for all major soap operas. The marriage brings in a lot of changes in Jayadevan's life and this forms the crux of the story.","['Comedy', 'Drama']","['marriage', 'fan', 'tv ratings', 'writer']","['Jayaram', 'Rimi Tomy', 'Janardhanan', 'Anoop Menon', 'K. B. Ganesh Kumar']",['Kannan Thamarakkulam'],['Dinesh Pallath'],['Malayalam'],['VI movies and tv'],1.5,2,0.4859,138,https://image.tmdb.org/t/p/w500/6alfDkil9nKFn44G7wnLwwNOv8G.jpg
657996,Ayyappanum Koshiyum,2020-02-07,"Ayyappan, a police officer, is an upright man who always strives to do the right thing. However, things change when a retired army havildar, Koshy, settles in his village and the two egos clash.","['Action', 'Thriller', 'Crime']",['male egos'],"['Prithviraj Sukumaran', 'Biju Menon', 'Anil Nedumangad', 'Ranjith', 'Gowry Nandha']",['Sachy'],['Sachy'],[],"['Amazon Prime Video', 'Amazon Prime Video with Ads']",7.619,67,0.5781,177,https://image.tmdb.org/t/p/w500/iwmh53N9oPUiCQBZdBWdiB1kur2.jpg
404591,Hallelooya,2016-05-20,"After living 23 years in France, psychiatrist Dr. Roy is called back to his village by Fr Francis, the man who raised him during his childhood. He has no idea why he was asked back, but when he returns he meets his childhood friend Dr Meera Menon who has become a pediatrician, but meeting her again brings him memories of their being in love years earlier.","['Family', 'Romance']","['doctor', 'childhood', 'pediatrician']","['Meghana Raj', 'Narain', 'K. B. Ganesh Kumar', 'Sudheer Karamana', 'Sajitha Madathil']",['Sudhi Anna'],"['Suniraj Kashyap', 'SA Abhiman', 'Suniraj Kashyap', 'SA Abhiman']",['Malayalam'],[],4.5,1,0.36,140,https://image.tmdb.org/t/p/w500/nDaWoGGAMVv287MfkcIy9jjGTzC.jpg
969731,New Normal,2022-04-16,A Story about Love :),"['Romance', 'Drama']","['lesbian relationship', 'lgbt', 'teenage romance']","['Anagha Maya Ravi', 'Swiya', 'Srikanth Mohan']",['Monisha Mohan Menon'],['Monisha Mohan Menon'],"['English', 'Malayalam']",[],7.0,1,0.4688,21,https://image.tmdb.org/t/p/w500/vjhDw7fGqyHkjssTVDljz5e67ZB.jpg
1595447,Bhoothayanam,2025-12-05,"Lonely and desperate, an elderly matriarch will go to any length to be reunited with her beloved granddaughter.","['Horror', 'Mystery', 'Drama']",[],"['K.P.A.C Leela', 'Vriddhi Vishal', 'Jins Baskar', 'Haritha Parokod', 'Rini K Rajan']",['Tony Davis'],['Pratheek Thomas'],['Malayalam'],[],0.0,0,0.5935,18,https://image.tmdb.org/t/p/w500/6e7fZM2qQH23TDCAV996VVnydHx.jpg
851743,Kanakam Kaamini Kalaham,2021-11-12,"As Pavithran and Haripriya's marriage withers away, he plans a trip to bring things back on track. But his marital bliss is threatened by a bunch of nutjobs.",['Comedy'],"['deadpan comedy', 'kakaka', 'kkk']","['Nivin Pauly', 'Grace Antony', 'Jaffer Idukki', 'Vinay Forrt', 'Sudheesh']",['Ratheesh Balakrishnan Poduval'],['Ratheesh Balakrishnan Poduval'],['Malayalam'],['JioHotstar'],5.8,14,0.469,121,https://image.tmdb.org/t/p/w500/iZJfmpm8NuTN631npCv0cIPyvlR.jpg
427012,Kattappanayile Rithwik Roshan,2016-11-18,The story of a young man who dreams to become a movie star.,"['Romance', 'Comedy']","['friendship', 'dreams', 'parent child relationship', 'misunderstanding', 'movie star']","['Vishnu Unnikrishnan', 'Dharmajan Bolgatty', 'Siddique', 'Lijomol Jose', 'Prayaga Martin']",['Nadirshah'],"['Vishnu Unnikrishnan', 'Bibin George']",['Malayalam'],"['ManoramaMax', 'VI movies and tv', 'ManoramaMAX Amazon Channel']",6.2,20,0.3869,140,https://image.tmdb.org/t/p/w500/qaDDuuxTsvktQtZbUN7J6HEhgdC.jpg
992589,Christopher,2023-02-09,"A maverick, vigilante cop who is forced to misbehave the limits of law when the system fails. It weaves across past and present whilesolving the motives and moral bruises that shape his actions.","['Action', 'Thriller']",[],"['Mammootty', 'Sneha', 'Amala Paul', 'Aishwarya Lekshmi', 'Dileesh Pothan']",['B. Unnikrishnan'],['Uday Krishna'],['Malayalam'],"['Amazon Prime Video', 'Amazon Prime Video with Ads']",3.2,9,0.4017,150,https://image.tmdb.org/t/p/w500/gN2bHdWTaLRS7rpcmlv8bZ6PQ5N.jpg
921135,Ennalum Ente Aliya,2023-01-06,Two immigrant families who live in the building in Dubai inadvertently square up because of a romantic misunderstanding. Things take a turn when the real culprits of the love affairs are revealed.,"['Comedy', 'Drama']",[],"['Suraj Venjaramoodu', 'Lenaa', 'Siddique', 'Gayatri Arun', 'Meera Nandan']",['Bash Mohammed'],"['Sreekumar Arakkal', 'Bash Mohammed']",['Malayalam'],"['Amazon Prime Video', 'Amazon Prime Video with Ads']",5.6,5,0.4132,113,https://image.tmdb.org/t/p/w500/w5GKS2Vz8jbtakiNAdiPBaHtNJS.jpg
452416,Puthan Panam,2017-04-12,"The sudden implementation of demonetisation rattles the country, and a few black money hoarders in Kerala are trying their best to save their void currencies by hook or crook. Kasaragod-based financier Nithyananda Shenoy also gets embroiled in it, and drawn into the scene are also a few underprivileged folk in Kochi. Dramatic situations surrounding the hotchpotch ensue, as each one tries to set their lives straight.","['Action', 'Crime', 'Thriller']","['black money', 'ex-minister', 'demonetisation']","['Mammootty', 'Swaraj Gramika', 'Mamukkoya', 'Siddique', 'Baiju Santhosh']",['Ranjith'],"['Ranjith', 'Ranjith']","['Kannada', 'Malayalam']",[],5.6,11,0.5433,147,https://image.tmdb.org/t/p/w500/jePXxUxwHCdZJiTrVnU9QuNF7B4.jpg
429652,Girls,2016-10-28,"A group of friends who are doing a diploma course at a Film Institute. As part of their studies, they have to make a movie and the intriguing incidents during their film shoot at the high range form the plot.","['Horror', 'Thriller']",[],"['Nadhiya', 'Iniya', 'Eden Kuriakose', 'Aarthi', 'Subiksha']",['Thulasidas'],['G. M. Durai Pandiyan'],"['Tamil', 'Malayalam']","['Amazon Prime Video', 'Amazon Prime Video with Ads']",4.0,1,0.4345,125,https://image.tmdb.org/t/p/w500/gm7wV245tDhTBThDLNk4E6VeFtX.jpg
859987,#Home,2021-08-19,"The humble, technology-challenged Oliver Twist struggles to keep close with his sons as they grow up and become active on social media.","['Drama', 'Family']",[],"['Indrans', 'Sreenath Bhasi', 'Naslen K. Gafoor', 'Manju Pillai', 'Kainakary Thankaraj']",['Rojin Thomas'],['Rojin Thomas'],['Malayalam'],"['Amazon Prime Video', 'Amazon Prime Video with Ads']",7.689,37,0.5897,162,https://image.tmdb.org/t/p/w500/pNG5VujToJkZNm6ZR9i6pJx5tsY.jpg
683431,Stand Up,2019-12-13,"Keerthi aspires to make it big in the stand-up world and is in search of opportunities. Through her act, she narrates the story of her friend, Diya, who was victimised by the patriarchal society.",['Drama'],[],"['Rajisha Vijayan', 'Nimisha Sajayan', 'Venkitesh V P', 'Arjun Ashokan', 'Seema']",['Vidhu Vincent'],['Umesh Omanakuttan'],['Malayalam'],[],6.0,3,0.3618,110,https://image.tmdb.org/t/p/w500/vsat7Hs21Pydv4txlMKAtfMpHJp.jpg
834666,Kaaval,2021-11-25,"Thampan and Antony are a long time best friends and business partners who owned a saw mill at Kattappana in the past. A family tragedy and its falling-out separates them for good. But now Antony and his family faces a grievous situation, and he is forced to ask his old friend for a help out. The timeline of the story spans over two generations","['Action', 'Thriller']",[],"['Suresh Gopi', 'Renji Panicker', 'Rajesh Sharma', 'Muthumani Somasundaran', 'Shankar Ramakrishnan']",['Nithin Renji Panicker'],['Nithin Renji Panicker'],['Malayalam'],['Netflix'],4.8,6,0.4393,148,https://image.tmdb.org/t/p/w500/uP15yTnZHc12JztbTCF00q94UTh.jpg
378230,Lens,2016-06-17,"A porn addict is threatened by a hacker, who orders the guy to witness him commit suicide online.",['Thriller'],"['blackmail', 'cybercrime', 'cyber thriller']","['Anand Sami', 'Jayaprakash Radhakrishnan', 'Vinutha Lal', 'Misha Ghoshal', 'Kulothungan Udayakumar']",['Jayaprakash Radhakrishnan'],['Jayaprakash Radhakrishnan'],"['English', 'Malayalam', 'Tamil']","['Amazon Prime Video', 'Amazon Prime Video with Ads']",6.7,17,0.3574,109,https://image.tmdb.org/t/p/w500/fqxW6RW9NxBYnc8lup3MKqhUooe.jpg
393825,Hello Namasthe,2016-02-19,"When roommates Madhav and Jerrin bought two adjacent villas and started living with their families, they never thought that their friendship will be affected in any way.",['Comedy'],"['friendship', 'jackfruit', 'radio jockey']","['Vinay Forrt', 'Sanju Sivaram', 'Bhavana', 'Miya George', 'Joju George']",['Jayan K. Nair'],"['Krishna Poojappura', 'Krishna Poojappura']",['Malayalam'],[],3.9,7,0.3864,124,https://image.tmdb.org/t/p/w500/ftLT6HvZmAHoaAoZdBh6F0wIkWx.jpg
851699,Eighteen Hours,2021-08-01,"A young vulnerable woman who gets caught up in the kidnap of a group of school girls by an armed, dangerous gang of goons - becomes the only hope of their survival, while the police desperately try to track them on a hostile, isolated forest terrain.",['Thriller'],[],"['Shyamaprasad', 'Vijay Babu', 'Indu Thampi', 'Sudheer Karamana', 'Harikrishnan']",['Rajesh Nair'],"['Vinod Vijayakumar', 'Vinod Jayakumar']",['Malayalam'],['ManoramaMax'],3.0,2,0.4387,99,https://image.tmdb.org/t/p/w500/ip50eECZNsvJ1d187eHsR7s3iOv.jpg
1077696,Thankamani,2024-03-07,"In October 1986, a dispute erupted between students of Thankamani village and a private bus owner over service to the area which didn't have proper roads.","['Crime', 'Drama']",[],"['Dileep', 'Pranitha Subhash', 'Neeta Pillai', 'Manoj K Jayan', 'John Vijay']",['Ratheesh Reghunandan'],['Ratheesh Reghunandan'],['Malayalam'],[],0.0,0,0.3762,154,https://image.tmdb.org/t/p/w500/q8zczB45kmJLgunEVkNSDrH1lHN.jpg
371107,Anarkali,2015-11-13,"Shanthanu, a former Navy officer arrives in the Lakshadweep islands searching for his long lost love, Nadira. As he confronts the memories of a forbidden romance and the people tied to their past, his journey becomes one of longing, redemption, and enduring love across time and distance.","['Romance', 'Drama']","['island', 'navy', 'helicopter', 'major', 'love']","['Prithviraj Sukumaran', 'Biju Menon', 'Priyal Gor', 'Kabir Bedi', 'Miya George']",['Sachy'],['Sachy'],['Malayalam'],['Sun Nxt'],5.9,26,0.3943,166,https://image.tmdb.org/t/p/w500/bpXcSDAIcTAq6EUXWfqrGSJ2tbq.jpg
1115022,Azadi,2025-05-23,An elaborate plan is made to break a pregnant woman out of prison.,"['Drama', 'Thriller']",[],"['Sreenath Bhasi', 'Raveena Ravi', 'Vani Viswanath', 'Lal', 'Saiju Kurup']",['Joe George'],['Sagar Hari'],['Malayalam'],"['Sun Nxt', 'ManoramaMax', 'ManoramaMAX Amazon Channel']",2.7,3,0.3788,129,https://image.tmdb.org/t/p/w500/A3t50UA1rl6Yt15eMJPkpMe2eMh.jpg
469718,Honey Bee 2.5,2017-08-18,"Vishnu, a young man who aspires to become a movie star, faces many difficulties as ill luck follows him everywhere. He is then advised by Sachi, a director, to meet with the director Thomas George, who possibly could help him. George instructs Vishnu to go on the sets of the movie Honey Bee 2",['Comedy'],[],"['Askar Ali', 'Lijomol Jose', 'Asif Ali', 'Lal', 'Bhavana']",['Shyju Anthikkad'],"['Lal', 'Shyju Anthikkad']",['Malayalam'],"['ManoramaMax', 'ManoramaMAX Amazon Channel']",3.8,8,0.4636,107,https://image.tmdb.org/t/p/w500/dWbBX58EghUuwvoh8M9ksbawgqz.jpg
962079,Shefeekkinte Santhosham,2022-11-25,"Shefeek, an expatriate, is a good samaritan who is loved by everybody around him. During his short visit to his hometown for his wedding, he gets into an issue which brings out the true colours of his kith and kin.","['Drama', 'Comedy', 'Family']",[],"['Unni Mukundan', 'Divya Pillai', 'Athmeeya Rajan', 'Vyshnavi Raj', 'Unni Nair']",['Anup Pandalam'],['Anup Pandalam'],['Malayalam'],[],5.0,5,0.4284,128,https://image.tmdb.org/t/p/w500/iBLOC8FpCehImg7ih3yUdqDZRCA.jpg
734524,Veyil,2022-02-25,"Two brothers, Karthi and Sidhu live with their mother. As a family, how they face life and deal with all the challenges thrown at them is what forms the crux of the story.","['Drama', 'Thriller']",[],"['Shane Nigam', 'Sona Olickal', 'Shine Tom Chacko', 'Merin Jose Pottackal', 'Sudhi Koppa']",['Sarath Menon'],['Sarath Menon'],['Malayalam'],"['Amazon Prime Video', 'Amazon Prime Video with Ads']",6.2,4,0.395,157,https://image.tmdb.org/t/p/w500/aiTMv42qI7NTSRCF0RTm24XOQ1T.jpg
564686,Thattumpurath Achuthan,2018-12-22,"Achuthan is a jovial man who loves helping his fellow villagers. However, his life turns on its head after he receives a letter that is addressed to Lord Krishna.",['Comedy'],"['dreams', 'letter', 'attic', 'lord krishna']","['Kunchacko Boban', 'Hareesh Perumanna', 'Sravana TN', 'Bindu Panicker', 'Kalabhavan Shajon']",['Lal Jose'],['M. Sindhuraj'],['Malayalam'],['Zee5'],4.667,6,0.3345,142,https://image.tmdb.org/t/p/w500/m5Eq13HRKrc7otg8Y66gHaYpEfU.jpg
661080,Anugraheethan Antony,2021-04-01,"A happy-go-lucky Antony disappoints his Dad who was a teacher, so his Dad brings home 2 puppies to insult Antony and show him how thankful Dogs are. Antony despises the Dogs and never leaves any chances to trouble them","['Romance', 'Fantasy']",[],"['Sunny Wayne', 'Gouri G Kishan', 'Siddique', 'Suraj Venjaramoodu', 'Indrans']",['Prince Joy'],"['Naveen T Manilal', 'Jishnu S Ramesh', 'Aswin Prakash']",['Malayalam'],"['ManoramaMax', 'ManoramaMAX Amazon Channel']",6.1,8,0.4081,120,https://image.tmdb.org/t/p/w500/8MNVm3Nitdqv4wCRdpBNehR1e2C.jpg
391036,Kali,2016-03-26,"A young wife hopes to convince her husband to change his short-tempered attitude toward life, but an incident on a remote highway may finally decide the matter.","['Action', 'Thriller']","['hotel', 'fight', 'revenge', 'young couple', 'anger issues', 'college friends']","['Dulquer Salmaan', 'Sai Pallavi', 'Vinayakan', 'Chemban Vinod Jose', 'Soubin Shahir']",['Sameer Thahir'],['Rajesh Gopinadhan'],['Malayalam'],"['Amazon Prime Video', 'Amazon Prime Video with Ads']",6.4,45,0.5195,116,https://image.tmdb.org/t/p/w500/92JuEJ0bB6yVjikLj7oiUxmHdtU.jpg
551240,Chalakkudikkaran Changathi,2018-09-28,"A biographical drama that chronicles the life and the untimely death of actor Kalabhavan Mani, who rose from his humble beginnings to become one of the most versatile artists in Malayalam cinema.",['Drama'],[],"['Senthil Krishna Rajamani', 'Honey Rose', 'Dharmajan Bolgatty', 'Salim Kumar', 'Joju George']",['Vinayan'],"['Vinayan', 'Ummar Muhammad']",['Malayalam'],"['ManoramaMax', 'ManoramaMAX Amazon Channel']",5.0,4,0.3548,161,https://image.tmdb.org/t/p/w500/jwM0vDetEnViy3iJq1lDbxzPhiO.jpg
1170659,Paradise,2024-06-21,"An Indian tourist couple arrive in the hill country of crisis ridden Sri Lanka to celebrate their 5th wedding anniversary. But, when things take an unexpected turn, conflicts deepen revealing cracks in their relationship.","['Drama', 'Crime']","['sri lanka', 'thriller', 'drama', 'intense', 'audacious', 'awestruck', 'bold']","['Roshan Mathew', 'Darshana Rajendran', 'Mahendra Perera', 'Shyam Fernando', 'Sumith Ilango']",['Prasanna Vithanage'],"['Prasanna Vithanage', 'Anushka Senanayake']","['Sinhalese', 'Hindi', 'Tamil', 'English', 'Malayalam']","['Netflix', 'Amazon Prime Video', 'MUBI', 'ManoramaMax', 'VI movies and tv', 'ManoramaMAX Amazon Channel', 'MUBI Amazon Channel', 'Amazon Prime Video with Ads']",6.0,6,0.3917,94,https://image.tmdb.org/t/p/w500/pYl7ydDvidoaM2Q8pLx8rGn8WRg.jpg
1290218,Painkili,2025-02-14,"Tale of Suku, who fakes insanity to escape the law. While faking insanity, he falls in love.","['Romance', 'Comedy']","['eccentric', 'faking illness', 'outburst', 'immature girl']","['Sajin Gopu', 'Anaswara Rajan', 'Jisma Jiji', 'Roshan Shanavas', 'Chandu Salimkumar']",['Sreejith Babu'],['Jithu Madhavan'],['Malayalam'],"['ManoramaMax', 'ManoramaMAX Amazon Channel']",5.5,21,0.4901,139,https://image.tmdb.org/t/p/w500/hj2VTnrshKRFi6rUKd8neP4q8qO.jpg
868621,Pathrosinte Padappukal,2022-03-18,"Pathrose is a gas agency employee whose family includes his wife and his four children. The central character in the film is his second son Tony, who lives happily without doing any work. The story revolves around Tony's grandmother who comes in between them and the interesting events that follow.","['Comedy', 'Drama']",[],"['Sharafudheen', 'Dinoy Paulose', 'Naslen K. Gafoor', 'Grace Antony', 'Ranjitha Menon']",['Afzal Abdul Latheef'],['Dinoy Paulose'],['Malayalam'],"['Zee5', 'VI movies and tv']",5.8,4,0.3651,136,https://image.tmdb.org/t/p/w500/5FFy3xhSz9O7NgUXk0cCiVg4GpB.jpg
341450,Ivan Maryadaraman,2015-04-25,"Raman meets Krishnendu, the daughter of his father's enemy, on the way to his hometown. Once he reaches his hometown, he finds himself hunted by his rivals.",['Comedy'],"['cycle', 'trap', 'rivalry', 'remake', 'misunderstanding', 'train', 'customs', 'trying to escape', ""father's property""]","['Dileep', 'Nikki Galrani', 'Nagineedu Vellanki', 'Kailash', 'Abu Salim']",['Suresh Divakar'],"['Uday Krishna', 'Siby K Thomas', 'S. S. Kanchi']",['Malayalam'],['ManoramaMAX Amazon Channel'],4.0,7,0.4287,122,https://image.tmdb.org/t/p/w500/zIqAI1fnQ4UVMgMtjuf1Hr40HAt.jpg
382663,Pavada,2016-01-15,"Joy a young man who leads a carefree life. Joy acquaintance Babu Joseph, an English professor, and they reminiscence some seemingly forgotten memories.","['Comedy', 'Drama']","['movie business', 'alcoholic']","['Prithviraj Sukumaran', 'Anoop Menon', 'Asha Sarath', 'Miya George', 'Maniyanpilla Raju']",['G. Marthandan'],"['Bipin Chandran', 'Shibin Francis']",['Malayalam'],['Sun Nxt'],5.6,18,0.413,145,https://image.tmdb.org/t/p/w500/5Vbx87o5namkRtyvqwK0U9yVqYN.jpg
501255,Kalyanam,2018-02-23,"Sarath, a young guy, is head-over-heels in love with his neighbor and childhood friend, Shari. But, he never finds the courage to express his feelings for her and keeps waiting for the perfect opportunity. The movie revolves around a wedding, where who marries who is answered.","['Comedy', 'Romance']",[],"['Shravan Mukesh', 'Varsha Bollamma', 'Dharmajan Bolgatty', 'Sreenivasan', 'Mukesh']","['Usha Rajesh', 'Rajesh Nair']",['Govind Vijayan'],['Malayalam'],"['ManoramaMax', 'ManoramaMAX Amazon Channel']",0.0,0,0.4064,116,https://image.tmdb.org/t/p/w500/Ao5Efwn2zhxrQ0ZPZ3Lok39X1iO.jpg
412428,Marubhoomiyile Aana,2016-08-12,"Sughu falls in love with the daughter of a rich man. In order to marry his lover, he seeks illegal ways to make money, but life takes a turn when his plans become flop.","['Comedy', 'Drama']","['tiger', 'auction', 'royal family', 'dubai', 'drugs', 'accidental killing']","['Biju Menon', 'Krishna Shankar', 'Balu Varghese', 'Samskruthy Shenoy', 'Lalu Alex']",['V. K. Prakash'],['Y. V. Rajesh'],"['Arabic', 'Malayalam']","['Amazon Prime Video', 'Amazon Prime Video with Ads']",4.8,9,0.474,121,https://image.tmdb.org/t/p/w500/wIO0ddSq6ZDBcdfR7GHdu0dDK5o.jpg
466501,Sunday Holiday,2017-07-14,"Mr. Unni Mukundan who is very passionate about his first movie, coincidentally meets Mr. David Paul, a famous movie director. At the same time, the life experiences of Amal, who relocates himself to Cochin from Thalaserry, makes him undergo a total change in his vision of life due to his acquaintance with Nakutti and Rahul, the residents of 'Sargapournami' his home in Cochin. Sunday Holiday is a beautiful story that is replete with comedy.","['Comedy', 'Romance']","['movie business', 'writing']","['Asif Ali', 'Aparna Balamurali', 'Sreenivasan', 'Lal Jose', 'Siddique']",['Jis Joy'],['Jis Joy'],['Malayalam'],[],6.1,21,0.3665,135,https://image.tmdb.org/t/p/w500/68Jd8PVxKg6qXkFPR30i09FdpnI.jpg
502963,Nieraali,2018-07-13,"A pleasant road trip takes a nightmarish turn for gemologist Sunny George when he meets with an accident. As his life hangs in the balance on the edge of a cliff in the middle of nowhere, Sunny must not only contend with the great adversity he is in, but the adversaries lurking in the shadows as well.",['Thriller'],"['cliff', 'accident']","['Mohanlal', 'Nadhiya', 'Parvatii Nair', 'Suraj Venjaramoodu', 'Nassar']",['Ajoy Varma'],"['Saju Thomas', 'Saju Thomas']",['Malayalam'],['Sun Nxt'],4.1,13,0.3871,128,https://image.tmdb.org/t/p/w500/vrhB420zPmWvxKHLVRa44WzISnA.jpg
368371,Viswasam Athalle Ellam,2015-07-31,"Vishwasam... Athallae Ellaam is the story of Jomon played by Shine Tom Chacko and his frequent conflict with A S A Luka, his father played by veteran actor Shankar. Jomon is a very spoilt brat and he seldom know how to lead a practical and successful life. He believes that a person can amass wealth only using intelligence. As he wishes, he is entrusted with a task that can make his ambition a reality, but his lack of knowledge in practical life lands him in several trouble.","['Comedy', 'Drama']",[],"['Shine Tom Chacko', 'Ansiba Hassan', 'Kalabhavan Shajon', 'Shankar', 'Manoj K Jayan']",['Jayaraj Vijay'],"['Jayaraj Vijay', 'Jayaraj Vijay']",['Malayalam'],[],1.0,1,0.4023,159,https://image.tmdb.org/t/p/w500/MgMSwmqt0i651xtckPHuNAitS.jpg
974966,Kolla,2023-06-09,"Two girls open a beauty parlor in a small town, gaining initial support from the townspeople. However, an incident triggers a perilous cat-and-mouse game, forcing them to embark on a journey to escape the trap.","['Thriller', 'Drama']",[],"['Rajisha Vijayan', 'Vinay Forrt', 'Priya Prakash Varrier', 'Alencier Ley Lopez', 'Shebin Benson']",['Suraj Varma'],"['Bobby', 'Sanjay', 'Jasim Jalal']",['Malayalam'],"['ManoramaMax', 'VI movies and tv', 'ManoramaMAX Amazon Channel']",4.5,4,0.4585,123,https://image.tmdb.org/t/p/w500/uXXsyDJKRLxKGdDk6IsJIkDmruj.jpg
442000,Angamaly Diaries,2017-03-03,Six young friends in the small town of Angamaly tries their luck by starting a pork business lead by Vincent Pepe. They initially strike a business deal with Rajan and Ravi despite the duo having killed a close friend of theirs in a gang fight. Vincent is in love with Sakhi and plan to immigrate abroad with her. But their plans hit a road bump as the deal with the gangsters hits some road bumps.,"['Action', 'Comedy', 'Thriller']","['police', 'bomb', 'gambling', 'gang war', 'romance', 'revenge', 'murder', 'pig farme']","['Antony Varghese', 'Sarath Kumar', 'Tito Wilson', 'Bitto Davis', 'Sinoj Varghese']",['Lijo Jose Pellissery'],"['Chemban Vinod Jose', 'Chemban Vinod Jose']",['Malayalam'],[],7.39,59,0.4038,132,https://image.tmdb.org/t/p/w500/fwxgQakS3vUQIzgJMphQWHxAqr2.jpg
1274225,Bromance,2025-02-14,"Binto teams up with his brother's friends for a thrilling adventure to find him, leading to unexpected twists, discoveries, and unforgettable moments.","['Comedy', 'Action']","['sibling relationship', 'unlikely friendship', 'action comedy']","['Arjun Ashokan', 'Mathew Thomas', 'Mahima Nambiar', 'Kalabhavan Shajon', 'Binu Pappu']",['Arun D Jose'],"['Arun D Jose', 'Raveesh Nath', 'Thomas P Sebastian']",['Malayalam'],"['Sony Liv', 'VI movies and tv']",5.2,9,0.392,139,https://image.tmdb.org/t/p/w500/2xzgtY0d7xbqeTWdF3tDgd5WeVM.jpg
357969,32aam Adhyayam 23aam Vaakyam,2015-06-19,"Ann and Freddy marry against the wishes of their parents and lead a happy life. However, their lives take a turn when Freddy gets involved in solving a case after reading a book gifted to Ann.","['Thriller', 'Mystery']","['love', 'murder', 'memory loss']","['Govind Padmasoorya', 'Miya George', 'Lal', 'Arjun Nandhakumar', 'Sunil Sukhada']","['Arjun Prabhakaran', 'Gokul Ramakrishnan']","['Gokul Ramakrishnan', 'Arjun Prabhakaran']",['Malayalam'],"['Amazon Prime Video', 'Amazon Prime Video with Ads']",4.4,5,0.4103,116,https://image.tmdb.org/t/p/w500/irqDvBcGRn23l4KKzS1j7UDBy5U.jpg
657995,Padavettu,2022-10-21,"Set in Maloor, a village in Kerala, while farmers suffer and politicians continue their manipulative games,  A lazy young  resident of the village, Ravi, rises against political bullies to protect his fellow villagers and their farmlands from being usurped.","['Drama', 'Action']",[],"['Nivin Pauly', 'Aditi Balan', 'Shine Tom Chacko', 'Shammi Thilakan', 'Indrans']",['Liju Krishna'],['Liju Krishna'],['Malayalam'],['Netflix'],6.5,11,0.4447,142,https://image.tmdb.org/t/p/w500/wogAxtm3ELAiVFzyLsgMUoXTSK0.jpg
374232,2 Countries,2015-12-25,"Ullaas is a cunning guy who can go to any extent for money. One fine day, he cheats a priest and redirects an NRI match which is supposed to go to a known person in his village. He manages everything and finally ties the knot with Laya. The twist in the tale arises when Ullaas comes to know that the NRI girl he married is a complete alcoholic. Rest of the story is as to how Sunil manages to get his problematic wife back on track.","['Comedy', 'Romance']","['canada', 'marriage', 'fraud', 'travel', 'india', 'alcoholic', 'childhood']","['Dileep', 'Mamta Mohandas', 'Aju Varghese', 'Mukesh', 'Suraj Venjaramoodu']",['Shafi'],"['Raffi', 'Najim Koya']","['Tamil', 'English', 'Malayalam']",['VI movies and tv'],6.7,40,0.4052,156,https://image.tmdb.org/t/p/w500/r3j6lUFsPBZOWmTww9G77kw1LCO.jpg
807158,Irul,2021-04-02,"A dark rainy night, an empty house, a stranded couple and an unknown man. A sleek game of the cat and the mouse starts playing on, as the three of them find a dead body in the basement.","['Thriller', 'Mystery']",[],"['Fahadh Faasil', 'Soubin Shahir', 'Darshana Rajendran', 'Mashar Hamsa', 'Jipa John']",['Naseef Yusuf Izuddin'],"['Sunil Yadav', 'Sunil Yadav']","['English', 'Malayalam']",['Netflix'],5.647,34,0.4396,91,https://image.tmdb.org/t/p/w500/cePtRJSY9UCOrgBI2K6SeThOxz5.jpg
1106164,B 32 Muthal 44 Vare,2023-04-06,Five women and a trans-man who are subjected to body shaming in the name of the size and shape of their breasts look back at society as they begin to embrace themselves.,['Drama'],[],"['Remya Nambeesan', 'Zarin Shihab', 'Ashwathy B', 'Anarkali Marikar', 'Krisha Kurup']",['Shruthi Sharanyam'],['Shruthi Sharanyam'],['Malayalam'],[],3.0,2,0.3462,108,https://image.tmdb.org/t/p/w500/h78AOWrp0gxAao0HG6uoqYSCcXo.jpg
1015155,Rekha,2023-02-10,"Rekha, a young woman falling in love, finds herself on a vengeful mission after one fateful night sends her spiraling into violence.","['Drama', 'Thriller', 'Romance']",['dark romance'],"['Unni Lalu', 'Vincy Aloshious', 'Rajesh Azhikkodan', 'Premalatha Thayineri', 'Vishnu Govindan']",['Jithin Issac Thomas'],['Jithin Issac Thomas'],['Malayalam'],['Netflix'],4.4,8,0.447,121,https://image.tmdb.org/t/p/w500/aPDekC6fnKGUlR3kmhDvjgCCiVb.jpg
530588,Abrahaminte Santhathikal,2018-06-15,"Derick Abraham, a fiery and dutiful police officer, continues to be the best officer until his brother Philip Abraham gets arrested for false murder charges. Will he be able to investigate the case and serve justice to his brother?","['Crime', 'Thriller']","['brother', 'murder', 'police officer']","['Mammootty', 'Anson Paul', 'Yog Jappie', 'Siddique', 'Renji Panicker']",['Shaji Padoor'],['Haneef Adeni'],"['English', 'Malayalam']","['Sun Nxt', 'VI movies and tv']",5.7,21,0.5013,131,https://image.tmdb.org/t/p/w500/aZWh3rM2XGufvUyHo7EUpBTfPQy.jpg
339900,Adventures of Omanakuttan,2017-05-19,"Omanakuttan is an introverted salesman who is down on confidence and luck. Spurred on by his colleague he decides to change himself and tries to act like a flirt. He meets Pallavi a free spirited girl, but as luck would have it he wakes up with memory loss and struggles to figure out who he really is. Both of them join in on an adventure to figure out the real Omanakuttan.","['Comedy', 'Thriller']","['police', 'fake identity', 'memory loss', 'fake boyfriend']","['Asif Ali', 'Bhavana', 'Aju Varghese', 'Saiju Kurup', 'Siddique']",['Rohith VS'],"['Sameer Abdul', 'Rohith VS']","['Kannada', 'Malayalam']",['Sun Nxt'],6.8,16,0.3655,166,https://image.tmdb.org/t/p/w500/gr9q9uZPIb5BdMUZpIN2sGY0z5M.jpg
692465,Thakkol,2019-12-06,"A young priest detests the iron-control his superior wields over him. His dreams of freedom come true when he receives a new assignment, but a mysterious key soon changes his perspective on things.","['Thriller', 'Drama']",[],"['Indrajith Sukumaran', 'Murali Gopy', 'Nedumudi Venu', 'Iniya', 'Lal']",['Kiron Prabhakaran'],['Kiron Prabhakaran'],['Malayalam'],[],5.7,3,0.3627,150,https://image.tmdb.org/t/p/w500/nFNppoUunybueX6OWAg1HPYv5EB.jpg
829830,Madhuram,2021-12-24,"""Love is sweet when it's new, it's sweeter when it's true"".The movie mainly focuses on Sabu and Kevin, the two bystanders in the hospital. Sabu waits for his wife""s recovery, and Kevin, for his mother's surgery. Both of them become friends as Sabu's love story helps Kevin realize his mistakes in his marriage life.The movie revolves around the journey of Sabu's love life 10 years back and the journey of Kevin's realization. The movie also highlights other bystanders life story which can be related  to","['Romance', 'Drama']",[],"['Joju George', 'Shruti Ramachandran', 'Nikhila Vimal', 'Arjun Ashokan', 'Indrans']",['Ahammed Khabeer'],"['Ahammed Khabeer', 'Fahim Safar', 'Ashiq Aimar', 'Vihar Padala']",['Malayalam'],"['Sony Liv', 'VI movies and tv']",6.9,11,0.5284,122,https://image.tmdb.org/t/p/w500/vJLFF6XDHuOYeFrm4503fdmIG42.jpg
553684,Nonsense,2018-10-12,"A bright but misunderstood student, who has a passion for BMX and a love for science, in his search for humanity. His faith in humanity is tested when something unexpected happens.","['Drama', 'Comedy', 'Family']",[],"['Rinosh George', 'Febia Mathew', 'Vinay Forrt', 'Kalabhavan Shajon', 'Shruti Ramachandran']",['MC Jithin'],"['T. B. Libin', 'MC Jithin', 'MC Jithin', 'Muhammed Shafeekh']",['Malayalam'],"['Amazon Prime Video', 'Amazon Prime Video with Ads']",6.2,10,0.3533,147,https://image.tmdb.org/t/p/w500/6Q0IoNGjMc80RdvXN3bJJGHASvB.jpg
977875,Four,2022-05-20,"It is about a wronged teacher, who returns to the government school from where he lost his job to guide the students along the right path.","['Drama', 'Comedy', 'Romance']",[],"['Govind V Pai', 'Amal Shah', 'Minon John', 'Mamitha Baiju', 'Gourav Menon']",['Sunil Hanif'],"['Vidhu Sankar', 'Vyshak']",['Malayalam'],[],1.0,1,0.4815,118,https://image.tmdb.org/t/p/w500/jajsrN9S1goOU2YyXFk1neMT7vm.jpg
811826,Innu Muthal,2021-03-28,Lord Krishna wants 'fraudster' driver Abhinandan to change his ways and offers in return to fulfil his one wish; to appear in his Vishwaroopam.,"['Drama', 'Comedy']",[],"['Siju Wilson', 'Navas Vallikkunnu', 'Kottayam Ramesh', 'Sooraj Pops', 'Indrans']",['Rejishh Midhila'],['Rejishh Midhila'],['Malayalam'],['Zee5'],5.2,4,0.3412,120,https://image.tmdb.org/t/p/w500/3K8twLQ622D4s5hotfxfjo3TZ9N.jpg
876828,Night Drive,2022-03-11,A young couple working are out on a drive where they meet with an accident. It leaves them in a triangle between a cop who investigates the accident and the corrupt political hegemony who are in pursuit of them.,"['Thriller', 'Drama']",[],"['Roshan Mathew', 'Anna Ben', 'Indrajith Sukumaran', 'Kalabhavan Shajon', 'Siddique']",['Vysakh'],['Abhilash Pillai'],['Malayalam'],"['Netflix', 'ManoramaMax', 'ManoramaMAX Amazon Channel']",7.6,10,0.2747,118,https://image.tmdb.org/t/p/w500/3OCb5P53iKaH8AvFGQ3OKbrto7f.jpg
647206,Android Kunjappan Version 5.25,2019-11-08,"Bhaskara, a conservative villager, hates the idea of his son relocating to Russia for a job. However, when his son brings a robot to care for him, he develops an unlikely bond with the machine.","['Comedy', 'Drama']",[],"['Suraj Venjaramoodu', 'Soubin Shahir', 'Sooraj Thelakkad', 'Kendy Zirdo', 'Saiju Kurup']",['Ratheesh Balakrishnan Poduval'],['Ratheesh Balakrishnan Poduval'],['Malayalam'],"['Amazon Prime Video', 'Amazon Prime Video with Ads']",7.449,39,0.3751,134,https://image.tmdb.org/t/p/w500/hoWaxpwu8X0FwYETxGLQeAinix7.jpg
1377390,A Pan Indian Story,2024-12-14,"Hari, a government employee, lives with his wife Sujata, their son Sankaran, and his brother Murali. When Hari's colleague Reji and his family visit for two days, the families celebrate, despite Murali being tired from work. The next day, Hari and Reji attend a wedding with their wives, leaving the children—Helen, Maria, and Sankaran—at home. Maria invites Sankaran to play a game, but as they play, the mood and intensity of the game shift dramatically.","['Family', 'Drama']",[],"['Vishnu Unnikrishnan', 'Dharmajan Bolgatty', 'Master Davinchi', 'Remya Suresh', 'Johny Antony']",['V C Abhilash'],['V C Abhilash'],['Malayalam'],"['ManoramaMax', 'ManoramaMAX Amazon Channel']",5.0,1,0.3242,90,https://image.tmdb.org/t/p/w500/wOgxmjmlN7qW5uErUbiAwNLN21F.jpg
555137,Aanakallan,2018-10-18,A murder happens at Ananthapuram Kottaram and DYSP Aana Esthappan is assigned to investigate the case. The initial investigation hints that Kallan Pavithran will be able to help in finding the murderer and DYSP Aana Esthappan requests one month parole for him.,"['Drama', 'Comedy']",[],"['Biju Menon', 'Siddique', 'Suresh Krishna', 'Hareesh Perumanna', 'Dharmajan Bolgatty']",['Suresh Divakar'],"['Suresh Divakar', 'Uday Krishna']",['Malayalam'],"['Sun Nxt', 'VI movies and tv']",3.833,9,0.4244,155,https://image.tmdb.org/t/p/w500/b8swjymdf6xa8m302CJ9pvJw1y9.jpg
531723,Koode,2018-07-14,"Following the loss of his sister, a young man is forced to reflect on his childhood and reassess his future. However, he finds support and courage from unexpected quarters.","['Drama', 'Romance']",['woman director'],"['Prithviraj Sukumaran', 'Nazriya Nazim', 'Parvathy Thiruvothu', 'Ranjith', 'Maala Parvathi']",['Anjali Menon'],"['Sachin Kundalkar', 'Anjali Menon']",['Malayalam'],[],7.1,34,0.5499,155,https://image.tmdb.org/t/p/w500/smOMGiWAcjedVQvHsSXtYWAEPLg.jpg
730731,Jimmy Ee Veedinte Aiswaryam,2019-12-06,"Jimmy Ee Veedinte Aiswaryam is a comedy film directed by Raju Chandra, starring Mithun Ramesh, Divya Pillai and Suraj Venjaramoodu in the lead roles. The film deals with the innate connection of a canine and man.",['Comedy'],[],"['Mithun Ramesh', 'Divya Pillai', 'Suraj Venjaramoodu', 'Hareesh Perumanna', 'Idavela Babu']",['Raju Chandra'],"['Anoop Mohan', 'Raju Chandra']","['Arabic', 'Malayalam']",[],1.2,2,0.3743,111,https://image.tmdb.org/t/p/w500/jWqfVR7dAKMWbxBuRHxf3TFa33C.jpg
402217,Happy Wedding,2016-05-20,"The story of an engineering graduate Hari, as he contemplates marriage on his mother's insistence.","['Comedy', 'Drama', 'Romance']","['alcohol', 'arranged marriage', 'bus ride', 'college', 'wedding', 'drinking', 'police station', 'stranger', 'marriage broker']","['Siju Wilson', 'Sharafudheen', 'Soubin Shahir', 'Drishya Raghunath', 'Delna Davis']",['Omar Lulu'],['Omar Lulu'],['Malayalam'],"['Sun Nxt', 'VI movies and tv']",6.0,13,0.4364,128,https://image.tmdb.org/t/p/w500/vYxQVZLw4kNeb0yna4DrlP6TYXL.jpg
797186,Thankam,2023-01-26,"Thankam follows the story of Muthu and Kannan, two gold agents from Thrissur, known as the gold capital of India. As they travel across Kerala and Tamil Nadu, delivering consignments of gold, their lives take a dark turn when a routine trip leads to unexpected complications.","['Drama', 'Crime']","['friendship', 'gold', 'investigation', 'kerala', 'thrissur', 'crime', 'unconventional police investigation']","['Biju Menon', 'Vineeth Sreenivasan', 'Aparna Balamurali', 'Girish Kulkarni', 'Kochu Preman']",['Saheed Arafath'],['Syam Pushkaran'],"['English', 'Malayalam', 'Marathi', 'Tamil']","['Amazon Prime Video', 'Amazon Prime Video with Ads']",6.5,17,0.4287,145,https://image.tmdb.org/t/p/w500/lB4VhlVcJGxBTHtSgFaCJdFrmxL.jpg
607113,Cochin Shadhi at Chennai 03,2020-02-07,"Shadhika must travel to Chennai for a personal, clandestine chore. Before she can reach the city, however, unexpected danger strikes.","['Crime', 'Thriller']",['murder investigation'],"['Akshitha', 'R. K. Suresh', 'Vinoth Kishan', 'Neha Saxena', 'Charmila']",['Manjith Divakar'],"['Rijesh Bhaskar', 'Rijesh Bhaskar']","['Malayalam', 'Tamil']",[],3.667,3,0.4201,127,https://image.tmdb.org/t/p/w500/rx5p2DoCaiKPZH5xusfamM4KHo.jpg
495321,Overtake,2017-11-03,"A Malayali family winds up their business in Bengaluru and decides to return to Kerala. While driving down to Kochi, they get chased by a truck","['Thriller', 'Action']","['road trip', 'monster truck']","['Vijay Babu', 'Parvatii Nair', 'Niyaz Musaliyar', 'Ajay Natraj', 'Dinesh Neelakandan']",['John Joseph'],['Anil Kunhappan'],['Malayalam'],"['Amazon Prime Video', 'Amazon Prime Video with Ads']",0.0,0,0.4236,121,https://image.tmdb.org/t/p/w500/qkP6CEBgz8EUspT46CAph8pdicq.jpg
874759,Thrayam,2024-10-25,"A few people who arrive at a buzzing city unexpectedly and the events that happen, which leave their lives upended","['Action', 'Crime', 'Thriller']",[],"['Sunny Wayne', 'Dhyan Sreenivasan', 'Aju Varghese', 'Niranjana Anoop', 'Anarkali Marikar']",['Sanjith Chandrasenan'],"['Ajil Asokan', 'Arun Gopinath']",['Malayalam'],"['Amazon Prime Video', 'Amazon Prime Video with Ads']",1.0,1,0.4311,120,https://image.tmdb.org/t/p/w500/5IOrWZUmhUvq7LiXb8C9VR5Nh6y.jpg
576041,And The Oscar Goes To...,2019-06-21,"Isaak Ebrahim, a passionate and a struggling Indian filmmaker produces and directs his first movie which gets officially selected to the Oscars. Once nominated, Isaak gets to know about the hurdles and the unfriendly situations that can shatter his dream of winning the Oscar.",['Drama'],[],"['Tovino Thomas', 'Anu Sithara', 'Salim Kumar', 'Siddique', 'Sreenivasan']",['Salim Ahamed'],['Salim Ahamed'],['Malayalam'],"['Zee5', 'aha', 'VI movies and tv']",7.0,6,0.4181,124,https://image.tmdb.org/t/p/w500/w7dbHVawm4QxWSSBYfLwTWH1tkY.jpg
358441,Nirnayakam,2015-06-05,"Ajay visits his ailing father, a lawyer, and decides to help him with a case that proves the negligence of the government.",['Drama'],"['army', 'government', 'strike', 'lawyer', 'bone marrow transplant', 'accident']","['Asif Ali', 'Prem Prakash', 'Tisca Chopra', 'Malavika Mohanan', 'Nedumudi Venu']",['V. K. Prakash'],"['Sanjay', 'Bobby']",['Malayalam'],['Sun Nxt'],6.4,13,0.4355,112,https://image.tmdb.org/t/p/w500/j9rpl6ZzJwB11djzYvwsWGBXn2m.jpg
1296484,ED: Extra Decent,2024-12-20,A controlling son's family try to prevent him from regaining his memory after he is hospitalised following a blow to the head.,"['Family', 'Drama', 'Comedy']",[],"['Suraj Venjaramoodu', 'Grace Antony', 'Vinaya Prasad', 'Shyam Mohan', 'Dilina Ramakrishnan']",['Aamir Pallikkal'],['Ashif Kakkodi'],['Malayalam'],"['Amazon Prime Video', 'ManoramaMax', 'ManoramaMAX Amazon Channel', 'Amazon Prime Video with Ads']",6.4,5,0.3653,122,https://image.tmdb.org/t/p/w500/1gmWyvloi9znKCYp8fgvEAi02Qy.jpg
1065918,Kannur Squad,2023-09-28,"The gripping saga of a police officer and his team, their challenging journey to nab a criminal gang across the country. Further, it shows how he leads his team towards triumph, amidst professional uncertainities in this gripping drama.","['Thriller', 'Crime']",[],"['Mammootty', 'Rony David Raj', 'Azees Nedumangad', 'Shabareesh Varma', 'Kishore']",['Roby Varghese Raj'],"['Muhammad  Shafi', 'Rony David Raj']",['Malayalam'],[],6.694,31,0.53,160,https://image.tmdb.org/t/p/w500/mGR5OVq4edV7zMicFRdBAWyeCeu.jpg
563609,Praana,2019-01-18,"A young woman decides to lead a solitary life in an old mansion, where she soon realizes that the nature surrounding her has other plans for her.","['Crime', 'Horror', 'Drama']",['haunted house'],"['Nithya Menen', 'Nani', 'Kunchacko Boban']",['V. K. Prakash'],"['Rajesh Jayaraman', 'Rajesh Jayaraman']","['Hindi', 'Kannada', 'Malayalam', 'Telugu']",[],6.0,1,0.5995,107,https://image.tmdb.org/t/p/w500/6JbBsDRsoDlefw2WJDy0IxMy54u.jpg
531916,School Diary,2018-05-18,"A group of friends including five girls and four boys studying in 12th standard share a close bond with each other. All goes well for the group until suddenly a crisis arises, which puts their friendship to test.","['Action', 'Drama', 'Mystery', 'Thriller']",[],"['Mamitha Baiju', 'Bhama Arun', 'Reena Basheer', 'Indrans', 'Ashkar Soudhan']",['M Hajamoinu'],['M Hajamoinu'],['Malayalam'],[],0.0,0,0.3668,108,https://image.tmdb.org/t/p/w500/f35FAZMUEwSOwMtJbGQevQR00Co.jpg
461292,Tharangam,2017-09-29,"Kallan Pavithran is in negotiation with God to save his great grandchild, who is the latest victim of the curse the Maker had imposed on Pavithran's successors for a theft he committed. Switch to Earth, two suspended cops Pappan and Joy are tangled in love and war. How the duo and Pappan's girlfriend Malu come out of the troubles make the movie.","['Comedy', 'Crime', 'Fantasy']","['police', 'god', 'curse', 'death', 'ashes']","['Tovino Thomas', 'Balu Varghese', 'Santhy Balachandran', 'Neha Iyer', 'Saiju Kurup']",['Dominic Arun'],['Dominic Arun'],['Malayalam'],"['Sun Nxt', 'VI movies and tv']",6.8,9,0.3193,153,https://image.tmdb.org/t/p/w500/16Leqr8BwJmhPa3B0YZdDgntTiV.jpg
335457,Haram,2015-02-20,"Balu and Isha are colleagues in a corporate company who fall in love and get married. This urban married couple's life changes, and they begin to struggle with irreconcilable differences.","['Romance', 'Drama']","['body double', 'relationship', 'divorce', 'cable tv', 'colleague']","['Fahadh Faasil', 'Radhika Apte', 'S.P. Sreekumar', 'Rajshri Deshpande', 'Sagarika Bhatia']",['Vinod Sukumaran'],['Vinod Sukumaran'],['Malayalam'],"['Amazon Prime Video', 'ManoramaMax', 'VI movies and tv', 'ManoramaMAX Amazon Channel', 'Amazon Prime Video with Ads']",2.8,6,0.4745,140,https://image.tmdb.org/t/p/w500/jeRWZrIpCXmHXKrS2QBL5lWQiTA.jpg
1039453,Kadakan,2024-03-01,Reckless youth Sulfi and rebel father Hyder Ali live in Nilambur when incidents endanger their lives.,"['Action', 'Drama']",[],"['Hakkim Shajahan', 'Ranjith', 'Harisree Ashokan', 'Sona Olickal', 'Jaffer Idukki']",['Sajil Mampad'],['Sajil Mampad'],['Malayalam'],[],2.0,1,0.4476,128,https://image.tmdb.org/t/p/w500/5wUKJ2lLS4iRd31eL1WsLbLgvRQ.jpg
911289,A Ranjith Cinema,2023-12-08,"The movie takes you on a roller coaster ride of events that happen in Ranjith`s life and how it affects the people around him, forcing him to resolve the matter before he looses control.",['Thriller'],[],"['Asif Ali', 'Namitha Pramod', 'Saiju Kurup', 'Anson Paul', 'Balachandra Menon']",['Nishanth Sattu'],['Nishanth Sattu'],['Malayalam'],['Netflix'],5.2,4,0.3266,147,https://image.tmdb.org/t/p/w500/zSx7nwhbRfQ68JL982uBICGob6Y.jpg
1112108,Thalavan,2024-05-24,"The intense rivalry between two police officers—CI Jayashankar and SI Karthik takes a dark turn when a body is found in Jayashankar’s house, and he becomes the prime suspect in a murder investigation, which is led by Karthik, adding a layer of tension to their already strained relationship.","['Thriller', 'Drama', 'Crime']",[],"['Biju Menon', 'Asif Ali', 'Miya George', 'Anusree Nair', 'Dileesh Pothan']",['Jis Joy'],"['Anand', 'Sarath']",['Malayalam'],['Sony Liv'],6.875,24,0.5792,133,https://image.tmdb.org/t/p/w500/142iirjj2365WQTaXgMrmjC0tng.jpg
431565,ATM,2015-12-04,"Antho, Thumba, Chetty, and Bombay live in a slum area. They make a living by resorting to petty thefts and crimes and most of their deeds ends up in trouble. Antho has a lover, Chetty is a bike kidnapper, Thumba is a drug seller, and Bombay considers himself to be a dhadha who frequently boasts about being a gang leader in the city of Mumbai in the past. Swathi played by Jackie Shroff, is a North Indian underworld don who ropes in, these four people to rob a bank. The rest of the film narrates build-up to the bank robbery and subsequent events associated with it.",[],[],"['Jackie Shroff', 'Bhagath Manuel', 'Praveen Prem', 'Vinayakan', 'Subiksha']",['Jespal Shanmughan'],"['Arun Nandhan', 'Tamizharasan Pachamuthu']",['Malayalam'],[],4.0,1,0.3419,121,https://image.tmdb.org/t/p/w500/cMAPIxpU3Di1mbJO5xCis3IE1fl.jpg
877244,Jo & Jo,2022-05-13,Jo & Jo is a coming of age comedy-drama that tells the story of how a few youngsters in a village enjoy their life when the world itself shuts down due to covid19 pandemic and how their life fell apart after an unexpected event happened.,"['Drama', 'Comedy']",[],"['Mathew Thomas', 'Naslen K. Gafoor', 'Johny Antony', 'Nikhila Vimal', 'Melvin G Babu']",['Arun D Jose'],"['Arun D Jose', 'Raveesh Nath', 'Arun D Jose']",['Malayalam'],"['Amazon Prime Video', 'Amazon Prime Video with Ads']",7.0,18,0.2789,133,https://image.tmdb.org/t/p/w500/45lsVwyPRisnoGrN1AOsELjkcTT.jpg
427896,Ore Mukham,2016-12-02,"The story depicts the campus life of the 80s. Zacharia Pothen is a rich and spoiled senior student who is also ruthless and arrogant. He is always accompanied by his friends for whose happiness, Pothen can go to any extent. Pothen and his friends have a lot of fun and experience many exciting events in the course of their campus life. The film is a campus love story with a lot of comic sequences to enjoy the 80s campus life.",['Thriller'],"['college', 'campus', 'love', 'murder', '1980s']","['Dhyan Sreenivasan', 'Aju Varghese', 'Maniyanpilla Raju', 'Arjun Nandhakumar', 'Devan']",['Sajith Jagadnandan'],"['Sandeep Sadanandan', 'Deepu S. Nair', 'Deepu S. Nair', 'Sandeep Sadanandan', 'Deepu S. Nair', 'Sandeep Sadanandan']",['Malayalam'],"['Sun Nxt', 'VI movies and tv']",5.6,7,0.387,110,https://image.tmdb.org/t/p/w500/3P2jCIENCpG8UbAZDIBDytjTFrF.jpg
581640,Kodathi Samaksham Balan Vakeel,2019-02-21,Balakrishnan is a lawyer who hasn't been able to achieve much in his professional life due to his stammer. His life takes an interesting turn when his brother-in-law entrusts him with a complex case involving a rich businessman.,"['Comedy', 'Thriller']",[],"['Dileep', 'Mamta Mohandas', 'Priya Anand', 'Lenaa', 'Suraj Venjaramoodu']",['B. Unnikrishnan'],['B. Unnikrishnan'],['Malayalam'],['Sun Nxt'],5.7,12,0.3607,155,https://image.tmdb.org/t/p/w500/dgQMP75S0YQDNHIi8k4xRo6ymlg.jpg
371231,Lord Livingstone 7000 Kandi,2015-10-16,"Philipose, a nature enthusiast, along with his friends, try to save a tribal village from businessmen, who plan to convert it to an industrial area.","['Adventure', 'Fantasy']","['forest', 'tribal']","['Kunchacko Boban', 'Reenu Mathews', 'Bharath Srinivasan', 'Nedumudi Venu', 'Sunny Wayne']",['Anil Radhakrishnan Menon'],['Anil Radhakrishnan Menon'],['Malayalam'],"['ManoramaMax', 'VI movies and tv', 'ManoramaMAX Amazon Channel']",6.1,10,0.3592,134,https://image.tmdb.org/t/p/w500/zX0eOqkbZGCIp3H8QknGwT0LvFy.jpg
352451,KL10 Pathu,2015-07-18,"Ahmed falls in love with Shadiya, whom he meets at a film festival, and they both elope after secretly getting married. When Ahmed's friends and brother learn about it, they search for the couple.","['Romance', 'Comedy']","['marriage', 'love', 'elope', 'ghost', 'football (soccer) team']","['Unni Mukundan', 'Chandini Sreedharan', 'Saiju Kurup', 'Aju Varghese', 'Sreenath Bhasi']",['Muhsin Parari'],['Muhsin Parari'],['Malayalam'],[],6.7,10,0.399,131,https://image.tmdb.org/t/p/w500/8GCc04RoWwFLlBCfrW0rdJCPN1B.jpg
1618440,Sree Ayyappan,2025-12-12,Lord Ayyappa takes human form to stop terrorists targeting a major temple. The National Anti-Terrorist Squad and Indian Army launch a joint operation to counter the planned attack.,['Drama'],[],"['Riyaz Khan', 'Sudheer Sukumaran', 'Aneesh Ravi', 'Kottayam Ramesh', 'Kollam Thulasi']",['Vishnu Venjaramoodu'],['Vishnu Venjaramoodu'],"['Hindi', 'Malayalam']",[],2.0,1,0.4807,122,https://image.tmdb.org/t/p/w500/yg0LbADAAeWqz31QXojtS4PNYG5.jpg
412004,Shikhamani,2016-04-29,The railway runs kilometers through the forest. Shikhamani is the most honest and efficient gang man. He lives in the nearby village. Quite unexpectedly a girl enters his life and the resulting events are plotted.,"['Drama', 'Thriller']","['police', 'forest', 'terrorism', 'railroad', 'injured', 'gangman']","['Chemban Vinod Jose', 'Mrudula Murali', 'J. D. Chakravarthi', 'Mukesh', 'Saikumar']",['Vinod Guruvayoor'],['Vinod Guruvayoor'],['Malayalam'],[],6.0,1,0.3944,131,https://image.tmdb.org/t/p/w500/k3HR45ivKc12k7kZp14qAZqKRzh.jpg
619600,Under World,2019-11-01,"Stalin and Majeed want to earn quick money through any means possible. However, things take a turn when they cross paths with Padmanabhan and Solomon.",['Crime'],[],"['Asif Ali', 'Farhaan Faasil', 'Mukesh', 'Samyuktha', 'Lal Jr.']",['Arun Kumar Aravind'],['Shibin Francis'],['Malayalam'],"['Amazon Prime Video', 'Sun Nxt', 'Amazon Prime Video with Ads']",4.9,8,0.6429,160,https://image.tmdb.org/t/p/w500/caKoHzZpuqy2f4Am52nRsnLwvr1.jpg
1639741,A Letter for Tomorrow,2026-03-19,"In a multi-generational matriarchal household, a woman embraces her authentic lesbian identity after her divorce.",[],[],[],['Mahesh Menon'],[],"['English', 'Hindi', 'Malayalam']",[],0.0,0,0.5077,23,https://image.tmdb.org/t/p/w500/xVjnpKzpXxbalNziq02OpG1MyuC.jpg
669123,Anveshanam,2020-01-31,Aravind is informed that something unexpected has happened to his family and has to reach the hospital immediately. What awaits him comes as a shock as he is soon sucked into a miasma of questions that he has to fight to find the answers.,"['Thriller', 'Mystery', 'Drama']",[],"['Jayasurya', 'Vijay Babu', 'Shruti Ramachandran', 'Leona Lishoy', 'Nandhu']",['Prasobh VIjayan'],['Ranjeet Kamala Shankar'],['Malayalam'],"['Amazon Prime Video', 'Amazon Prime Video with Ads']",5.8,9,0.5193,102,https://image.tmdb.org/t/p/w500/jFNJZJgYr7kZIfUIr1y7NvTNQmb.jpg
1398411,Revolver Rinko,2026-05-08,,"['Family', 'Drama']",[],"['Vishnu Unnikrishnan', 'Lalu Alex', 'Saju Navodaya', 'Binu Thrikkakkara', 'V. T. Vijilesh']",['Kiran Narayanan'],['Kiran Narayanan'],['Malayalam'],[],0.0,0,0.4668,124,https://image.tmdb.org/t/p/w500/wVRfL0cfDOnOqJPRtiBVRyav5N0.jpg
970231,Her,2024-11-29,"‘Her’ features five strong, unrestrained female characters, in a hyperlink narrative that celebrates womanhood in all its myriad forms. The story represents today’s women from varied backgrounds coming out of their comfort zones to live life to the fullest.","['Drama', 'Romance', 'Family']","['anthology', 'malayalam', 'manoramamax']","['Urvashi', 'Parvathy Thiruvothu', 'Aishwarya Rajesh', 'Lijomol Jose', 'Remya Nambeesan']",['Lijin Jose'],['Archana Vasudev'],['Malayalam'],['ManoramaMax'],4.3,3,0.4085,96,https://image.tmdb.org/t/p/w500/bNfOeLtH1f9hPaROt59gkArzhts.jpg
1531405,Avihitham,2025-10-10,"A drunken man's encounter sets off a chain of gossip in a town of secrets. As whispers spread, a woman's hidden past threatens to tear everything apart.","['Comedy', 'Drama']",[],"['Unni Raja', 'Renji Kankol', 'Rakesh Ushar', 'Dhanesh Koliyat', 'Vineeth Vasudevan']",['Senna Hegde'],"['Senna Hegde', 'Ambareesh Kalathera']",['Malayalam'],['JioHotstar'],5.9,7,0.4114,104,https://image.tmdb.org/t/p/w500/gPHdHjoUK2Hft5XpyYQ4s7XqxrE.jpg
606943,Ittymaani: Made In China,2019-09-06,"The son of a popular martial arts expert, Manikkunnel Ittymaani is an impulsive man who keeps landing into trouble.","['Comedy', 'Drama']",[],"['Mohanlal', 'Honey Rose', 'KPAC Lalitha', 'Aju Varghese', 'Dharmajan Bolgatty']",['Jibi Joju'],['Jibi Joju'],['Malayalam'],"['Amazon Prime Video', 'Amazon Prime Video with Ads']",4.2,16,0.5084,158,https://image.tmdb.org/t/p/w500/xSLHrDL7aSe6ske5p3t2aqVTQ0y.jpg
547227,Drama,2018-11-01,"Set in UK, Drama follows the hilarious yet enthralling journey of a funeral director, who sets out to fulfill the final wish of one of his clients.",['Comedy'],"['england', 'funeral', 'dead wish', 'funeral director']","['Mohanlal', 'Arundathi Nag', 'Asha Sarath', 'Kaniha', 'Baiju Santhosh']",['Ranjith'],['Ranjith'],"['English', 'Malayalam']",['Sun Nxt'],4.3,5,0.348,146,https://image.tmdb.org/t/p/w500/jgGf2MQkx5neWgGJphIF0EZlUhC.jpg
1101684,Written & Directed by God,2025-06-05,"A frustrated filmmaker meets God in person and goes on a transformative journey. When the deity appears to Jijo, they embark on an extraordinary road trip together.","['Fantasy', 'Comedy']",[],"['Sunny Wayne', 'Saiju Kurup', 'Aparna Das', 'Dinesh Prabhakar', 'Austin Dan']",['Febi George Stonefield'],"['Roshan Mathew', 'Linto Devasia', 'Jomon John']",['Malayalam'],['ManoramaMAX Amazon Channel'],3.0,2,0.4917,123,https://image.tmdb.org/t/p/w500/vYCJihP5IQwUw9RMSmeGg7yU1FP.jpg
589510,Mera Naam Shaji,2019-04-05,"The lives of three men sharing the same name intertwine, leading to a series of hilarious incidents.","['Comedy', 'Romance']",[],"['Asif Ali', 'Biju Menon', 'Baiju Santhosh', 'Sreenivasan', 'Nikhila Vimal']",['Nadirshah'],"['Shani Khader', 'Dileep Ponnan']","['Hindi', 'Malayalam', 'Tamil']","['Sun Nxt', 'VI movies and tv']",4.6,7,0.3626,134,https://image.tmdb.org/t/p/w500/56DWNsgk97NYGO7nAeYPyQNb7CM.jpg
864245,Ariyippu,2022-08-03,"A sensitive and manipulated video clip is circulated amongst the co-workers of the factory where the couple work, which unleashes unexpected emotional, social and marital imbalances in their relationship.",['Drama'],[],"['Kunchacko Boban', 'Divya Prabha', 'Danish Husain', 'Kannan Arunachalam', 'Loveleen Mishra']",['Mahesh Narayanan'],['Mahesh Narayanan'],"['Hindi', 'French', 'English', 'Malayalam']",['Netflix'],5.5,6,0.4119,107,https://image.tmdb.org/t/p/w500/1N1qt9iOKfoCyi0bAWhD1bLC00m.jpg
661078,Thuramukham,2023-03-10,"The Harbour shows how two brothers end up on opposing sides of this system. One becomes the leader of an employer’s gang of thugs, while the other becomes an activist. All the while, the women in their family go hungry and the community is ravaged by violence and alcoholism.","['Crime', 'Action', 'Drama']","[""worker's rights""]","['Nivin Pauly', 'Nimisha Sajayan', 'Joju George', 'Indrajith Sukumaran', 'Sudev Nair']",['Rajeev Ravi'],"['Gopan Chidambaran', 'Gopan Chidambaran']",['Malayalam'],"['Sony Liv', 'Sun Nxt', 'VI movies and tv']",5.1,9,0.396,165,https://image.tmdb.org/t/p/w500/rQ2lPXyAwm0c5Sre9xyvnTPEt0Z.jpg
364776,Amar Akbar Anthony,2015-10-16,"Amar, Akbar and Anthony are close friends living in Kochi. They enjoy a carefree life. Their perceptions and beliefs get shattered with an unexpected event and the resulting story forms the plot of the movie.","['Comedy', 'Drama']","['adultery', 'child abuse', 'twist', 'murder', 'best friend', 'little girl', 'carefree']","['Prithviraj Sukumaran', 'Indrajith Sukumaran', 'Jayasurya', 'Namitha Pramod', 'Meenakshi Anoop']",['Nadirshah'],"['Bibin George', 'Vishnu Unnikrishnan']",['Malayalam'],"['Sun Nxt', 'VI movies and tv']",5.8,29,0.3755,144,https://image.tmdb.org/t/p/w500/weezni0LRWHU3zJWrE8NkwrtWgB.jpg
1407813,Orumbettavan,2025-01-03,"Mizhimol, an orphaned girl, finds solace with her uncle Pappan, while Kelu, a reclusive craftsman, secretly resents him. An unexpected event shakes the village, unraveling a gripping tale of suspense, sacrifice, and justice.","['Drama', 'Thriller']",[],"['Indrans', 'Jaffer Idukki', 'Dayyana Hameed', 'Johny Antony', 'Sudheesh']","['Sugeesh Dekshinakashi', 'Hari Narayanan KM']","['Gopinathan Panjal', 'Sugeesh Dekshinakashi']",['Malayalam'],"['ManoramaMax', 'ManoramaMAX Amazon Channel']",1.5,2,0.3941,140,https://image.tmdb.org/t/p/w500/xF6vIG0388xSgNocH8hB1WFzB5L.jpg
939513,The Teacher,2022-12-02,PE teacher Devika and her husband have been trying to be pregnant for four years. Their equation changes after she becomes pregnant and when she reveals that she has been abused by four students during a sports meet.,"['Thriller', 'Drama']",[],"['Amala Paul', 'Hakkim Shajahan', 'Chemban Vinod Jose', 'Anumol', 'Manju Pillai']",['Vivek Thomas Varghese'],"['Vivek Thomas Varghese', 'P. V. Shajikumar', 'Vivek Thomas Varghese']",['Malayalam'],['Netflix'],4.7,10,0.437,121,https://image.tmdb.org/t/p/w500/szlck49swaimG1UlITTiCa2F1Gy.jpg
613495,Shubharathri,2019-07-05,"Muhammad is all set to go for Hajj and his family is busy giving him a good send off, with everyone close to them. An unexpected arrival of someone on the day result in an unplanned course of action.","['Comedy', 'Family', 'Drama']",[],"['Dileep', 'Anu Sithara', 'Siddique', 'Nedumudi Venu', 'Sheelu Abraham']",['Vyasan K.P.'],"['Vyasan K.P.', 'Vyasan K.P.']",['Malayalam'],"['Sun Nxt', 'VI movies and tv']",4.5,4,0.5755,130,https://image.tmdb.org/t/p/w500/wKgTKUPR1LZXJ92CgX7CxwfUf7B.jpg
619593,Kalki,2019-08-08,"After SI Vyshakhan commits suicide at the police station following his failure to take control of the law and order situation, Inspector K takes charge at Nanjankode. Will he succeed in quelling the fire?","['Action', 'Crime']",['malayalam'],"['Tovino Thomas', 'Samyuktha', 'Aparna Nair', 'Shivajith Padmanabhan', 'Saiju Kurup']",['Praveen Prabharam'],"['Sujin Sujathan', 'Praveen Prabharam']",['Malayalam'],[],4.7,12,0.4113,152,https://image.tmdb.org/t/p/w500/xnQrD0oIQn5UGWNNAfPZC0yDG6f.jpg
865428,Makal,2022-04-29,"Juliet and her daughter Aparna live in Kerala, while Juliet’s husband Nandan works abroad. Nandan decides to move back to Kerala, and it changes the lives of the mom-daughter duo.","['Drama', 'Family']",[],"['Jayaram', 'Meera Jasmine', 'Devika Sanjay', 'Innocent', 'Sreenivasan']",['Sathyan Anthikad'],['Iqbal Kuttippuram'],"['Kannada', 'Malayalam']","['ManoramaMax', 'ManoramaMAX Amazon Channel']",6.4,5,0.489,142,https://image.tmdb.org/t/p/w500/uGeJE6AjzDhVDRpi3RYiPFHAa1o.jpg
945836,Odum Kuthira Chadum Kuthira,2025-08-28,"Jilted at his wedding, Aby encounters a reserved woman needing help. As they heal together, his ex returns with newfound insight into his dreams. A hidden truth leads Aby to find peace.","['Drama', 'Romance', 'Comedy']",['imminent wedding'],"['Fahadh Faasil', 'Kalyani Priyadarshan', 'Revathi Pillai', 'Vinay Forrt', 'Dhyan Sreenivasan']",['Althaf Salim'],['Althaf Salim'],['Malayalam'],['Netflix'],5.5,10,0.3991,153,https://image.tmdb.org/t/p/w500/A7tcEl28jq2dOm3iU2WqGVzGnTP.jpg
565688,Ente Ummante Peru,2018-12-21,The life and journey of Hameed to find his biological mother and how his life changes when Aisha comes into his life.,"['Comedy', 'Drama']","['marriage', 'orphan']","['Tovino Thomas', 'Urvashi', 'Hareesh Perumanna', 'Mamukkoya', 'Sai Priya Deva']",['Jose Sebastian'],"['Jose Sebastian', 'Sarath R Nath']","['Hindi', 'Malayalam']","['Amazon Prime Video', 'Amazon Prime Video with Ads']",6.5,14,0.4241,129,https://image.tmdb.org/t/p/w500/ziwRpdTEINmkk5yhSLd4ilUaNTa.jpg
1169603,The Alpha,2023-07-26,"After the death of his daughter, A guy gets depressed and burned out. But things get out of hand when his boyfriend tries to fix him.",['Drama'],"['depression', 'grief', 'death', 'mourning', 'depressed']","['Maneesh Murali', 'Ragul Chandran']",['Niranjan'],['Niranjan'],['Malayalam'],[],0.0,0,0.3882,13,https://image.tmdb.org/t/p/w500/vwjME452vuG0oxAULvxYPUPfWzp.jpg
1339055,Ronth,2025-06-13,Two patrol officers face mounting tensions during a night shift as they navigate dangerous calls while confronting their strained partnership and personal demons.,"['Crime', 'Drama']",[],"['Dileesh Pothan', 'Roshan Mathew', 'Sudhi Koppa', 'Rajesh Madhavan', 'Jitin Puthanchery']",['Shahi Kabir'],['Shahi Kabir'],['Malayalam'],['JioHotstar'],7.265,17,0.4604,121,https://image.tmdb.org/t/p/w500/50MxvHckUkNgPI4EzjMwcWAq7ea.jpg
404587,Akkaldhamayile Pennu,2015-12-09,"Three generations of women, Agnes, her daughter Maria and her granddaughter all grew up in Akkaldama. They are grave-diggers, and their lives undergo drastic changes with time.",['Drama'],['grave digger'],"['Malavika Nair', 'Shweta Menon', 'Vineeth Radhakrishnan', 'Sudheer Karamana', 'Koottickal Jayachandran']",['Jayaram Kailas'],"['Sinoj Nedungolam', 'Sinoj Nedungolam']",['Malayalam'],[],3.0,1,0.3218,104,https://image.tmdb.org/t/p/w500/18Ys0EVz1md3CFYuc32CN3pK3mP.jpg
1189826,Little Hearts,2024-06-07,"Sibi and his father Pushpakandam ""Baby"" live a simple life, taking care of their family friend Johnson’s cardamom estate and his family’s needs. Amidst this romance blooms in both Sibi's and Baby’s lives, and he also has to play an integral role in breaking an important news about Johnson’s son's unexpected and impending wedding to the latter’s parents. Can Sibi handle everything without breaking any hearts?","['Romance', 'Comedy']",[],"['Shane Nigam', 'Mahima Nambiar', 'Shine Tom Chacko', 'Baburaj', 'Renji Panicker']","['Aby Treesa Paul', 'Anto Jose Periera']",['Rajesh Pinnadan'],['Malayalam'],"['Amazon Prime Video', 'Amazon Prime Video with Ads']",4.7,5,0.4124,136,https://image.tmdb.org/t/p/w500/58Ib9F5MH7ES8urjp6OSAcBV2nb.jpg
663771,Shylock,2020-01-23,A ruthless moneylender must tackle a wicked man's plan to outsmart his way out of the debt to achieve what's rightfully his.,"['Action', 'Drama', 'Thriller']",[],"['Mammootty', 'Rajkiran', 'Meena', 'Hareesh Perumanna', 'Kalabhavan Shajon']",['Ajai Vasudev'],"['Aneesh Hameed', 'Aneesh Hameed', 'Bibin Mohan', 'Bibin Mohan']",['Malayalam'],"['Amazon Prime Video', 'Amazon Prime Video with Ads']",3.5,20,0.3616,130,https://image.tmdb.org/t/p/w500/irfywGm8kWiQphsSLaKQES3pCJ6.jpg
406781,Kasaba,2016-07-07,Rajan Zachariah is a Circle Inspector of Police and he is working in the Palakkad District. He is going to a village situated in the Kerala-Karnataka border to investigate a murder case that is very important to him.,"['Action', 'Thriller']","['police', 'murder', 'prostitution', 'couple', 'maoist']","['Mammootty', 'Varalaxmi Sarathkumar', 'Neha Saxena', 'Jagadish', 'Sampath Raj']",['Nithin Renji Panicker'],['Nithin Renji Panicker'],['Malayalam'],['Sun Nxt'],4.7,10,0.4354,137,https://image.tmdb.org/t/p/w500/oTP0nREagUSrfQTNdoLwuyMd5yE.jpg
512944,Prakasan,2017-10-19,"The movie depicts the life of a tribal youth named Prakasan who lives with his mother and sister in Chamakundy, Kerala. He dreams of having a job in a city, which comes true. Prakasan's designated job is a health care worker which includes locating prostitutes to distribute condoms and spread awareness. He finds it hard to wrap his head around this in a fast-paced life.","['Drama', 'Comedy']","['government', 'forest', 'sex education', 'tribal people']","['Dinesh Prabhakar', 'Maala Parvathi', 'Indrans', 'Subeesh Sudhi', 'Saiju Kurup']",['Bash Mohammed'],['Rajeev Nair'],"['English', 'Malayalam']",[],7.5,2,0.3754,84,https://image.tmdb.org/t/p/w500/1sVjCO90NIDWnGLn0j21WvP6Hrx.jpg
1245621,Paalum Pazhavum,2024-08-23,"After a woman falls for a younger man, the couple find themselves facing discrimination due to their age gap.","['Comedy', 'Romance']","['romcom', 'older woman younger man relationship', 'age-gap relationship']","['Meera Jasmine', 'Ashwin Jose', 'Shanthi Krishna', 'Ashokan', 'Maniyanpilla Raju']",['V. K. Prakash'],['Ashish Rajani Unnikrishnan'],['Malayalam'],[],6.5,2,0.3461,145,https://image.tmdb.org/t/p/w500/rt9X5NMUCqllMnErukrwFDtVTra.jpg
1301278,Karam,2025-09-25,"Former Indian military officer Dev Mahendran and his family find themselves in a perilous situation in a foreign country, Lenarco, during an international conference.","['Action', 'Thriller']",['human trafficking'],"['Noble Babu Thomas', 'Ivan Vukomanović', 'Reshma Sebastian', 'Audrey Miriam', 'Manoj K Jayan']",['Vineeth Sreenivasan'],['Noble Babu Thomas'],['Malayalam'],"['Amazon Prime Video', 'ManoramaMax', 'ManoramaMAX Amazon Channel', 'Amazon Prime Video with Ads']",4.3,3,0.3844,128,https://image.tmdb.org/t/p/w500/AjcERnQCKipC6BnylkwZr5m1GH6.jpg
1008614,Pranaya Vilasam,2023-02-24,A revelation about a woman's old flame sends shockwaves through her family. Portrays love stories of different characters who are at different stages of their lives.,"['Romance', 'Comedy']",[],"['Arjun Ashokan', 'Mamitha Baiju', 'Anaswara Rajan', 'Miya George', 'Sreedhanya Thekkedath']",['Nikhil Muraly'],"['Jyothish M', 'Sunu A V']",['Malayalam'],[],6.5,10,0.5456,123,https://image.tmdb.org/t/p/w500/f4pD88r8OK2UZk9ouK9J6CYeWU2.jpg
930965,Karnan Napoleon Bhagat Singh,2022-02-04,"A larceny leads to murder and Roopesh Raghavan, a young man who has cleared police recruitment tests and awaits posting.","['Mystery', 'Thriller']",[],"['Dheeraj Denny', 'Aadhya Prasad', 'Indrans', 'Joy Mathew', 'Nandhu']",['Sarath G. Mohan'],['Sarath G. Mohan'],['Malayalam'],[],0.0,0,0.3241,0,https://image.tmdb.org/t/p/w500/zxWaHblvZ2DGTRPTmU0gbks0FJ6.jpg
799492,Aanum Pennum,2021-03-26,An anthology film that takes you to different eras in the history of Kerala through three stories about relationships and emotions.,['Drama'],['anthology'],"['Joju George', 'Samyuktha', 'Indrajith Sukumaran', 'Parvathy Thiruvothu', 'Asif Ali']","['Aashiq Abu', 'Jay K', 'Venu']","['Santhosh Echikkanam', 'Unni R.', 'Venu']",['Malayalam'],[],5.6,11,0.4516,97,https://image.tmdb.org/t/p/w500/nkaOWni031R6TPWPzuEjGZZwYXn.jpg
663143,The Priest,2021-03-11,"The culprits behind multiple deaths in a family over a few years are exposed, but there is more to it than meets the eye.","['Drama', 'Horror']","['paranormal investigation', 'avenging soul']","['Mammootty', 'Manju Warrier', 'Nikhila Vimal', 'Monekha Siva', 'Venkitesh V P']",['Jofin T. Chacko'],"['Deepu Pradeep', 'Jofin T. Chacko', 'Shyam Menon']",['Malayalam'],"['Amazon Prime Video', 'Amazon Prime Video with Ads']",5.552,29,0.3652,140,https://image.tmdb.org/t/p/w500/210oalGelZ82pAjAVPJIA6SPNL1.jpg
361519,Kohinoor,2015-09-18,"Haider plans to loot diamonds from the Kohinoor store and seeks Nicholas and Freddy's help. But Nicholas hires two small-time thieves, Louis and Aandikunju, so that he can claim the booty for himself.","['Comedy', 'Thriller']","['smuggling (contraband)', 'escape', 'diamond', 'orphan', 'church', '1980s', 'textile company']","['Asif Ali', 'Indrajith Sukumaran', 'Aparna Vinod', 'Shraddha Srinath', 'Aju Varghese']",['Vinay Govind'],"['Salil Menon', 'Ranjeet Kamala Shankar']",['Malayalam'],['Sun Nxt'],6.2,14,0.361,143,https://image.tmdb.org/t/p/w500/k02EEiY5f3DRegoiIDAll2De6UB.jpg
933833,Kooman,2022-11-04,"The story takes place in a hilly village on the Kerala-Tamil Nadu border. The story is about a strict police officer who relocates there and the subsequent events that turn his and many other's lives upside down associated with that police station. Few normal incidents happen in the village, and some from the past suddenly appear to be abnormal. The secrets slowly start unfolding.","['Drama', 'Mystery', 'Thriller']",[],"['Asif Ali', 'Renji Panicker', 'Baburaj', 'Jaffer Idukki', 'Hannah Reji Koshy']",['Jeethu Joseph'],['K R Krishna Kumar'],"['Tamil', 'Malayalam']","['Amazon Prime Video', 'Amazon Prime Video with Ads']",6.6,15,0.519,151,https://image.tmdb.org/t/p/w500/nhKiu5zi5rUjPwzEQCaLKfbDHrL.jpg
1243975,Anand Sreebala,2024-11-15,Follows the missing person case of Merin Joy and how an ordinary man with a tragic past gets wrapped in the investigation.,"['Thriller', 'Mystery', 'Crime']",['unsolved murder'],"['Arjun Ashokan', 'Saiju Kurup', 'Siddique', 'Aparna Das', 'Dhyan Sreenivasan']",['Vishnu Vinay'],['Abhilash Pillai'],['Malayalam'],"['Amazon Prime Video', 'ManoramaMax', 'ManoramaMAX Amazon Channel', 'Amazon Prime Video with Ads']",6.3,7,0.4446,134,https://image.tmdb.org/t/p/w500/gnt2GVTgwbiY63HQtIE5VsFQNxU.jpg
825278,Oru Thathvika Avalokanam,2021-12-31,"Follows the challenges in the life of a youngster, and events that change his life",['Comedy'],[],"['Joju George', 'Niranjan', 'Aju Varghese', 'Shammi Thilakan', 'Major Ravi']",['Akhil Marar'],['Akhil Marar'],['Malayalam'],"['Amazon Prime Video', 'Amazon Prime Video with Ads']",4.7,3,0.3736,130,https://image.tmdb.org/t/p/w500/bI5ifXSgWDfyOab90ztAYThQcQ2.jpg
1048291,Live,2023-05-26,"Anna, a young woman, mistakenly detained during a raid, becomes a victim of fake news. Amala, a doctor, who is facing cyber harassment, stands with her in the fight against the media house responsible for the fake news",['Thriller'],[],"['Soubin Shahir', 'Mamta Mohandas', 'Vyshnavi Raj', 'Priya Prakash Varrier', 'Shine Tom Chacko']",['V. K. Prakash'],['Suresh Babu'],['Malayalam'],"['ManoramaMax', 'ManoramaMAX Amazon Channel']",4.5,4,0.3538,124,https://image.tmdb.org/t/p/w500/lqkSwvAEiLj4nf8cDkkVptXTMIV.jpg
459698,Solo,2017-10-05,"An experimental romantic thriller, Solo is the story of four different men, their love, rage and afterlife. Through four elements - water, air, fire and earth, they also represent different facets of Lord Siva.","['Action', 'Romance', 'Thriller']","['fire', 'wind', 'earth', 'anthology', 'bilingual']","['Dulquer Salmaan', 'Sai Dhanshika', 'Sruthi Hariharan', 'Neha Sharma', 'Deepti Sati']",['Bejoy Nambiar'],"['Bejoy Nambiar', 'Bejoy Nambiar', 'Anjali Nair', 'Sreedevi Krishnan']","['Malayalam', 'Tamil']",[],6.8,39,0.3922,154,https://image.tmdb.org/t/p/w500/iiDvCA9ry3G9SwAP5oKpDFH75YO.jpg
1044558,Falimy,2023-11-17,"During a dysfunctional family's chaotic pilgrimage to a spiritual shrine, their elderly patriarch goes missing.","['Drama', 'Family']",['dysfunctional family'],"['Basil Joseph', 'Manju Pillai', 'Sandeep Pradeep', 'Meenaraj', 'Jagadish']",['Nithish Sahadev'],"['Nithish Sahadev', 'Sanjo Joesph']",['Malayalam'],[],7.083,18,0.5511,125,https://image.tmdb.org/t/p/w500/eqOCGqzLUh76zrE1aNs4cI7L8vY.jpg
864761,Nna Thaan Case Kodu,2022-08-11,A reformed thief's fight for justice when an innocent act to defend himself places him in loggerheads with the high and mighty of society.,"['Drama', 'Crime', 'Comedy']",[],"['Kunchacko Boban', 'Gayathrie Shankar', 'Unnimaya Prasad', 'Basil Joseph', 'Sibi Thomas']",['Ratheesh Balakrishnan Poduval'],['Ratheesh Balakrishnan Poduval'],['Malayalam'],['JioHotstar'],7.371,35,0.3995,139,https://image.tmdb.org/t/p/w500/qd4dZuYRmgJtBQUm1E8zclAZXE4.jpg
461166,Odiyan,2018-12-13,"With the arrival of electricity in the region under the British rule, the Odiyan clan that possesses the supernatural powers to assume animal form find it difficult to survive as they are ruthlessly captured and killed by the British. How the last Odiyan tries to save his clan with his stealth attacks, forms the crux.","['Drama', 'Action', 'Fantasy']","['black magic', 'odiyan']","['Mohanlal', 'Manju Warrier', 'Prakash Raj', 'Sana Althaf', 'Manoj Joshi']",['V A Shrikumar Menon'],['Harikrishnan'],['Malayalam'],['VI movies and tv'],5.6,20,0.3359,167,https://image.tmdb.org/t/p/w500/hNDxMa9EfNIjOrdQHysJyprrwPd.jpg
467765,Aami,2018-02-09,"Aami is a biopic based on the life of the renowned poet and author Kamala Das, who was fondly referred by her pet name Aami. The film mainly deals with two relationships the writer had - with the husband and after his demise, with a suitor from a different religion.",['Drama'],"['biography', 'writer', 'real story']","['Manju Warrier', 'Tovino Thomas', 'Murali Gopy', 'Anoop Menon', 'Renji Panicker']",['Kamal'],['Kamal'],"['Bengali', 'English', 'Malayalam']","['Zee5', 'VI movies and tv']",5.214,7,0.4016,167,https://image.tmdb.org/t/p/w500/z8K3oo6eQFUwKhWx5rHyMA9reDs.jpg
352573,Ayal Njanalla,2015-07-31,"In order to repay his uncle's debts, Prakashan goes to Bangalore from Gujarat to sell his ancestral property. His close resemblance to a celebrity takes him through several interesting situations.","['Comedy', 'Romance']",['doppelgänger'],"['Fahadh Faasil', 'Mrudula Murali', 'Divya Pillai', 'Renji Panicker', 'Tini Tom']",['Vineeth Kumar'],"['Vineeth Kumar', 'Ranjith']","['Gujarati', 'Hindi', 'Kannada', 'Malayalam']",['Sun Nxt'],5.2,9,0.3818,148,https://image.tmdb.org/t/p/w500/fjDpvd1ay4OZ4QHRxQXoWFMVDD1.jpg
1259108,Mandakini,2024-05-24,Aromal and Ambili tied the knot.Aromal was really excited and delighted to start a life with Ambili but on that wedding night an unlikely incident happened which will put the entire family in complex situation.,"['Comedy', 'Drama']",[],"['Althaf Salim', 'Anarkali Marikar', 'Ganapathi S. Poduval', 'Vineeth Thattil David', 'Aswathy Sreekanth']",['Vinod Leela'],['Vinod Leela'],['Malayalam'],['ManoramaMax'],5.0,7,0.3546,125,https://image.tmdb.org/t/p/w500/m7SqXQMYQ3XxFqJ36fubgVYDZBO.jpg
1069509,Shanthamee Raathriyil,2025-05-09,"Two love stories, decades apart, unfold by two iconic bridges—one in the misty hills of Munnar in 1970, the other beneath the bustling skyline of London in 2024. As hearts meet near the Hanging Bridge and the London Bridge, fate weaves an unexpected connection between the past and present, revealing that love, no matter the era, always finds a way across time.",['Romance'],"['cheerful', 'comforting']","['K R  Gokul', 'Esther Anil', 'Lal Jr.', 'Sidharth Bharathan', 'Tini Tom']",['Jayaraj'],['Jayaraj'],['Malayalam'],"['ManoramaMax', 'ManoramaMAX Amazon Channel']",4.0,2,0.3264,107,https://image.tmdb.org/t/p/w500/nQlAHQcyJA0bAcsKPd8J0G4LjxO.jpg
896828,Padmini,2023-07-07,"Rameshan, a lecturer and part-time poet, becomes the laughing stock of the village after his wife runs away on the wedding night. When he tries to overcome these taunts and win a second chance at love, he faces an uphill legal battle and toxicity of the society.","['Romance', 'Comedy', 'Drama']",[],"['Kunchacko Boban', 'Madonna Sebastian', 'Aparna Balamurali', 'Vincy Aloshious', 'Ganapathi S. Poduval']",['Senna Hegde'],['Deepu Pradeep'],['Malayalam'],['Netflix'],6.7,10,0.3913,120,https://image.tmdb.org/t/p/w500/dH5T9iztaJZ0NZDWiOOJfwzxUXI.jpg
868882,Jan-e-Man,2021-11-19,"The hilarious comic twists that awaits when Joymon, desperate to escape his lonely, mundane and routine life in remote freezing Canada, decides to travel to his hometown in Kerala only to celebrate his 30th birthday, forms the base of the story.","['Drama', 'Comedy']",[],"['Basil Joseph', 'Balu Varghese', 'Arjun Ashokan', 'Lal', 'Ganapathi S. Poduval']",['Chidambaram'],['Chidambaram'],['Malayalam'],['Sun Nxt'],8.0,16,0.3555,147,https://image.tmdb.org/t/p/w500/l7F5fx3wJBCOCfBjti5Ftq14kwe.jpg
754612,Love,2020-10-15,The story of a family and the various situations navigated by a husband and wife.,['Thriller'],[],"['Shine Tom Chacko', 'Rajisha Vijayan', 'Gokulan', 'Sudhi Koppa', 'Veena Nandakumar']",['Khalid Rahman'],"['Khalid Rahman', 'Noufal Abdulla']",['Malayalam'],['Netflix'],6.3,12,0.332,91,https://image.tmdb.org/t/p/w500/6OTbY5WaCdrRawglIYDxavovE6p.jpg
429782,Dum,2016-08-26,Dum is the story of a goon named Xavier and his henchman Antony and the struggle they face to achieve their goals.,"['Thriller', 'Action']",['goonda'],"['Shine Tom Chacko', 'Lal', 'Shritha Sivadas', 'Parvatii Nair', 'Juby Ninan']",['Anuram'],['Anuram'],['Malayalam'],[],0.0,0,0.3897,132,https://image.tmdb.org/t/p/w500/oeCqoMtzzJkN1Bb14kjAim2J6Qa.jpg
375240,RockStar,2015-12-03,"Rockstar is a 2015 Malayalam romantic comedy film directed by V. K. Prakash and produced by P. K. Ratheesh.Sidharth Menon makes his debut as the lead, titular role, who also co-produced the film under Build Block Productions. Lokanathan does the cinematography and Prashant Pillai scores the music. The story and script are written by Rajasree Balram.","['Comedy', 'Romance']","['singer', 'wedding']","['Siddharth Menon', 'Eva Pavithran', 'Anumol', 'Poornima Bhagyaraj', 'Prakash Bare']",['V. K. Prakash'],['Rajashree Balaram'],['Malayalam'],[],5.8,4,0.397,134,https://image.tmdb.org/t/p/w500/lBUPVKri0irouYmoalLf0uKnotm.jpg
665358,Uriyadi,2020-01-17,Uriyadi is a Malayalam movie starring Aju Varghese and Manasa Radhakrishnan in prominent roles. It is a comedy drama directed by A J Varghese.,"['Comedy', 'Thriller']",[],"['Sreenivasan', 'Siddique', 'Aju Varghese', 'Baiju Santhosh', 'Indrans']",['A J Varghese'],['Dinesh Damodar'],['Malayalam'],"['Sun Nxt', 'VI movies and tv']",6.0,2,0.2846,136,https://image.tmdb.org/t/p/w500/j1hXOJDY0NR9Cu6EBSwwWSH1wZs.jpg
1096129,Rani: The Real Story,2023-09-21,"The story of a mysterious housemaid accused and framed for the high-profile murder of the powerful MLA Dharmarajan, but strongly defended by three families for whom she works, in the border town of Dharmapuram.",['Drama'],[],"['Urvashi', 'Bhavana', 'Maala Parvathi', 'Honey Rose', 'Anumol']",['Shankar Ramakrishnan'],['Shankar Ramakrishnan'],['Malayalam'],"['ManoramaMax', 'VI movies and tv', 'ManoramaMAX Amazon Channel']",4.0,1,0.3966,114,https://image.tmdb.org/t/p/w500/cwVhgxSn1ttFSjipDKVhvE8cQIu.jpg
1077263,Nadanna Sambhavam,2024-06-21,A group of family and friends in a residential association experience a major shift upon the arrival of a peculiar new tenant.,"['Comedy', 'Drama']",[],"['Biju Menon', 'Suraj Venjaramoodu', 'Lijomol Jose', 'Shruti Ramachandran', 'Sudhi Koppa']",['Vishnu Narayanan'],['Rajesh Gopinadhan'],['Malayalam'],"['ManoramaMax', 'VI movies and tv', 'ManoramaMAX Amazon Channel']",4.8,8,0.4039,118,https://image.tmdb.org/t/p/w500/qbL2hGERpXe5Tm84z66RPIzTNA.jpg
1028730,Kasargold,2023-09-15,"A young, unassuming gold smuggler and his companion embark on an outrageously risky plan with the hope of gaining a fortune that could secure them a lifetime of wealth.","['Action', 'Crime', 'Drama']",[],"['Asif Ali', 'Sunny Wayne', 'Vinayakan', 'Malavika Sreenath', 'Deepak Parambol']",['Mridul Nair'],"['Mridul Nair', 'Mridul Nair', 'Sajimon Prabhakar']",['Malayalam'],['Netflix'],4.6,8,0.4078,137,https://image.tmdb.org/t/p/w500/s2C6i3Zoifudi6L6W2k1su42xbv.jpg
619599,Ambili,2019-08-08,"Revolves around the life of Ambili, a simple, innocent person, and how his adorable persona wins over the love of the people around him.",['Comedy'],[],"['Soubin Shahir', 'Naveen Nazim', 'Tanvi Ram', 'Jaffer Idukki', 'Sreelatha Namboothiri']",['Johnpaul George'],"['Johnpaul George', 'Johnpaul George']","['Kannada', 'Hindi', 'Malayalam']","['Amazon Prime Video', 'Amazon Prime Video with Ads']",6.5,18,0.3691,122,https://image.tmdb.org/t/p/w500/t3DmSBEOKBkDt48xXo4IY7TnXYp.jpg
1019412,Madanolsavam,2023-04-14,"Madanolsavam is a satirical tale about democracy and the struggle of Madhanan, a street hawker. After becoming the caretaker of his late friend Mohanan's family-his wife Alice and daughter Manju-he marries Alice. However, a politician with the same name drags him into a political contest, forcing him to navigate absurd politics to reclaim his identity.","['Comedy', 'Drama']",['political satire'],"['Suraj Venjaramoodu', 'Babu Antony', 'Bhama Arun', 'Rajesh Madhavan', 'P. P. Kunhikrishnan']",['Sudheesh Gopinath'],['Ratheesh Balakrishnan Poduval'],['Malayalam'],"['Amazon Prime Video', 'Amazon Prime Video with Ads']",6.2,5,0.4341,127,https://image.tmdb.org/t/p/w500/9snOMWvoMeLsoW5xYUsB9hV9hed.jpg
465024,Queen,2018-01-12,"The story starts with the inauguration of the first-ever Mechanical batch in an engineering campus. The batch consists of boys only. Later in the second year of the department, a girl joins and becomes the only girl to be a part of their batch. As the story evolves, the girl grabs all their love and attention and becomes the QUEEN of the batch.",['Drama'],"['friendship', 'rape', 'court', 'college', 'politician', 'lawyer', 'mechanical']","['Saniya Iyyappan', 'Dhruvan', 'Eldho Mathew', 'Salim Kumar', 'Nandhu']",['Dijo Jose Antony'],"['Jebin Joseph Antony', 'Sharis Mohammed']",['Malayalam'],['ManoramaMax'],6.194,18,0.376,160,https://image.tmdb.org/t/p/w500/h8Hqloge0eDaGD0F460Vbza7w2H.jpg
1239991,Hello Mummy,2024-11-21,"Boney, a carefree man finds his life turned upside down after marriage when hes forced to deal with the restless spirit of his obsessive-compulsive mother-in-law.","['Fantasy', 'Comedy']",[],"['Sharafudheen', 'Aishwarya Lekshmi', 'Sunny Hinduja', 'Aju Varghese', 'Jagadish']",['Vaishakh Elans'],['Sanjo Joesph'],['Malayalam'],"['Amazon Prime Video', 'Amazon Prime Video with Ads']",4.4,8,0.4642,136,https://image.tmdb.org/t/p/w500/u6VU1xfyIce7yZtO4pNNauMPnOx.jpg
865434,Member Rameshan 9aam Ward,2022-02-25,"A labourer is puzzled to find his name submitted in the local election. However, upon learning about the villagers' woes, he perseveres to become a good leader.","['Comedy', 'Drama']",[],"['Arjun Ashokan', 'Indrans', 'Johny Antony', 'Mamukkoya', 'Chemban Vinod Jose']","['Anto Jose Periera', 'Aby Treesa Paul']","['Anto Jose Periera', 'Aby Treesa Paul']",['Malayalam'],['Zee5'],6.5,6,0.7355,129,https://image.tmdb.org/t/p/w500/1r3eQwzm3dVQPUhFaZZsXWPP3Dn.jpg
893680,Randu,2022-01-07,Randu is a socio-political satire that hilariously portrays how the quite normal life of a village youth namely Vava is disturbed by the acts of some communal groups in the village. The current social atmosphere and political events add to his challenges. Can he make things straight through his wit and innocence?,['Comedy'],[],"['Vishnu Unnikrishnan', 'Anna Reshma Rajan', 'Mareena Michael', 'Tini Tom', 'Irshad']",['Sujith Lal'],['Binulal Unni'],['Malayalam'],"['Amazon Prime Video', 'Amazon Prime Video with Ads']",6.3,7,0.4982,122,https://image.tmdb.org/t/p/w500/hZV7RFihxEqrX3T9GbLqtaTwrGh.jpg
524478,Premasoothram,2018-05-11,"Prakashan, a young man, has loved Ammukutty since he was a child, but faces rejection from her. To add to his problems, Suku, a sadist, competes with him to win Ammukutty's affection.",['Romance'],['based on short story'],"['Chemban Vinod Jose', 'Balu Varghese', 'Lijomol Jose', 'Sudheer Karamana', 'Anumol']",['Jiju Asokan'],"['Asokan Charuvil', 'Jiju Asokan']",['Malayalam'],[],4.75,4,0.2642,143,https://image.tmdb.org/t/p/w500/d1nhu3EzPDRnX9DB3HYrfZ6EARp.jpg
1095361,Achanoru Vazha Vechu,2023-08-26,"A father and son struggle to understand each other as their opposing perspectives drive a wedge between them, impacting their family.",['Drama'],[],"['Niranjan', 'Athmeeya Rajan', 'Shanthi Krishna', 'Dhyan Sreenivasan', 'Mukesh']",['Saandeep'],['Manu Gopal'],['Malayalam'],[],4.0,2,0.2997,127,https://image.tmdb.org/t/p/w500/vmpmMQvcj70erOcNzv1z2zLmfSI.jpg
896440,Keedam,2022-05-20,"Radhika Balan, a smart cyber-security expert, advocates the use of the technology for the good but her life is turned upside down when she falls prey to a cyber-stalking incident and her privacy gets compromised","['Crime', 'Thriller']",[],"['Rajisha Vijayan', 'Sreenivasan', 'Vijay Babu', 'Manikandan Pattambi', 'Renjit Shekar']",['Rahul Riji Nair'],['Rahul Riji Nair'],['Malayalam'],[],6.2,6,0.5049,106,https://image.tmdb.org/t/p/w500/oc47AJXpj7Kof6Hqi7fNfMkfNy0.jpg
836062,Upacharapoorvam Gunda Jayan,2022-02-25,Former rowdy Jayan is in a mission to conduct the marriage of his niece. Things got out of hands when things get worse,"['Comedy', 'Drama', 'Family']",[],"['Saiju Kurup', 'Johny Antony', 'Jaffer Idukki', 'Siju Wilson', 'Sabumon Abdusamad']",['Arun Vaiga'],"['Rajesh Varma', 'Arun Vaiga']",['Malayalam'],"['Amazon Prime Video', 'Amazon Prime Video with Ads']",6.2,4,0.3184,129,https://image.tmdb.org/t/p/w500/hdTpgwtBslgjDuNrKiR5NyhvCaZ.jpg
432996,Sexy Durga,2018-03-23,"Anxious Durga and her friend, Kabeer are running away from their village at midnight. On the same night there is a huge festival happening at the village temple where Goddess Durga is being worshipped. Devotees are offering their body and mind to please their Goddess. At the same time the woman, Durga, faces complete darkness of the night on the highway. Some drivers offer help to Durga and Kabeer to reach the railway station. Their journey filled with darkness and agony is mystical. Devi Durga is the Goddess of power but what about the woman Durga who is in the midst of darkness?",['Drama'],['no screenplay'],"['Rajshri Deshpande', 'Kannan Nayar', 'Arun Sol', 'Baiju Netto', 'Sujith Koyikkal']",['Sanal Kumar Sasidharan'],['Sanal Kumar Sasidharan'],['Malayalam'],[],3.857,7,0.3762,85,https://image.tmdb.org/t/p/w500/n9GBP3OiVoM0b20GIVOO800IosL.jpg
1292170,CID Ramachandran Retd SI,2024-05-17,"Retired police inspector Ramachandran investigates a case of falsely accused suspects in a rural area, uncovering lies, betrayal, and the real culprit to exonerate the innocent and restore faith in justice.","['Thriller', 'Crime']",[],"['Kalabhavan Shajon', 'Anumol', 'Baiju Santhosh', 'Sudheer Karamana', 'Baiju V.K.']",['Sanoop Sathyan'],['Sanoop Sathyan'],['Malayalam'],[],6.8,4,0.2633,125,https://image.tmdb.org/t/p/w500/5JHy5QC3FpkKBbUQkpziovXBCtQ.jpg
521854,Aravindante Athidhikal,2018-04-27,"A five-year-old boy named Aravindan is abandoned by his mother at the Mookambika Temple. Afterwards, a local hotelier raises him, but he always hopes to meet his mother.","['Drama', 'Comedy']",[],"['Vineeth Sreenivasan', 'Sreenivasan', 'Nikhila Vimal', 'Urvashi', 'Aju Varghese']",['M. Mohanan'],['Rajesh Raghavan'],"['Kannada', 'Malayalam', 'Tamil']",[],6.526,19,0.3486,122,https://image.tmdb.org/t/p/w500/8Z3vKWh7xBazJTuJBZMAojnVI4R.jpg
428662,Thrissivaperoor Kliptham,2017-08-11,"All that David Pauly ever wanted in life was to witness the downfall of his high school nemesis Chembaden Joey. When Joey louses up Davy's betrothal ceremony, Davy and his friends vow to scheme up something that would button up Joey forever. Enter Giri, a village boy who joins the gang on the mission, for vested interests of course. But little did he know then, about Baagirathi or the misadventures that awaited the gang on their revenge quest.",['Comedy'],[],"['Asif Ali', 'Aparna Balamurali', 'Chemban Vinod Jose', 'Baburaj', 'Vineeth Mohan']",['Ratheish Kumar'],['P S Rafeeque'],['Malayalam'],"['Sun Nxt', 'VI movies and tv']",4.9,7,0.5581,138,https://image.tmdb.org/t/p/w500/7sN8NczPQAn2C3iUbZ1Z81oP3Sj.jpg
391329,King Liar,2016-04-02,"Sathyanarayanan, who has an uncanny talent to deceive people, falls in love with Anjali, an aspiring model. He convinces her that he will help her enter the fashion world using his expertise.",['Comedy'],"['beauty contest', 'liar', 'love', 'model', 'divorce']","['Dileep', 'Madonna Sebastian', 'Lal', 'Balu Varghese', 'Asha Sarath']",['Lal'],"['Siddique', 'Lal', 'Siddique']",['Malayalam'],"['ManoramaMax', 'VI movies and tv', 'ManoramaMAX Amazon Channel']",6.1,7,0.4766,158,https://image.tmdb.org/t/p/w500/6rGkbRlsdKzeggMFJIR6DJ8Tbzc.jpg
373563,Rudra Simhasanam,2015-07-31,"Rudra Simhan is a yogi who gave up all worldly pleasures by listening to the call of his soul. When he returnd to his homeland after a long journey, he comes in to the life of Haimavathi.",['Fantasy'],"['black magic', 'tantra']","['Suresh Gopi', 'Nikki Galrani', 'Nedumudi Venu', 'Shweta Menon', 'Nishanth Sagar']",['Shibu Gangadharan'],"['Sunil Parameswaran', 'Sunil Parameswaran']",['Malayalam'],['VI movies and tv'],1.0,1,0.3419,176,https://image.tmdb.org/t/p/w500/kC32t0HAAiCAAvQRLhg83YJmBlZ.jpg
1007164,My Name Is Azhakan,2022-10-14,"Azhakan, who believes his name is an element of fun for many, experiences a change when he meets a girl that admires the inner artist in him.",['Comedy'],[],"['Binu Thrikkakkara', 'Saranya R Nair', 'Jaffer Idukki', 'Sudhi Koppa', 'Johny Antony']",['B.C. Noufal'],['Binu Thrikkakkara'],['Malayalam'],"['Zee5', 'VI movies and tv']",6.0,2,0.4135,130,https://image.tmdb.org/t/p/w500/2ElZM0LyoDBAWW6cePyX174JKgg.jpg
1625599,Ee Thani Niram,2026-02-13,,"['Crime', 'Thriller']",[],"['Anoop Menon', 'Ramesh Pisharody', 'Noby Marcose', 'G Suresh Kumar', 'Balu Sreedhar']",['Ratheesh Nedumangadu'],['Ambika Kannan Bai'],['Malayalam'],[],0.0,0,0.4835,0,https://image.tmdb.org/t/p/w500/2mXBxdMiiiVkFCoPwxAgZz47ODG.jpg
1151612,Kadha Innuvare,2024-09-20,An anthology of four unusual stories where each couple fights to be with the ones they love against all odds.,"['Family', 'Drama', 'Romance']",['remake'],"['Biju Menon', 'Methil Devika', 'Anu Mohan', 'Nikhila Vimal', 'Hakkim Shajahan']",['Vishnu Mohan'],['Vishnu Mohan'],['Malayalam'],"['Amazon Prime Video', 'ManoramaMax', 'VI movies and tv', 'ManoramaMAX Amazon Channel', 'Amazon Prime Video with Ads']",4.0,3,0.3704,129,https://image.tmdb.org/t/p/w500/rva44wdp5NsJwL6QY9U6U2nNSfr.jpg
1134686,Watusi Zombie!,2024-12-14,"Set in Kochi right before the pandemic, micro-celebrity and boy genius Gabriel finds himself in the midst of an ugly rumor as he deals with small people with big city ideas.",['Comedy'],"['media', 'identity', 'interview', 'celebrity', 'film noir', 'fame', 'singing', 'india', 'boy genius', 'cynical', 'filmmaking', 'culture', 'unreliable narrator', 'investigative journalism', 'kochi', 'dreamlike', 'mysterious events', 'twisted', 'book', 'independent film', 'music', 'lighthearted', 'surf music', 'youth', 'open mic', 'irony', 'hilarious', 'comedy', 'complicated', 'cruel', 'gen z', 'hazy']","['Abdul Ahad', 'Diya Sara Santhosh', 'Sidharth Rengan', 'Saurav Suresh', 'Shruthin Vasanth']",['Cyril Abraham Dennis'],['Cyril Abraham Dennis'],"['English', 'Malayalam']",[],0.0,0,0.5091,73,https://image.tmdb.org/t/p/w500/8UVgN3ZMGrSji8SqPz93fI7qTP7.jpg
1129607,Adrishyam,2022-11-18,"Revolves around the case of a missing girl (Anandhi), and there are too many people looking for her in parallel investigations. Nandakumar (Narain) and his team are on the lookout for her, as directed by a top police officer Purushothaman (Prathap Pothen) who cannot get directly involved with the case.","['Crime', 'Thriller']",[],"['Sharafudheen', 'Narain', 'Joju George', 'Athmeeya Rajan', 'Anandhi']",['Zac Harriss'],[],"['Malayalam', 'Tamil']",[],3.0,1,0.3405,123,https://image.tmdb.org/t/p/w500/5IDdmRECcIg6sprBOktNJVK5maX.jpg
1066371,Aapp Kaise Ho,2025-02-28,"Christy invites his old friends to his bachelor party, where Binoy and Sajeer plan a surprise to make the night unforgettable. But when things spiral out of control, the trio must work together to fix the chaos. As tensions rise, their friendship faces the ultimate test. Can they turn the night around before its too late?","['Comedy', 'Drama']",[],"['Dhyan Sreenivasan', 'Sreenivasan', 'Aju Varghese', 'Ramesh Pisharody', 'Sminu Sijo']",['Vinay Jose'],['Dhyan Sreenivasan'],['Malayalam'],['ManoramaMAX Amazon Channel'],1.0,1,0.433,105,https://image.tmdb.org/t/p/w500/ocY7kyEeBFlZ4Mco8VoPueVw0CA.jpg
1380611,Pennu Case,2026-01-10,A group of men realize that they are all the victim of the same serial wedding scammer.,"['Crime', 'Comedy']",[],"['Nikhila Vimal', 'Hakkim Shajahan', 'Aju Varghese', 'Irshad', 'Ramesh Pisharody']",['Febin Sidharth'],"['Febin Sidharth', 'Sunu A V', 'Ganesh Malayath', 'Reshmi Radhakrishnan']",['Malayalam'],"['Amazon Prime Video', 'Amazon Prime Video with Ads']",4.0,2,0.441,111,https://image.tmdb.org/t/p/w500/wBS7vxCTJhA2ufHbe7kL8HxAawd.jpg
1023699,Nalla Nilavulla Rathri,2023-06-30,"Six friends who were batch mates set out a trip to Shimoga. Once they reached their destination, bizarre happenings reveal each persons true identity.","['Thriller', 'Action', 'Comedy']",[],"['Baburaj', 'Chemban Vinod Jose', 'Binu Pappu', 'Ganapathi S. Poduval', 'Jinu Joseph']",['Murphy Devasy'],"['Murphy Devasy', 'Praful suresh']",['Malayalam'],[],7.0,3,0.4397,126,https://image.tmdb.org/t/p/w500/jGKnyNgzcq5o6W7hkBj1VJto2y9.jpg
819267,Prakashan Parakkatte,2022-06-17,"Das, who regularly bunks school, is unhappy with his family as they admire his brother for doing well at school. Tragedy strikes when an accident takes place, and at the same time, Das falls in love.","['Family', 'Comedy', 'Drama']",[],"['Mathew Thomas', 'Dileesh Pothan', 'Malavika Manoj', 'Nisha Sarangh', 'Ritunjay Sreejith']",['Shahad Nilambur'],"['Dhyan Sreenivasan', 'Dhyan Sreenivasan']",['Malayalam'],['Zee5'],3.2,5,0.3811,127,https://image.tmdb.org/t/p/w500/cxdKrnyYHv5Y0oxpvDvuK1Y6p4k.jpg
656463,My Santa,2019-12-20,"After losing her parents in an accident, Aisa lives with her grandfather, who tells her stories of Santa Claus to cheer her up. Soon, Santa arrives to meet her, making her wishes come true.","['Mystery', 'Comedy']",[],"['Dileep', 'Manasvi Kottachi', 'Anusree Nair', 'Sunny Wayne', 'Dharmajan Bolgatty']",['Sugeeth'],['Jemin Cyriac'],['Malayalam'],[],3.2,4,0.3184,147,https://image.tmdb.org/t/p/w500/rDbzFe4kTsd1NTECXNyJ2VGZNA.jpg
987865,Corona Papers,2023-04-06,The cat and mouse chase between the police and thieves who looted a huge amount during the COVID-19 pandemic.,"['Action', 'Drama', 'Thriller']",[],"['Shane Nigam', 'Shine Tom Chacko', 'Siddique', 'Maniyanpilla Raju', 'Gayathrie Shankar']",['Priyadarshan'],"['Priyadarshan', 'Sri Ganesh']",['Malayalam'],['JioHotstar'],4.6,7,0.3808,155,https://image.tmdb.org/t/p/w500/aKZXVZxZlSs4i7HKaUxPlSwiyuF.jpg
946297,Charles Enterprises,2023-05-19,A man unleashes more trouble than he bargained for when he steals a valuable Ganesh statue from his deeply religious mother.,"['Comedy', 'Drama']",[],"['Urvashi', 'Balu Varghese', 'Guru Somasundaram', 'Kalaiyarasan', 'Sujith Sankar']",['Subhash Lalitha Subrahmanian'],['Subhash Lalitha Subrahmanian'],['Malayalam'],"['Amazon Prime Video', 'Amazon Prime Video with Ads']",3.8,4,0.3136,132,https://image.tmdb.org/t/p/w500/bnVRLe76H5Fpg135i0HEV7gvn2K.jpg
718659,Sufiyum Sujatayum,2020-07-03,Dr. Rajeev and his wife SUJATA come from Dubai to participate in the last rituals of Sujata's friend and ex love affair who was a Sufi. The events which happen when they land in the village forms the rest of the plot.,"['Drama', 'Romance']",[],"['Jayasurya', 'Aditi Rao Hydari', 'Siddique', 'Kalaranjini', 'Dev Mohan']",['Naranipuzha Shanavas'],['Naranipuzha Shanavas'],['Malayalam'],"['Amazon Prime Video', 'Amazon Prime Video with Ads']",4.3,16,0.4571,121,https://image.tmdb.org/t/p/w500/5v32Sj1OwKLcFARvO1YBUF2FqTZ.jpg
1429294,Koodal,2025-06-27,"When two girls cross paths with their former classmate's murderer, camp director Bobby tries to keep them safe. However, things take a turn as a series of unsettling events begins to unravel.",['Thriller'],[],"['Bibin George', 'Mareena Michael', 'Niya Sankranthil', 'Anu Sonara', 'Gajaraj']","['Shaanu Kakkoor', 'Shafi Eppikad']","['Shafi Eppikad', 'Rafi Mankada', 'Yasir Parathakkad']",['Malayalam'],[],1.0,1,0.3201,107,https://image.tmdb.org/t/p/w500/16ldo70b01IJdX3x6MYWkrJUvfT.jpg
1274311,Oru Anweshanathinte Thudakkam,2024-11-08,"In Kerala, an investigating journalist disappears without notice. Media and public stunned. Investigation uncovers shocking, unexpected mysteries. Suspenseful plot follows the case's twists and revelations.","['Thriller', 'Crime']",[],"['Shine Tom Chacko', 'Mukesh', 'Vani Viswanath', 'Samuthirakani', 'Ashokan']",['Nishad M A'],['Nishad M A'],['Malayalam'],[],0.0,0,0.4635,181,https://image.tmdb.org/t/p/w500/A1c7oLH1ngGYFyFoFhdMzAaRXAa.jpg
827561,Eka,2018-02-01,Eka is the story of an intersex person's bike journey through three states of India with her female friend.,"['Drama', 'Thriller']",[],"['Rehana Fathima', 'Anupama']",['Prince John'],['Prince John'],['Malayalam'],[],0.0,0,0.2337,93,https://image.tmdb.org/t/p/w500/cK106kK1ziHMXnJRKZv84PGzFAy.jpg
793799,Vaanku,2021-01-21,"An interesting thought instilled in the minds of Raziya and her classmates by a teacher urges Raziya to reveal her biggest wish – to recite the azaan. And all hell breaks loose, predictably.","['Drama', 'Family']",[],"['Anaswara Rajan', 'Nandana Varma', 'Gopika Ramesh', 'Vineeth Radhakrishnan', 'Shabna Mohammed']",['Kavya Prakash'],"['Shabna Mohammed', 'Unni R.']",['Malayalam'],['VI movies and tv'],2.8,3,0.4705,108,https://image.tmdb.org/t/p/w500/4WVg07u0AhnfNQnwJJw3rB9YI4m.jpg
495556,Chippy,2017-11-10,"Chippy is all about a bunch of school going kids from Thalassery, a coastal area in Kerala, who want to make a short film revolving around their distasteful experiences in life.",['Drama'],[],"['Srindaa', 'Manikandan Achari', 'Surabhi Lakshmi', 'Innocent', 'Shruthy Menon']",['Pradeep Chokli'],['Vineesh Palayad'],['Malayalam'],[],0.0,0,0.3178,121,https://image.tmdb.org/t/p/w500/6ekNGjKDb30HqVentTJSOn4atWn.jpg
564181,9,2019-02-07,"When forces within and beyond this world conspire to snatch his son away, a father resolves to do whatever it takes to protect him.","['Science Fiction', 'Thriller', 'Mystery', 'Horror']",['father son relationship'],"['Prithviraj Sukumaran', 'Alok', 'Wamiqa Gabbi', 'Prakash Raj', 'Mamta Mohandas']",['Jenuse Mohamed'],['Jenuse Mohamed'],['Malayalam'],[],6.5,26,0.3915,159,https://image.tmdb.org/t/p/w500/wuukJ8fUHmySDs1ILbaqmuecwVX.jpg
679247,Halal Love Story,2020-10-15,A group of friends attempts to make a 'halal' film that conforms to the guidelines and descriptions of an Islamic organization which they are a part of.,['Comedy'],[],"['Grace Antony', 'Indrajith Sukumaran', 'Sharafudheen', 'Joju George', 'Soubin Shahir']",['Zakariya Mohammed'],"['Zakariya Mohammed', 'Muhsin Parari']","['English', 'Malayalam']","['Amazon Prime Video', 'Amazon Prime Video with Ads']",5.9,13,0.3985,116,https://image.tmdb.org/t/p/w500/4vkle9iPfE1eSsHJQf14nyzSQ19.jpg
1316859,Panchayat Jetty,2024-07-26,"Kudungassery Village, where problems include insufficient public transport and cremation services. As local elections draw near, opposition chief Vallabhan capitalizes on these matters to confront the ruling party head, OK Krishnada.","['Comedy', 'Drama']",[],"['Rachana Narayanankutty', 'Salim Kumar', 'Salim Hassan', 'Manikandan Pattambi', 'Niyas Backer']","['Salim Hassan', 'Manikandan Pattambi']","['Manikandan Pattambi', 'Salim Hassan']",['Malayalam'],[],6.0,2,0.2774,139,https://image.tmdb.org/t/p/w500/xz0iwqTb30AdH5Z6M9jSSm35K2s.jpg
581381,Vallikkettu,2019-01-25,A young couple in love faces significant hurdles when the girl begins to have issues with the boy's problematic attitude and his association with a bad circle of friends.,"['Action', 'Romance']",['elephant'],"['Ashkar Saudan', 'V. Suresh Thampanoor', 'Jaffer Idukki', 'Mamukkoya', 'Shivaji Guruvayoor']",['Jibin'],"['Shinu Ragavan', 'Jibin', 'Jibin', 'Shinu Ragavan']",['Malayalam'],[],1.0,1,0.319,114,https://image.tmdb.org/t/p/w500/rTbMVcnWPjaPgL7amh1N5IUH2u4.jpg
531729,Lilli,2018-09-28,"Abducted and confined in a room by a gang of sadistic men, a pregnant woman tries to escape, against insurmountable odds.","['Thriller', 'Drama']","['kidnapping', 'pregnancy']","['Samyuktha', 'Aaryan Ramani Girijavallabhan', 'Dhanesh Anand', 'Kannan Nayar', 'Sajin Cherukayil']",['Prasobh VIjayan'],['Prasobh VIjayan'],['Malayalam'],[],5.727,10,0.2502,91,https://image.tmdb.org/t/p/w500/4HBUrOthPmaVGfvXWJBuw7dS0JA.jpg
439601,CIA: Comrade In America,2017-05-05,"A young Aji Mathew is a communist who goes the whole nine yards for the ideologies he believes in. When the girl he loves leaves to the US out of the blue and her parents fix her wedding, Aji is left with just a fortnight to reach the country albeit with no passport or visa. How far he is willing to go for love forms the plot.","['Action', 'Adventure', 'Romance']","['strike', 'college', 'community', 'migration', 'communism']","['Dulquer Salmaan', 'Siddique', 'John Vijay', 'Soubin Shahir', 'Karthika Muraleedharan']",['Amal Neerad'],['Shibin Francis'],"['English', 'Malayalam', 'Spanish']",[],6.0,36,0.4708,134,https://image.tmdb.org/t/p/w500/1ke1nNHvASJ0kn1cs7PlCx1mWtH.jpg
459728,Sherlock Toms,2017-09-29,"Inspired by Sherlock Holmes books, enforcement officer PL Thomas wants to crack a big case in his first posting. However, his wife's antics lead to the whole case going awry, even pushing him to the point to derangement. His scheme to salvage some pride as a last-ditch effort takes the plot forward.","['Comedy', 'Drama']","['suicide attempt', 'black money', 'demonetisation']","['Biju Menon', 'Miya George', 'Srindaa', 'Aju Varghese', 'Salim Kumar']",['Shafi'],"['Najim Koya', 'Shafi', 'Sachy', 'Sachy', 'Najim Koya']",['Malayalam'],[],5.7,15,0.3577,147,https://image.tmdb.org/t/p/w500/yzXQ5cB75taFc2Zc4jBt0VZFzov.jpg
415007,Oozham,2016-09-08,A demolition expert teams up with his fiancée and brother to avenge the deaths of their family members from the corrupt scientist who got them killed.,"['Drama', 'Action', 'Thriller']","['bomb', 'engagement', 'revenge', 'murderer', 'adopted brother', 'software engineer', 'health inspector', 'pharmaceuticals', 'demolition expert']","['Prithviraj Sukumaran', 'Divya Pillai', 'Neeraj Madhav', 'Jayaprakash', 'Pasupathy']",['Jeethu Joseph'],['Jeethu Joseph'],[],[],6.4,13,0.4161,140,https://image.tmdb.org/t/p/w500/krGK09PhasasEG0WqYXt4rN2woW.jpg
834657,Theerppu,2022-08-25,"Four friends, Ramkumar, Kalyan, Parameshwaran and Abdulla, who share a troubled history and familial strife, meet at a place owned by Ramkumar. This happenstance get-together ends up in fresh tension, leading to unforeseen consequences.","['Thriller', 'Drama']",[],"['Prithviraj Sukumaran', 'Indrajith Sukumaran', 'Isha Talwar', 'Vijay Babu', 'Saiju Kurup']",['Rathish Ambat'],['Murali Gopy'],['Malayalam'],['JioHotstar'],5.2,5,0.3959,147,https://image.tmdb.org/t/p/w500/xMqEd2Lg0R0YazBntPCQISV9mD2.jpg
1195394,Turbo,2024-05-23,An Idukki jeep driver attracts the ire of the head of a shady criminal syndicate after his friends uncover a large-scale financial scam.,"['Action', 'Comedy', 'Drama']",['family'],"['Mammootty', 'Raj B Shetty', 'Anjana Jayaprakash', 'Kabir Duhan Singh', 'Niranjana Anoop']",['Vysakh'],['Midhun Manuel Thomas'],"['Malayalam', 'Tamil']","['Sony Liv', 'VI movies and tv']",5.0,13,0.4028,150,https://image.tmdb.org/t/p/w500/CBRqel4Yzm8BS4fTMScYA1fQLD.jpg
1070937,Ramachandra Boss & Co,2023-08-25,"Based on specific inputs from an associate in Kerala, a man named Ramachandra Boss handpicks a group of individuals and transports them to the UAE for the mission: stealing a highly valuable painting from the possession of the infamous millionaire Amar.",['Comedy'],['heist'],"['Nivin Pauly', 'Vinay Forrt', 'Mamitha Baiju', 'Arsha Baiju', 'Jaffer Idukki']",['Haneef Adeni'],['Haneef Adeni'],['Malayalam'],[],0.0,0,0.3242,147,https://image.tmdb.org/t/p/w500/ouXeCaQk716EaSTiKeMZAjuMdVf.jpg
332686,Bhaskar The Rascal,2015-04-14,"Businessman Bhaskaran Pillai builds a large commercial empire until his wife dies. Under pressure from his son, Bhaskaran goes on a trip where he meets Hima, a small-business owner.","['Comedy', 'Drama', 'Family']","['business woman', 'gun battle', 'single mother', 'single father', 'dead']","['Mammootty', 'Nayanthara', 'Anikha Surendran', 'Sanoop Santhosh', 'Janardhanan']",['Siddique'],"['Siddique', 'Siddique']",['Malayalam'],['Sun Nxt'],4.7,18,0.3646,154,https://image.tmdb.org/t/p/w500/b9KclZQQPrcVXkZYqAQ3KZBSVi0.jpg
625453,Pattabhiraman,2019-08-23,"Health inspector Pattabhiraman won’t turn a blind eye towards food adulteration, and it has earned him numerous transfers, enemies and more. His latest posting is in Thiruvananthapuram. What awaits him in the capital city?","['Comedy', 'Crime']",[],"['Jayaram', 'Miya George', 'Madhuri Braganza', 'Baiju Santhosh', 'Hareesh Perumanna']",['Kannan Thamarakkulam'],['Dinesh Pallath'],['Malayalam'],['Sun Nxt'],6.0,2,0.3401,139,https://image.tmdb.org/t/p/w500/mnZeIENx7u7bmQY4qTIfefPqKDN.jpg
1008019,Two Men,2022-08-05,"This is the story of two men from opposite ends of the spectrum of life, who somehow get inexplicably intertwined. The story happens over 24 hours, from the dawn of the eve of Bakrid to the dawn of Bakrid",['Thriller'],[],"['Irshad', 'Nishad M A', 'Renji Panicker', 'Lenaa', 'Anumol']",['K Satheesh'],[],"['Arabic', 'Hindi', 'Malayalam']",['ManoramaMAX Amazon Channel'],5.0,1,0.2577,110,https://image.tmdb.org/t/p/w500/jsz4cB1jXuhH3bxYUDPq18hJLV7.jpg
689143,Kumbarees,2019-08-16,"Kumbarees is a tale of friendship. It revolves around two men, who are addicted to drugs.","['Action', 'Drama']",['malayalam'],"['Vijayakumar', 'Ramesh Pisharody', 'Eldho Mathew', 'Ashwin Jose', 'Indrans']",['Sagar Hari'],['Sagar Hari'],['Malayalam'],['Sun Nxt'],4.0,1,0.3236,119,https://image.tmdb.org/t/p/w500/6DHYIezymmJp3sH7Dp9QDawuW9v.jpg
1177652,Anandapuram Diaries,2024-03-01,"After facing rough times in life, Nandini, a resilient and tough woman returns to Law College to finish her education. She finds solace in new friendships. Unknowingly she gets into dangerous conflicts that threaten the social fabric of society.","['Drama', 'Thriller']",[],"['Meena', 'Srikanth', 'Roshan Abdul Rahoof', 'Anju Mary Thomas', 'Manoj K Jayan']",['Jaya Jose Raj'],['Sasi Gopalan Nair'],['Malayalam'],"['ManoramaMax', 'ManoramaMAX Amazon Channel']",3.0,1,0.4378,114,https://image.tmdb.org/t/p/w500/ms9eCf2pSNlQQy4mW7UQuzBf2Sm.jpg
731949,Kilometers and Kilometers,2020-08-31,"When a debt-ridden man reluctantly agrees to drive an American tourist around India, their stark differences lead to bickering… and unexpected bonding.","['Adventure', 'Drama']",[],"['Tovino Thomas', 'India Jarvis', 'Joju George', 'Sidhartha Siva', 'Basil Joseph']",['Jeo Baby'],"['Jeo Baby', 'Deepu Pradeep']","['English', 'Malayalam']",['Netflix'],6.0,21,0.3314,129,https://image.tmdb.org/t/p/w500/x2X1Speb2aQqk4Z3B2yngh33lx7.jpg
466998,Sarvopari Palakkaran,2017-08-04,"Jose, a Circle Inspector of Police, Special Branch from Trissur, Kerala, who comes from a respected and well-known conservative christian family, is on the lookout for a suitable bride who fits within his idea of an ideal woman. When he meets Lynta, he believes he has finally found the right woman and the two get engaged soon. However, he slowly realizes that he his not romantically attracted to her and to make matters worse, he finds himself attracted to Anupama Neelakantan, a social activist whom he meets during the course of investigating an abduction case. As he finds himself torn between his fiance and Anupama, he discovers the life secrets of Anupama. Whom will he marry and will he able to complete the investigation successfully forms the crux.","['Comedy', 'Drama']",[],"['Anoop Menon', 'Aparna Balamurali', 'Anu Sithara', 'Nandhu', 'Gayatri Arun']",['Venugopan'],['Suresh Babu'],['Malayalam'],"['Amazon Prime Video', 'Amazon Prime Video with Ads']",5.5,5,0.4238,136,https://image.tmdb.org/t/p/w500/j9YCoVPyQXvkYTdgAVUpb7QDH3Q.jpg
278398,Pathemari,2015-10-09,"Pathemari features the life of Pallikkal Narayanan who migrated to the Middle-East in the early 1980s, when the Kerala Gulf boom was at its peak.",['Drama'],"['immigrant', 'dubai', 'persian gulf']","['Mammootty', 'Jewel Mary', 'Joy Mathew', 'Sreenivasan', 'Siddique']",['Salim Ahamed'],['Salim Ahamed'],"['Arabic', 'Malayalam']",[],7.5,23,0.3492,110,https://image.tmdb.org/t/p/w500/1pV5saZKVHdUNJojBhib9zNxiBD.jpg
422930,Welcome to Central Jail,2016-09-09,"Unnikuttan is a young man, who was born in the central jail. He considers jail as his second home. As a good Samaritan he takes on the punishments for petty crimes committed by others.",['Comedy'],"['jail', 'orphan']","['Dileep', 'Vedhika', 'Renji Panicker', 'Dharmajan Bolgatty', 'Balachandran Chullikkadu']",['Sundar Das'],['Benny P. Nayarambalam'],['Malayalam'],"['Sun Nxt', 'VI movies and tv']",3.3,6,0.3764,152,https://image.tmdb.org/t/p/w500/uju5SF6VqPpLZzcnBR2v7whqKea.jpg
373593,Su.. Su... Sudhi Vathmeekam,2015-11-23,"Sudhi, a clerk in a school, struggles in his life as he is suffering from dysarthria. His life takes a new turn after meeting Kalyani, a speech therapist.","['Comedy', 'Drama']","['bank', 'fear', 'speech disorder']","['Jayasurya', 'Sshivada', 'Swathy Narayanan', 'Mukesh', 'Aju Varghese']",['Ranjith Sankar'],"['Ranjith Sankar', 'Sudheendran Avittathoor']",['Malayalam'],"['ManoramaMax', 'VI movies and tv', 'ManoramaMAX Amazon Channel']",7.3,23,0.2913,134,https://image.tmdb.org/t/p/w500/zSbrXfsie8djzvi3ky2xmuyguvZ.jpg
1221981,Oru Kattil Oru Muri,2024-10-04,"The film's narrative revolves around a bed and its three occupants. It follows Rugmangadan, who wakes up in his car and is pursued by goons.","['Drama', 'Romance']",[],"['Hakkim Shajahan', 'Poornima Indrajith', 'Priyamvada Krishna', 'Janardhanan', 'Vijayaraghavan']",['Shanavas K Bavakkutty'],['Raghunath Paleri'],"['Malayalam', 'Tamil']","['VI movies and tv', 'ManoramaMAX Amazon Channel']",2.0,1,0.2636,120,https://image.tmdb.org/t/p/w500/ncmPqZB7mAulMjYMBEmj9j1uxoC.jpg
1013748,Oh My Darling,2023-02-24,"Love has many faces, but Joel and Jenny love with earnestness, but when their love is tested in the fire of adversity, it has to overcome that. When reality is not what it appears to be, can love survive?","['Romance', 'Comedy']",[],"['Anikha Surendran', 'Lenaa', 'Melvin G Babu', 'Fukru Krishnajeev', 'Srikant Murali']",['Alfred D Samuel'],['Jineesh K. Joy'],['Malayalam'],"['Amazon Prime Video', 'ManoramaMax', 'ManoramaMAX Amazon Channel', 'Amazon Prime Video with Ads']",4.8,5,0.3526,145,https://image.tmdb.org/t/p/w500/ywUOF1b5RpbUkQDBAVIKozmOh4g.jpg
843729,Ajagajantharam,2021-12-23,"Aranjali is all set to celebrate the annual temple festival. Some unforeseen chain of events involving an elephant, a few young men, a notorious criminal, a drama troop and some trouble-loving villagers brings complete mayhem to the place",['Action'],[],"['Antony Varghese', 'Arjun Ashokan', 'Chemban Vinod Jose', 'Sabumon Abdusamad', 'Sudhi Koppa']",['Tinu Pappachan'],"['Vineeth Vishwam', 'Kichu Tellus']",['Malayalam'],['Sony Liv'],6.8,10,0.2979,122,https://image.tmdb.org/t/p/w500/9SKsMvNArp0ytrjrx5h6rCf1wxN.jpg
864274,Kallan D'Souza,2022-02-11,"Kallan D'Souza and his partner make a living committing petty thefts and are highly successful at it. However, a stubborn police officer threatens their operation.",['Comedy'],[],"['Soubin Shahir', 'Dileesh Pothan', 'Surabhi Lakshmi', 'Hareesh Perumanna', 'Vijayaraghavan']",['Jithu K Jayan'],['Sajeer Baba'],['Malayalam'],['ManoramaMax'],5.5,18,0.2767,120,https://image.tmdb.org/t/p/w500/oft2uo1PrS2LVzYLyxcx3kERVR6.jpg
610340,Marconi Mathai,2019-07-11,"Maarconi Mathaai, though a lone wolf, is everyone's favorite. He loves and cares for everything but never got around starting his own family. When Anna joins the bank as cook-cum-cleaner, Mathai's friends urge him to woo Anna into his life.","['Romance', 'Comedy']",[],"['Jayaram', 'Athmeeya Rajan', 'Vijay Sethupathi', 'Poorna', 'Alphy Panjikaran']",['Sanil Kalathil'],"['Sanil Kalathil', 'Sanil Kalathil', 'Rejishh Midhila']",['Malayalam'],['Sun Nxt'],4.3,3,0.3892,122,https://image.tmdb.org/t/p/w500/2kgcFtefxekCjQOXJqaGLdA15CT.jpg
567337,Paviettante Madhurachooral,2018-12-06,"In a small village of Kerala live Pavithran master and Annie teacher who teach at Chandanapara high school. Popular for their farming and nature-friendly life, the couple is highly respected in the village. One fine morning, a fifteen-year-old boy named Anandu enters their lives. What follows is how their life changes after the arrival of the boy.",['Drama'],[],"['Sreenivasan', 'Lenaa', 'Shebin Benson', 'Vijayaraghavan', 'Harisree Ashokan']",['Sreekrishnan'],['Sreenivasan'],['Malayalam'],[],10.0,1,0.3112,115,https://image.tmdb.org/t/p/w500/7BiK0vBgynK8ld2uSND7u1ZU8nk.jpg
1065299,Hunt,2024-08-23,A student of forensics gets entangled in unraveling the mystery behind the disappearance and murder of a woman with help from the supernatural,"['Horror', 'Thriller']",['malayalam horror'],"['Bhavana', 'Aditi Ravi', 'Chandhunadh', 'Renji Panicker', 'Nandhu']",['Shaji Kailas'],['Nikhil Anand'],['Malayalam'],['ManoramaMAX Amazon Channel'],1.0,1,0.4703,116,https://image.tmdb.org/t/p/w500/bQKiVg4DrXD4mt5u17dhNEbVypm.jpg
818871,Kho Kho,2021-04-16,"In a state where we grew up admiring how coach Nambiar and his protégé Usha brought back athletic glory in truckloads, Kho Kho is a highly relatable tale of a talented athlete transferring her spark of desire onto the next generation.",['Drama'],['kho kho'],"['Rajisha Vijayan', 'Mamitha Baiju', 'Venkitesh V P', 'Vettukili Prakash', 'Renjit Shekar']",['Rahul Riji Nair'],"['Rahul Riji Nair', 'Rahul Riji Nair']",['Malayalam'],"['Amazon Prime Video', 'Amazon Prime Video with Ads']",4.8,6,0.4002,119,https://image.tmdb.org/t/p/w500/zyr51Gnzf2gKD84Uan8Q8SfTsWx.jpg
495009,Masterpiece,2017-12-21,"Edward Livingston, an English professor at the Travancore Maharaja College. As the defiant students continue to split into warring factions, Livingston sets out to restore order and make the campus a better place for everyone.","['Thriller', 'Action']","['professor', 'investigation', 'college', 'murder', 'mass hero']","['Mammootty', 'Unni Mukundan', 'Varalaxmi Sarathkumar', 'Poonam Bajwa', 'Mukesh']",['Ajai Vasudev'],['Uday Krishna'],['Malayalam'],"['ManoramaMax', 'ManoramaMAX Amazon Channel']",3.8,11,0.35,160,https://image.tmdb.org/t/p/w500/pHzk3brr9iyictR4GsMsPZubNX2.jpg
412711,Karinkunnam 6's,2016-07-07,Vandana and Aby are outstanding volleyball players. An accident changed Aby's life forever. Aby is so disheartened that his dream will never come true. Vandana sets off to Central Jail to select efficient players to fulfill Aby's wish.,['Drama'],['sports'],"['Manju Warrier', 'Anoop Menon', 'Babu Antony', 'Sudheer Karamana', 'Baiju Santhosh']",['Deepu Karunakaran'],['Arunlal Ramachandran'],['Malayalam'],"['Sun Nxt', 'VI movies and tv']",5.6,8,0.4232,144,https://image.tmdb.org/t/p/w500/J8JF9vKaEZ58UtSY4NTt2l7F3q.jpg
512291,Parole,2018-04-06,"Alex is a comrade and an active communist leader. Due to some unfortunate events, Alex gets arrested and is imprisoned but is compelled to come out on Parole to solve a mystery he left behind.","['Action', 'Family']","['jail', 'parole']","['Mammootty', 'Miya George', 'Iniya', 'Siddique', 'Suraj Venjaramoodu']",['Sharrath Sandith'],"['Ajith Poojappura', 'Ajith Poojappura']",['Malayalam'],"['Zee5', 'ManoramaMax', 'VI movies and tv', 'ManoramaMAX Amazon Channel']",4.7,5,0.2393,150,https://image.tmdb.org/t/p/w500/hiIpOTtpQsFR9ZENY70BCg4wkl6.jpg
1019253,Neeraja,2023-05-19,"Neeraja, unafraid to pose the questions she once hesitated to ask, discovers answers about the persistence of desires after the loss of a spouse through the individuals who enter her life as love and lust.",['Drama'],[],"['Guru Somasundaram', 'Shruti Ramachandran', 'Srindaa', 'Jinu Joseph', 'Raghunath Paleri']",['Rajesh K Raman'],['Rajesh K Raman'],['Malayalam'],[],3.3,3,0.4449,121,https://image.tmdb.org/t/p/w500/izz6VYkByfQSvP4CxJgL3KBnhye.jpg
851739,Pidikittapulli,2021-08-27,"On one side, Shambu (Sunny Wayne) decides to elope with his love Aswathy (Ahaana) and on the other side, Shivan (Anoop) and Disney (Saiju Kurup) plan to kidnap Kurup (Major Ravi). On the third side, a driver named Sudhakaran walks in to take revenge against Kurup. All are unaware that they are all in the same place at the same time. Soon, a series of confusions begin to occur. What happens next is a series of quirky comedy of errors","['Thriller', 'Comedy']",[],"['Sunny Wayne', 'Ahaana Krishna', 'Lalu Alex', 'Saiju Kurup', 'Baiju Santhosh']",['Jishnu Sreekandan'],['Sumesh V Robin'],['Malayalam'],[],7.0,3,0.2896,122,https://image.tmdb.org/t/p/w500/nFQ8diTiGbNbp5y7PmiURfwfuPn.jpg
988546,Pookkaalam,2023-04-08,"A couple in their late 90s, lead a happy life with a large family of four generations. On the day of their granddaughter's engagement an unexpected event sends them on a magical journey that will test their familial bonds.","['Drama', 'Family', 'Comedy']",[],"['Vijayaraghavan', 'K.P.A.C Leela', 'Basil Joseph', 'Vineeth Sreenivasan', 'Suhasini Maniratnam']",['Ganesh Raj'],['Ganesh Raj'],['Malayalam'],['JioHotstar'],6.2,6,0.2766,136,https://image.tmdb.org/t/p/w500/otS5iKajrP2HxZhXi9VgZ5O02Md.jpg
389683,Valiya Chirakulla Pakshikal,2015-11-01,Docu-fiction about the harmful effects caused by the unethical use of the pesticide Endosulfan in the plantations of Kasaragode district of Kerala.,['Drama'],"['victim', 'endosulfan']","['Kunchacko Boban', 'Nedumudi Venu', 'Suraj Venjaramoodu', 'Salim Kumar', 'Prakash Bare']",['Bijukumar Damodaran'],['Bijukumar Damodaran'],"['English', 'French', 'Malayalam']","['Amazon Prime Video', 'Amazon Prime Video with Ads']",6.5,2,0.3503,116,https://image.tmdb.org/t/p/w500/bLjgb2kipzqqc2DZb0ebIUbG0Sb.jpg
1049230,Kallanum Bhagavathiyum,2023-03-31,"When a thief tries to steal the idol of the goddess Bhagavathy and almost drowns in the process, she comes in person to rescue him. She then ends up living in his house for a week, till her idol is consecrated at the new temple and she can reside there again.","['Comedy', 'Drama', 'Fantasy']",[],"['Vishnu Unnikrishnan', 'Anusree Nair', 'Mokksha', 'Salim Kumar', 'Johny Antony']",['East Coast Vijayan'],['K.V. Anil'],['Malayalam'],[],2.0,1,0.2522,139,https://image.tmdb.org/t/p/w500/snh3CfuLQ82U4Tnrgr4w6CM7EPi.jpg
920089,Aviyal,2022-04-07,"When Krishnan's daughter calls him up to share two ‘secrets’ of her life, he is amused, but he decides to give her company and open up about his own life, to teach her a thing or two.",['Drama'],[],"['Joju George', 'Anaswara Rajan', 'Ketaki Narayan Kulkarni', 'Athmeeya Rajan', 'Sirajudheen Nazar']",['Shanil Muhammed'],"['Shanil Muhammed', 'Shanil Muhammed']",['Malayalam'],"['Amazon Prime Video', 'Amazon Prime Video with Ads']",6.0,3,0.3724,125,https://image.tmdb.org/t/p/w500/7ROnE3rQfdKrV3DkqFtdon6B4Nr.jpg
870832,Dear Friend,2022-06-10,"Vinod, Shyam, Arjun, Sajith and Jannath are friends residing in Bengaluru. They live, eat and party together and share a beautiful bond. At times, they pull brutal pranks on their besties like that of making one wear a funny superhero costume on their birthday night and taking him to the pub. Will these pranks become serious or will it remain laugh it out loud?","['Drama', 'Romance', 'Comedy', 'Mystery']",[],"['Tovino Thomas', 'Darshana Rajendran', 'Sanchana Natarajan', 'Basil Joseph', 'Arjun Lal']",['Vineeth Kumar'],"['Sharfuddeen', 'Suhas', 'Arjun Lal']",['Malayalam'],['Netflix'],6.0,7,0.3217,117,https://image.tmdb.org/t/p/w500/sdAUrGwJQwlUVAI4eXDwQZd40h8.jpg
320629,Mili,2015-01-23,"Mili is a motivational film about Mili, an introvert girl who is very depressed. But she finds it in herself to think of her nadir as but a stepping stone to success. She chooses to rise above the challenges and take back the reins of her life.",['Drama'],"['suicide attempt', 'crush', 'daycare']","['Amala Paul', 'Nivin Pauly', 'Praveena', 'Saikumar', 'Sanusha Santhosh']",['Rajesh Pillai'],['Mahesh Narayanan'],['Malayalam'],"['ManoramaMax', 'VI movies and tv', 'ManoramaMAX Amazon Channel']",5.9,16,0.403,114,https://image.tmdb.org/t/p/w500/6wWcgNo5MZbfMBCgRRIa4bmMM9f.jpg
496321,Eeda,2018-01-05,Two young adults with families on opposite ends of the political spectrum fall in love in a Kerala city torn by violence.,"['Romance', 'Drama']",[],"['Shane Nigam', 'Nimisha Sajayan', 'Surabhi Lakshmi', 'Alencier Ley Lopez', 'Sujith Sankar']",['B. Ajithkumar'],['B. Ajithkumar'],['Malayalam'],"['ManoramaMax', 'ManoramaMAX Amazon Channel']",6.962,13,0.3508,152,https://image.tmdb.org/t/p/w500/fdEdScfA5yS10gq2Trq3UyaWMCH.jpg
957926,Aattam,2024-01-05,"After a party amongst a theatre group, their sole actress, Anjali is subjected to a crime from one of the men in the group. A meeting is called for. In trying to reach a consensus, stories unravel, suspicions surface and clamour ensues.",['Drama'],"['patriarchy', 'misogyny', 'stage actress']","['Zarin Shihab', 'Vinay Forrt', 'Kalabhavan Shajon', 'Selvaraj Raghavan VR', 'Sijin Sijeesh']",['Anand Ekarshi'],['Anand Ekarshi'],['Malayalam'],"['Amazon Prime Video', 'Amazon Prime Video with Ads']",7.983,29,0.3148,139,https://image.tmdb.org/t/p/w500/gjptPp7YlX1oy9yCjEpOdlrRisL.jpg
899351,Lalbagh,2021-11-19,"Sara’s husband Tom gets food-poisoned after a birthday party, and police suspect it was a deliberate attempt to murder him. And they are after the culprit.","['Thriller', 'Mystery']",[],"['Mamta Mohandas', 'Rahul Madhav', 'Sijoy Varghese', 'Neha Saxena', 'Nandini Rai']",['Prasanth Murali'],['Prasanth Murali Padmanabhan'],['Malayalam'],"['Zee5', 'VI movies and tv']",4.0,3,0.288,107,https://image.tmdb.org/t/p/w500/4imrUwOmO2GfvDm3IlXDisAheDK.jpg
371813,Puthiya Niyamam,2016-02-12,"Louis Pothen  is an all rounder. He is divorce lawyer, he participates in live TV channel debates on various topics, and he is a film critic, too. His wife Vasuki Iyer  is a Kathakali artist, and together with his school-going daughter, they live in a city highrise. The story further focuses on an incident that sort of transformed the lively Vasuki into an introvert. What follows is a dramatic exploration of Vasuki's recent past and how she gets over it.","['Drama', 'Family', 'Thriller']",['rape'],"['Nayanthara', 'Mammootty', 'Sheelu Abraham', 'Rachana Narayanankutty', 'Aju Varghese']",['A K Sajan'],['A K Sajan'],"['Malayalam', 'Tamil']","['ManoramaMax', 'VI movies and tv', 'ManoramaMAX Amazon Channel']",6.3,23,0.3069,133,https://image.tmdb.org/t/p/w500/9ymNTdX5WD5yUiT38RmUjSi4qJD.jpg
1377424,Victoria,2025-11-28,"Victoria, a young beautician in a suburban beauty parlour, decides to elope with her Hindu boyfriend after a fierce clash with her conservative Catholic parents. Amidst the turmoil, a neighbour asks her to temporarily house an offering rooster destined for a festival at St. George church inside the parlour. Juggling the rooster's antics, unexpected clients, and her boyfriend's uncertainty, Victoria grapples with conflicting emotions leading to a day of intense personal and spiritual revelations.",['Drama'],[],"['Meenakshi Jayan', 'Sreeshma Chandran', 'Jolly Chirayath', 'Darsana Vikas', 'Steeja Mary']",['Sivaranjini J'],['Sivaranjini J'],['Malayalam'],[],7.0,1,0.3207,84,https://image.tmdb.org/t/p/w500/hbGSvJyOgK4LNfsYdUj7QSzXex2.jpg
609448,Aakashaganga 2,2019-11-01,"Arathi, accepts a challenge to test the authenticity of an 'Ashram' that claims to help its followers talk to the dead. To her surprise, she communicates with her dead mother who leads her to the dark and hidden secrets of her own family.",['Horror'],['sequel'],"['Ramya Krishnan', 'Siddique', 'Sreenath Bhasi', 'Vishnu Vinay', 'Vishnu Govindan']",['Vinayan'],['Vinayan'],['Malayalam'],['VI movies and tv'],2.0,7,0.3395,143,https://image.tmdb.org/t/p/w500/ibJzjljE1nSS0OeoQFPcq4WwnTN.jpg
993982,Jailer,2023-08-18,"Set in the 1950s, it tells the story of a prison officer who stays in a bungalow with five prisoners who were charged with different crimes and his experiments to reform them.",['Drama'],[],"['Dhyan Sreenivasan', 'Divya Pillai', 'Navas Vallikkunnu', 'Manoj K Jayan', 'Sreejith Ravi']",['Sakkir Madathil'],[],['Malayalam'],[],2.0,1,0.3348,121,https://image.tmdb.org/t/p/w500/eNDmfn1dsotncNmaBoppS6CJAL5.jpg
640340,Happy Sardar,2019-11-28,"Happy, a timid Sardar living in Patiala, finds his life turned upside down when he falls in love with Mary, a Malayali Knanaya Christian girl. His folks want a Punjabi wedding and Mary's father is adamant about having a Christian wedding.","['Comedy', 'Romance']",[],"['Kalidas Jayaram', 'Siddique', 'Javed Jaffrey', 'Sreenath Bhasi', 'Sharafudheen']","['Geethika Sudip', 'Sudip Joshy']",['Sudip Joshy'],['Malayalam'],['Sun Nxt'],3.0,7,0.3061,150,https://image.tmdb.org/t/p/w500/vFtYwtid8mKT8Yaest5oiOZcROX.jpg
1018972,Ayalvaashi,2023-04-21,A petty misunderstanding changes Thajudheen and Benny's relationship from friends to foes. Thajudheen goes above and beyond to prove his innocence but ends up making things worse for his loved ones.,"['Drama', 'Comedy']",[],"['Soubin Shahir', 'Binu Pappu', 'Nikhila Vimal', 'Lijomol Jose', 'Gokulan']",['Irshad Parari'],['Irshad Parari'],['Malayalam'],['Netflix'],7.25,4,0.3977,107,https://image.tmdb.org/t/p/w500/5N2a5q0Qum83OPaJZyAXvCU08U4.jpg
466180,Team 5,2017-07-21,"Team 5 revolves around a gang of bikers who are into racing and stunts. Akhil (S.Sreesant) who is the back bone of this gang participates in racing tournaments all around the city along with his gang mates.Team 5 provide tough competition to their rival gang Road Rollers which is headed by Alby (Sumesh Krishnan). Akhil's life takes a dramatic turn when he falls in love with an event manager ""Irene""(Nikki Galrani). Pearle Maaney and Makarand DeshPande also play important roles in this film.","['Family', 'Romance']",['motorcycle gang'],"['S. Sreesanth', 'Nikki Galrani', 'Pearle Maaney', 'Makrand Deshpande', 'Bijukuttan']",['Suresh Govind'],['Suresh Govind'],"['Malayalam', 'Tamil', 'Telugu']",['VI movies and tv'],1.0,1,0.3517,101,https://image.tmdb.org/t/p/w500/mFDgCrxEaVcDY0wYxC6KGpfpE3H.jpg
803626,Puzhu,2022-05-13,"Kuttan, an annoyingly disciplined and a bigoted upper-caste retired police officer, is living with his son Kichu. After Bharati, Kuttan’s younger sister, falls in love with lower caste Kuttappan and elopes with him against her family’s wish, the attempts on Kuttan's life increases and his paranoia make the lives around him miserable.","['Drama', 'Thriller']",[],"['Mammootty', 'Vasudev Sajeesh Marar', 'Parvathy Thiruvothu', 'Appunni Sasi', 'Nedumudi Venu']",['Ratheena'],"['Harshad', 'Suhas', 'Harshad', 'Sharfuddeen']",['Malayalam'],['VI movies and tv'],6.438,16,0.4446,122,https://image.tmdb.org/t/p/w500/l0UhlFCS5NiQuToUk8DocmokWAz.jpg
425380,Swarna Kaduva,2016-11-04,"Riny (Biju Menon) is the right hand man of jeweller Lolappan (Innocent). He is extremely selfish and doesn't worry about the consequences of his actions as long as it contributes to his growth. He becomes estranged even with his family, but despite this, his rise up through the ranks continue.","['Comedy', 'Drama', 'Crime']","['gold', 'murder', 'social satire']","['Biju Menon', 'Innocent', 'Iniya', 'Hareesh Perumanna', 'Suresh Krishna']",['Jose Thomas'],['Babu Janardhanan'],['Malayalam'],[],5.3,7,0.4939,131,https://image.tmdb.org/t/p/w500/yu54QFipVcW3DUKZk4sA8qdhjwV.jpg
1372862,Swargam,2024-11-08,"In the bustling city, two families live parallel lives, separated by wealth and social status. As the two families navigate their lives, they face challenges and triumphs:","['Family', 'Drama']",[],"['Thushara Pillai', 'Aju Varghese', 'Johny Antony', 'Manju Pillai', 'Vineeth Thattil David']",['Rejis Antony'],"['Rejis Antony', 'Lizy K Fernandez', 'Rose Rejis']",['Malayalam'],"['Sun Nxt', 'ManoramaMax']",2.0,2,0.3739,108,https://image.tmdb.org/t/p/w500/vvESXaz3562U7zT2BttrV5VTMLf.jpg
1426971,Incident,2024-04-25,A police inspector gets stuck deep inside a forest with a wounded leg but later realizes that he's part of a much bigger conspiracy.,"['Thriller', 'Fantasy', 'Science Fiction', 'Horror']","['psychological thriller', 'horror']","['Didimos Paul', 'Deva Prakash', 'Gopinath Raman', 'Shaji Kalagramam', 'Ashish Issac George']",['Jithu Satheesan Mangalathu'],['Jithu Satheesan Mangalathu'],['Malayalam'],[],8.8,4,0.3771,15,https://image.tmdb.org/t/p/w500/5LjDT2wAk8km8Fkcnmoxvjppt6Q.jpg
521497,Thobama,2018-04-27,"Three friends, thick as thieves, have glorious dreams for their future but adopt shortcuts in their pursuit. But fate seems to have something different in store for them.",['Comedy'],[],"['Sharafudheen', 'Siju Wilson', 'Krishna Shankar', 'Punya Elizabeth Bose', 'Rajesh Sharma']",['Mohsin Kassim'],"['T V Aswathy', 'Mohsin Kassim']",['Malayalam'],[],6.0,4,0.2645,158,https://image.tmdb.org/t/p/w500/9g28OgYBAAHofTNDK1axFZ3wwjm.jpg
845818,Kunjeldho,2021-12-24,"Kunjeldho, an undergraduate student, falls in love with his classmate Nivedita. Problems arise when Nivedita gets pregnant.",['Comedy'],[],"['Asif Ali', 'Gopika Udayan', 'Siddique', 'Rekha', 'Sudheesh']",['Mathukutty'],['Mathukutty'],['Malayalam'],[],6.0,1,0.2838,122,https://image.tmdb.org/t/p/w500/5Dk5AEIgrY6bnAdQwTGULa4gc1h.jpg
569106,Mamangam,2019-12-12,"Based on the medieval fair called Mamankam, which was celebrated every 12 years between 800 AD and 1755 AD, the story of the film is supposedly about a brave warrior of Malabar and his loyal soldiers.","['Action', 'War', 'Thriller', 'History', 'Adventure']",[],"['Mammootty', 'Prachi Tehlan', 'Meghanathan', 'Unni Mukundan', 'Anu Sithara']",['Padmakumar M'],['Sajeev Pillai'],['Malayalam'],"['Amazon Prime Video', 'Amazon Prime Video with Ads']",6.2,22,0.474,157,https://image.tmdb.org/t/p/w500/y73yLU4CiiJWmKjBsgTMe0OiFuD.jpg
431891,10 Kalpanakal,2016-11-25,"Shadiya Akbar IPS, a renowned police officer, addresses a group of trainees by narrating a memorable instance from her career. The episode and the characters of the case offer her a valuable lesson in a current case, that extends beyond the litigation.","['Crime', 'Mystery', 'Thriller']","['police', 'murder']","['Anoop Menon', 'Shebin Benson', 'Prashant Narayanan', 'Meera Jasmine', 'Ritika Badiani']",['Don Max'],"['Don Max', 'Don Max', 'Sangeeth Jain', 'Shins K Jose']",['Malayalam'],"['Amazon Prime Video', 'Amazon Prime Video with Ads']",5.6,8,0.3181,125,https://image.tmdb.org/t/p/w500/ehNQksZJFQk6f6TfaqwOAZFo70.jpg
1399654,Soothravakyam,2025-07-11,"The Story revolves around Christo Xavier, a circle inspector, who mentors 11th-class students in his spare time and turns his station into a community place to benefit the kids of the town. As his regular work and tutoring go on, one day he finds a suspicious electronic device from a student’s fair exhibit model.","['Mystery', 'Thriller']",[],"['Shine Tom Chacko', 'Deepak Parambol', 'Vincy Aloshious', 'Anagha Annet', 'Meenakshi Warrier']",['Eugien Jose Chirammel'],"['Rejin S Babu', 'Eugien Jose Chirammel', 'M Gagan Kumar']",['Malayalam'],"['Amazon Prime Video', 'ManoramaMax', 'Lionsgate Play', 'Lionsgate Play Apple TV Channel', 'Lionsgate Play Amazon Channel', 'ManoramaMAX Amazon Channel', 'Amazon Prime Video with Ads']",4.6,6,0.3682,113,https://image.tmdb.org/t/p/w500/fSjfYWfpphuBfKtvGtpw2sHIWrv.jpg
1075386,Iyer In Arabia,2024-02-02,"When an orthodox father, who disregards history, and a mother with historical awareness and an eye on the future, visit their son in Dubai, a transformative shift occurs.","['Comedy', 'Drama', 'Family']",[],"['Dhyan Sreenivasan', 'Mukesh', 'Shine Tom Chacko', 'Urvashi', 'Durga Krishna']",['Nishad M A'],['Nishad M A'],['Malayalam'],['Sun Nxt'],2.0,2,0.3761,120,https://image.tmdb.org/t/p/w500/2Nj6LgkAx30iPKkHIPzfwFvayMA.jpg
829130,Innale Vare,2022-06-09,"Adhi Shankar, a well-known film star and producer in the Malayalam film industry, struggles to maintain his stardom and position after a string of flops and misjudged decisions. As he is struggling to get things back on track, more chaos descends on his already muddled life.","['Thriller', 'Drama']",[],"['Asif Ali', 'Nimisha Sajayan', 'Antony Varghese', 'Reba Monica John', 'Rony David Raj']",['Jis Joy'],"['Jis Joy', 'Sanjay', 'Bobby']",['Malayalam'],"['Sony Liv', 'VI movies and tv']",4.7,3,0.3124,136,https://image.tmdb.org/t/p/w500/r6KQlbvY2BCqLoh67P6F7mkBjZs.jpg
937053,Neymar,2023-05-12,Neymar tells the story of two friends who buy a Dog named Neymar.,"['Comedy', 'Drama', 'Family']",[],"['Mathew Thomas', 'Naslen K. Gafoor', 'Amala Rose', 'Vijayaraghavan', 'Shammi Thilakan']",['Sudhi Maddison'],"['Sudhi Maddison', 'Paulson Skaria', 'Adarsh Sukumaran']",['Malayalam'],['VI movies and tv'],4.7,7,0.2626,160,https://image.tmdb.org/t/p/w500/6fY7flm2T5jLnw19e1MiRvv60FH.jpg
804319,Jack N Jill,2022-05-20,"Kesh, an accomplished young scientist, comes down to his hometown to execute his dad's dream AI project, Jack N Jill. Will he be able to implement it successfully?","['Comedy', 'Science Fiction', 'Thriller']",[],"['Manju Warrier', 'Soubin Shahir', 'Kalidas Jayaram', 'Aju Varghese', 'Shaylee Krishen']",['Santosh Sivan'],"['Santosh Sivan', 'Santosh Sivan', 'Ajil S M']",['Malayalam'],"['Amazon Prime Video', 'Amazon Prime Video with Ads']",3.5,5,0.4367,125,https://image.tmdb.org/t/p/w500/rGGDv9jxHP8G5hkoqxQx2GjTVOm.jpg
1113470,Garudan,2023-11-03,Harish Madhav a straightforward cop and Nishanth a college professor get entangled in a crime and one has to fight for his integrity and other has to fight for justice.,"['Thriller', 'Drama', 'Crime']",['rape'],"['Suresh Gopi', 'Biju Menon', 'Abhirami', 'Divya Pillai', 'Jagadish']",['Arun Raj Varma'],"['Midhun Manuel Thomas', 'Jinesh M']",['Malayalam'],"['Amazon Prime Video', 'Amazon Prime Video with Ads']",6.4,13,0.4514,138,https://image.tmdb.org/t/p/w500/8SHg4ye34sD8ReJPplVp7oB06BK.jpg
457829,Gemini,2017-04-21,"Gemini is a special child with some behavioral disorders. She is an adopted child and to make things even more difficult, her parents are not in the best of terms. She is often ridiculed by her peers, but two of her teachers  realize her potential and urges her to egg on.","['Drama', 'Family']","['professor', 'school', 'adopted']","['Esther Anil', 'Renji Panicker', 'Sijoy Varghese', 'Tanu Roy', 'Leona Lishoy']",['P K Baburaj'],['Binu Purushothaman'],"['English', 'Malayalam']",[],5.2,6,0.373,131,https://image.tmdb.org/t/p/w500/6tCcq78BhJyWe7QWdWQRt5Qjx3w.jpg
461940,Avarude Raavukal,2017-06-23,"Three men, Vijay, Siddharth, and Aashiq, travel to Kochi with their own sets of problems, where they meet a mysterious man, Scobo Johns, who proves to be a turning point in their lives.","['Comedy', 'Mystery']",[],"['Asif Ali', 'Unni Mukundan', 'Vinay Forrt', 'Nedumudi Venu', 'Honey Rose']",['Shanil Muhammed'],"['Shanil Muhammed', 'Shanil Muhammed']",['Malayalam'],['Zee5'],4.4,9,0.4377,131,https://image.tmdb.org/t/p/w500/iEBx28OQciqijxkZ3QNsakzE5D4.jpg
1240888,Aabhyanthara Kuttavaali,2025-06-06,"Sahadevan's dreams of a happy marriage get shattered when his wife Nayana accuses him of dowry demands and domestic abuse. As he decides to fight for his innocence, how far will he go to prove it?","['Family', 'Drama']",[],"['Asif Ali', 'Thulasi Haridas', 'Harisree Ashokan', 'Jagadish', 'Shreya Rukmini']",['Sethu Nath Padmakumar'],['Sethu Nath Padmakumar'],['Malayalam'],['Zee5'],4.3,3,0.3163,123,https://image.tmdb.org/t/p/w500/zQ4crcJm2QBX2bM8i0NuCKnnD2T.jpg
654541,Mariyam Vannu Vilakkoothi,2020-01-31,"Umman, Balu and Addu, the childhood friends are still together, working in the same company. Known for being the bad apple and the quitters of Minerva Bio-Chemicals, the trio has another friend in the office, named Unnikrishnan Namboothiri, who is the most courteous person as well as the best employee of the office. Rony who was well known for his mischief and who had studied with the trio once during their school time is again coming to their office as their new colleague. The problems in Mariam Vannu Vilakkoothi starts when the friends decided to celebrate Namboothiri's birthday at the place where he stays as a paying guest, at the house of the Retired Head Mistress Mariamma George who is an austere and stern lady.",['Comedy'],[],"['Basil Joseph', 'Baiju Santhosh', 'Althaf Salim', 'Shabareesh Varma', 'Siju Wilson']",['Jenith Kachappilly'],['Jenith Kachappilly'],"['English', 'Malayalam']","['Zee5', 'VI movies and tv']",6.2,6,0.281,115,https://image.tmdb.org/t/p/w500/yVWX3Np550jESIK3QILS6SxEb37.jpg
616756,Janamaithri,2019-07-19,"Cops of Paramedu Police Station encounter a series of events while they are on a mission to improve the image of Kerala Police, by making it people friendly. Will they become successful in their mission?",['Comedy'],[],"['Indrans', 'Sabumon Abdusamad', 'Saiju Kurup', 'Vijay Babu', 'Unni Rajan P Dev']",['John Manthrickal'],"['James Sebastian', 'John Manthrickal']",['Malayalam'],"['Amazon Prime Video', 'Amazon Prime Video with Ads']",5.3,7,0.3236,122,https://image.tmdb.org/t/p/w500/esEz3yOBjQFqsTBmveQyeNa3Gjj.jpg
667986,Gauthamante Radham,2020-01-31,"Guathamante Radham revolves around Gauthaman and his journey of getting a driving license and, for the first time in the family, a car of his own. The relationship he builds with the car and the fortunes brought by the car.",['Comedy'],[],"['Neeraj Madhav', 'Basil Joseph', 'Renji Panicker', 'Devi Ajith', 'Punya Elizabeth Bose']",['Anand Menen'],['Anand Menen'],['Malayalam'],"['Amazon Prime Video', 'Amazon Prime Video with Ads']",6.2,13,0.2834,126,https://image.tmdb.org/t/p/w500/rCPFGKEoaAW695FjK3BqgQ9yvyT.jpg
468223,Crossroad,2017-10-13,"Crossroad is a first -of-its-kind portmanteau movie celebrating womanhood and tells the story of ten women, facing ten different life situations and explores how they tackle it. The movie encompasses ten feature films of fifteen minutes each, with each featuring prominent female artists from Malayalam film industry as the protagonist and is directed by a prominent Malayalam filmmaker. The movie showcases the vibrant facet of each woman and tells the story from her perspective.",['Drama'],['anthology'],"['Padmapriya Janakiraman', 'Mamta Mohandas', 'Punnaseri Kanchana', 'Mythili', 'Srindaa']","['Pradeep Nair', 'Avira Rebecca', 'Ashok R Nath', 'Lenin Rajendran', 'Babu Thiruvalla', 'Madhupal', 'Sasi Paravoor', 'Nayana Suryan', 'Nemom Pushparaj']","['Rajesh K P', 'Jayaraj', 'Nelson Alex', 'P. F. Mathews', 'Babu Thiruvalla', 'Salin Mankuzhy', 'Lenin Rajendran', 'Sasi Paravoor']",['Malayalam'],[],7.2,2,0.3839,168,https://image.tmdb.org/t/p/w500/8EVARiWDRDzzPfIdEmdv1HCVVzc.jpg
413637,Veeram,2017-02-24,"Veeram is based on the ballads of North Malabar and narrates the tale of the brave and ambitious Kalarippayattu warrior, Chandu, whose story resembles that of William Shakespeare's Macbeth.","['Action', 'Drama', 'History']","['cheating', 'based on play or musical', 'kerala', 'ballads of north malabar']","['Kunal Kapoor', 'Divinaa Thackur', 'Shivajith Padmanabhan', 'Himarsha Venkatsamy', 'Satheesh Menon']",['Jayaraj'],"['Jayaraj', 'Jayaraj']",['Malayalam'],[],6.2,10,0.4313,100,https://image.tmdb.org/t/p/w500/xoZP7639Cw0gfBMJpHZKvFZuni6.jpg
458504,Oru Cinemakkaran,2017-06-24,"Alby, who is married to the girl he loves, Sara, against the will of both their families. While the couple leads a romantic life in a residential complex in Kochi, Alby, who is a passionate and hardworking filmmaker, begins to face financial liabilities. Being stressed, he soon gets involved in a thoughtless act and finds himself in an unpredictable situation. Alby's life then begins to go beyond his control.","['Drama', 'Thriller']",[],"['Vineeth Sreenivasan', 'Rajisha Vijayan', 'Anusree Nair', 'Vijay Babu', 'Lal']",['Leo Thaddeus'],['Leo Thaddeus'],['Malayalam'],"['Sun Nxt', 'VI movies and tv']",5.4,7,0.3915,125,https://image.tmdb.org/t/p/w500/4jetmlXMD4Csu6PnJ1Du5WhRMDy.jpg
505300,Kallai FM,2018-02-16,,"['Music', 'Drama']",['radio'],"['Sreenivasan', 'Sreenath Bhasi', 'Parvathy Ratheesh', 'Kalabhavan Shajon', 'Kottayam Nazeer']",['Vineesh Millennium'],"['Sreenivasan', 'Vineesh Millennium']",['Malayalam'],['VI movies and tv'],4.0,1,0.2438,0,https://image.tmdb.org/t/p/w500/pkA7LgmmlIXgbOMH4Pf5VVNoCEV.jpg
278201,Anpodu Kanmani,2025-01-24,"A newlywed couple faces the amusing challenges of balancing their modern lifestyle with traditional family expectations in Kerala, leading to a series of heartwarming and comedic situations.","['Drama', 'Family']",[],"['Arjun Ashokan', 'Anagha Narayanan', 'Mridul Nair', 'Althaf Salim', 'Maala Parvathi']",['Liju Thomaz'],"['Aneesh Koduvally', 'Aneesh Koduvally']",['Malayalam'],"['Amazon Prime Video', 'ManoramaMax', 'ManoramaMAX Amazon Channel', 'Amazon Prime Video with Ads']",4.3,3,0.3332,119,https://image.tmdb.org/t/p/w500/4jKHbIOikPZueuZz4tYU37e2LWX.jpg
675791,Paapam Cheyyathavar Kalleriyatte,2020-02-21,Papam Cheyyathavar Kalleriyatte is a sarcastic Malayalam movie against all the communal myths and traditional social taboos. It exposes the double faced human mentality in the society.,"['Comedy', 'Drama']",[],"['Vinay Forrt', 'Arun Kurian', 'Anil Nedumangad', 'Anumol', 'Srindaa']",['Sambhu Purushothaman'],['Sambhu Purushothaman'],['Malayalam'],"['Amazon Prime Video', 'Amazon Prime Video with Ads']",5.6,10,0.3248,117,https://image.tmdb.org/t/p/w500/uRCVYrnZjuSo1QDYmxxLSHC2Xq0.jpg
786303,Mohan Kumar Fans,2021-03-19,"A talented veteran actor, Mohan Kumar, is back on the big screen through a critically acclaimed film and those around him raise his hopes on great recognitions coming his way through the project. His path towards glory, however, isn’t easy.","['Comedy', 'Drama']",[],"['Kunchacko Boban', 'Anarkali Nazar', 'Siddique', 'Mukesh', 'Sreenivasan']",['Jis Joy'],"['Bobby', 'Sanjay', 'Jis Joy']",['Malayalam'],[],5.5,8,0.4835,126,https://image.tmdb.org/t/p/w500/as5iOtNAxzxqZclt6hNUITrN2qX.jpg
640487,Edakkad Battalion 06,2019-10-18,"Shafeek's father wanted him to become a chef, but he chose to serve his country instead. On his annual leave from work, Shafeek, now a young soldier, must deal with his family, his bride to be and a gang involved in illegal activities.",['Drama'],[],"['Tovino Thomas', 'Samyuktha', 'Joy Mathew', 'Divya Pillai', 'Nirmal Palazhi']",['Swapnesh K Nair'],['P Balachandran'],['Malayalam'],[],3.1,4,0.3782,111,https://image.tmdb.org/t/p/w500/oh5NZmx1I8SEyesDy94xtl0Y8pi.jpg
766418,19(1)(a),2022-07-29,The mundane life of a woman running a photocopy shop goes into a tailspin when a revolutionary writer leaves the manuscript of his unpublished novel with her.,['Drama'],[],"['Vijay Sethupathi', 'Nithya Menen', 'Indrajith Sukumaran', 'Indrans', 'Deepak Parambol']",['Indhu VS'],['Indhu VS'],['Malayalam'],['JioHotstar'],5.3,6,0.2999,107,https://image.tmdb.org/t/p/w500/i9KffYGqL9vPF6lbj1NHfma4wLR.jpg
1427824,916 Kunjoottan,2025-05-23,"A man with a small frame but a massive presence leads a double life as a beloved villager and a sharp city tycoon. As love and secrets collide, he must prove that true worth comes from the mind, not the size..","['Family', 'Crime', 'Drama']",[],"['Ajay Kumar', 'Rakesh Subramanian', 'Tini Tom', 'Niya Sankranthil', 'Dayyana Hameed']",['Aaryan Vijay'],"['Aaryan Vijay', 'Raj Vimal Rajan', 'Rakesh Subramanian']",['Malayalam'],"['Amazon Prime Video', 'Amazon Prime Video with Ads']",3.0,1,0.3238,115,https://image.tmdb.org/t/p/w500/5ryScjLTAfNl38PQYlWvSMafgu2.jpg
739606,Saajan Bakery Since 1962,2021-02-12,"Siblings Bobbin and Betsy run their family business, Saajan Bakery, together. However, their equation is a turbulent one with their aims in life poles apart. The rivalry and the ensuing events form the film’s plot.",['Drama'],[],"['Aju Varghese', 'Lenaa', 'Ranjitha Menon', 'K. B. Ganesh Kumar', 'Jaffer Idukki']",['Arun Chandu'],"['Sachin R Chandran', 'Arun Chandu']",['Malayalam'],"['Amazon Prime Video', 'Amazon Prime Video with Ads']",6.7,6,0.2824,162,https://image.tmdb.org/t/p/w500/vZLz0Nig4CuUKYm124WTLfYvUbq.jpg
304638,Vasanthi,2021-02-13,"It is a journey that traverses through stage plays, storytelling and a host of male domains in Vasanthi's life.",['Drama'],[],"['Swasika', 'Siju Wilson', 'Shabareesh Varma', 'Madhu Umalayalam', 'Harilal']","['Shinos Rahman', 'Sajas Rahman']","['Shinos Rahman', 'Sajas Rahman']",['Malayalam'],[],4.0,2,0.3335,118,https://image.tmdb.org/t/p/w500/hpjhGBRRdtQhmKesJZKjQnIXhK4.jpg
877551,Veekam,2022-12-09,Three forensic surgeons get involved in a murder case due to a small negligence at their end. What unfolds next is their attempt to prove their innocence.,"['Thriller', 'Crime']",[],"['Dhyan Sreenivasan', 'Siddique', 'Sheelu Abraham', 'Aju Varghese', 'Dinesh Prabhakar']",['Sagar Hari'],['Sagar Hari'],['Malayalam'],['Zee5'],2.3,3,0.2536,120,https://image.tmdb.org/t/p/w500/n1Keg1i3P2m9AJu2wosbvhexkYb.jpg
490078,Ee.Ma.Yau.,2018-05-04,"Set in Chellanam, Kochi, the story revolves around the death of Vavachan Mesthiri in a coastal village. It showcases the events that unfold between two evenings and looks at death from different perspectives.","['Drama', 'Comedy']","['funeral', 'rain', 'priest', 'death', 'father son relationship']","['Kainakary Thankaraj', 'Chemban Vinod Jose', 'Vinayakan', 'Dileesh Pothan', 'Pauly Valsan']",['Lijo Jose Pellissery'],['P. F. Mathews'],['Malayalam'],[],7.66,47,0.2958,120,https://image.tmdb.org/t/p/w500/8NfC32RyRkgAFzQuW42PW3TigDv.jpg
562326,Joseph,2018-11-16,Joseph is a retired police officer with adept investigative skills. He accidentally gets involved in a crime case after his ex-wife’s unexpected demise.,"['Drama', 'Thriller']","['investigation', 'ex-cop']","['Joju George', 'Irshad', 'Athmeeya Rajan', 'Dileesh Pothan', 'Madhuri Braganza']",['Padmakumar M'],['Shahi Kabir'],['Malayalam'],"['Amazon Prime Video', 'Amazon Prime Video with Ads']",7.561,41,0.3585,138,https://image.tmdb.org/t/p/w500/uwBm7hx6Exdb0KzLoPZzqieBlDO.jpg
933925,Padachone Ingalu Kaatholee,2022-11-24,"Dineshan, Grace, Giri, KK and Gund Saji are involved in leftwing politics. Dineshan gets attracted to a girl who stays over at his house and she makes him consider all the occurrences that happen at home and take action for them.","['Comedy', 'Drama']",[],"['Sreenath Bhasi', 'Grace Antony', 'Ann Sheetal', 'Alencier Ley Lopez', 'Hareesh Perumanna']",['Bijith Bala'],['Pradeep Kumar Kavumthara'],['Malayalam'],[],1.0,2,0.2523,169,https://image.tmdb.org/t/p/w500/45rNrXFXUKdLgg6kJiCLSgIu2IL.jpg
962194,Saturday Night,2022-11-04,"The film centers around a group of four childhood friends, Stanley, Sunil, Babu, and Ravi. After a long separation, they reunite and embark on a journey to rekindle their bond.","['Comedy', 'Drama']",[],"['Nivin Pauly', 'Grace Antony', 'Siju Wilson', 'Saiju Kurup', 'Aju Varghese']",['Rosshan Andrrews'],['Naveen Bhaskar'],['Malayalam'],['JioHotstar'],4.5,5,0.3878,160,https://image.tmdb.org/t/p/w500/dQrNM5Vsr9CK8o6lmofav9Dueq9.jpg
530727,Njan Marykutty,2018-06-15,A transgender woman’s journey in a society stigmatizes gender transformation. Will Marykutty come out victorious while shredding all the taboos associated with transsexuality?,['Drama'],['transsexual'],"['Jayasurya', 'Joju George', 'Innocent', 'Suraj Venjaramoodu', 'Aju Varghese']",['Ranjith Sankar'],['Ranjith Sankar'],['Malayalam'],['Sun Nxt'],6.5,11,0.3136,126,https://image.tmdb.org/t/p/w500/zr7tM3M6Ofxt1XfTD5HFRL3oSCh.jpg
829675,Eesho,2022-10-04,"While working the night at an ATM, a security guard, who is the prime witness in the case against a powerful industrialist, happens across a mysterious man named Eesho. They engage in a conversation and the guard pours his heart out to the stranger before realising that Eesho may not be a friend. Who is Eesho and what does he want?","['Thriller', 'Drama']",[],"['Jayasurya', 'Jaffer Idukki', 'Namitha Pramod', 'Johny Antony', 'Indrans']",['Nadirshah'],['Suneesh Varanaad'],['Malayalam'],"['Sony Liv', 'VI movies and tv']",6.0,3,0.379,107,https://image.tmdb.org/t/p/w500/d32p3MUaItOPiRUlYiGyE8I1cSh.jpg
1314702,Flask,2025-07-18,"The Arrogant District Judge Venkitesh Balaji and his naive Personal Security Officer Jyothi Kuttan are abducted and held hostage by a Maoist Group demanding release of their leader in prison. As both men face the impending death, their hierarchy equations change and it becomes a fight for survival.","['Drama', 'Thriller']",[],"['Saiju Kurup', 'Suresh Krishna', 'Balachandran Chullikkadu', 'Sidharth Bharathan', 'Aswathy Sreekanth']",['Rahul Riji Nair'],['Rahul Riji Nair'],['Malayalam'],"['ManoramaMax', 'ManoramaMAX Amazon Channel']",5.5,2,0.2855,116,https://image.tmdb.org/t/p/w500/9P1j8XL4vwi4E4uoCgelShd4UkP.jpg
563707,Ladoo,2018-11-16,"A couple decide to elope and get married instead of having a formal wedding with family and friends; however, when friends get involved, the plan spirals out of control.","['Comedy', 'Drama']",[],"['Shabareesh Varma', 'Balu Varghese', 'Vinay Forrt', 'Bobby Simha', 'Dileesh Pothan']",['Arun George K David'],['Sagar Sathyan'],['Malayalam'],"['Amazon Prime Video', 'Amazon Prime Video with Ads']",4.75,4,0.2965,121,https://image.tmdb.org/t/p/w500/idymph4YoveFBSrseopgfCl7uIm.jpg
496313,DiwanjiMoola Grand Prix,2018-01-05,"As the long forgotten race is re-opened it brings a family, old-time friends and an entire colony of the downtrodden back together and the search for a new champion begins.",['Comedy'],[],"['Kunchacko Boban', 'Nyla Usha', 'Vinayakan', 'Rajeev Pillai', 'Sudheer Karamana']",['Anil Radhakrishnan Menon'],"['Prashant M. Nair', 'Anil Radhakrishnan Menon']",['Malayalam'],[],4.5,6,0.3091,125,https://image.tmdb.org/t/p/w500/az0uGMtkFQnRUMNVVi0ixe9IqeD.jpg
376274,Lavender,2015-06-25,"Ayaan, a man with a traumatising past, finds his life changed when he meets Isha, a painter. However, his happiness is short-lived as his past haunts him.","['Romance', 'Action', 'Thriller']",['lavender'],"['Rahman', 'Elham Mirza', 'Nishan K. P. Nanaiah', 'Anoop Menon', 'Govind Padmasoorya']",['Altas T. Ali'],['Anoop Menon'],['Malayalam'],[],3.0,1,0.1811,121,https://image.tmdb.org/t/p/w500/xRxz1ehcCOq2HP0r45P6OLyldSY.jpg
893194,Chattambi,2022-09-23,"Set in 1995, Chattambi follows the lives of abrasive outlaws in rural Idukki. When Kariah feels he is being excluded from the clan, he decides to lead his life on his own terms without realizing the grave consequences of his decision.","['Drama', 'Thriller']",[],"['Sreenath Bhasi', 'Binu Pappu', 'Grace Antony', 'Mythili', 'Guru Somasundaram']",['Abhilash S Kumar'],"['Don Palathara', 'Alex Joseph']",['Malayalam'],[],5.7,3,0.3628,122,https://image.tmdb.org/t/p/w500/kLt6fdYP2W5ZNoX9YvjLF5sw1eB.jpg
618237,Chola,2019-12-06,"Teenager Janaki and her scrawny paramour visit the city behind her mother’s back. He’s arranged for a ride from his boss, a sullen man who tells Janaki that he knows she’s lied to her mother. The trio drive into the city where the teenagers are besotted with the lights, the malls and the beach. They lose track of time and are forced to stay the night in a bare-bones motel where the horrors begin. A magic realist portrait of India’s growing pains.","['Drama', 'Thriller']",[],"['Joju George', 'Nimisha Sajayan', 'Akhil Viswanath']",['Sanal Kumar Sasidharan'],['Sanal Kumar Sasidharan'],['Malayalam'],"['Amazon Prime Video', 'Amazon Prime Video with Ads']",2.8,4,0.2579,120,https://image.tmdb.org/t/p/w500/lzca8neV1jfczpG4NRuEZ1xaiXx.jpg
497369,Shikkari Shambhu,2018-01-20,"When an entire village is terrorised by the news of a tiger on the loose, they turn to Peeli and his jolly gang of friends for help. but has he got it in him to stop the dreaded predator from wreaking more havoc?","['Comedy', 'Thriller']","['hunter', 'tiger', 'forest']","['Kunchacko Boban', 'Vishnu Unnikrishnan', 'Hareesh Perumanna', 'Sshivada', 'Alphy Panjikaran']",['Sugeeth'],"['Nishad K.Koya', 'Shanavas abbas', 'Raju Chandra']",['Malayalam'],"['ManoramaMax', 'ManoramaMAX Amazon Channel']",5.346,13,0.2302,140,https://image.tmdb.org/t/p/w500/uWz6x42KmGTk6Rj5e9gHysFfLpd.jpg
505470,Kunju Daivam,2018-02-16,"Little Joseph is a mischief maker who hates school, dreads exams and wouldn't mind praying to God for somebody's death if that means getting a chance to skip school! One fine day, God answers Joseph's prayers - the only problem is that it was Joseph's grandfather who passed away. A guilt-ridden Joseph is convinced that he is responsible for the demise of his grandpa, and decides to redeem himself by saving someone from death - not only through prayers, but also by the virtue of his deeds.",['Drama'],[],"['Adhish Praveen', 'Joju George', 'Sidhartha Siva', 'Reena Maria', 'Prasanth Alexander']",['Jeo Baby'],['Jeo Baby'],['Malayalam'],"['Amazon Prime Video', 'Amazon Prime Video with Ads']",7.8,2,0.2766,93,https://image.tmdb.org/t/p/w500/zK2LK12WqFgXBYicyV3ndAogFzi.jpg
606935,Children's Park,2019-06-05,3 friends accidentally kidnapped 100 children from an orphanage.,"['Comedy', 'Action']",[],"['Vishnu Unnikrishnan', 'Sharafudheen', 'Dhruvan', 'Manasa Radhakrishnan', 'Gayathri Suresh']",['Shafi'],['Raffi'],"['Malayalam', 'Tamil']","['Zee5', 'VI movies and tv']",5.6,5,0.2956,164,https://image.tmdb.org/t/p/w500/jk8nO1g03ldbP4S1V0zPvmqd9LQ.jpg
385238,Vettah,2016-02-26,Two police officers trapped in a web of deception and lies from everyone they trust after they take up a case involving a mysterious man who is arrested for a double homicide.,"['Mystery', 'Thriller']","['society', 'kidnapping', 'revenge', 'female police officer', 'movie star', 'college reunion', 'girl in a dog cage']","['Kunchacko Boban', 'Manju Warrier', 'Indrajith Sukumaran', 'Sandhya', 'Sanusha Santhosh']",['Rajesh Pillai'],['Arunlal Ramachandran'],['Malayalam'],['Sun Nxt'],6.7,15,0.2875,112,https://image.tmdb.org/t/p/w500/pcuA4E3M4RO7227XMDfV0EfhA5X.jpg
413640,Mudhugauv,2016-05-13,"Movie is narrated through three different tracks. The romance between two students forms the first track, story of a villain forms the second track and third track played by two friends. Confluence of these three tracks completes the plot.","['Action', 'Comedy']","['gangster', 'pregnancy', 'kiss']","['Gokul Suresh', 'Vijay Babu', 'Arthana Binu', 'Soubin Shahir', 'Hareesh Perumanna']",['Vipin Das'],['Vipin Das'],['Malayalam'],[],5.1,11,0.3731,121,https://image.tmdb.org/t/p/w500/z6Acsm2dJohn1AgLInVENXmmVm6.jpg
972797,Kudukku 2025,2022-08-26,The impact of latest technologies is explored as the virtual world has taken over every single aspect of our lives and the gadgets have manipulated and transgressed into the private spaces of people.,"['Thriller', 'Drama']",[],"['Krishna Shankar', 'Durga Krishna', 'Shine Tom Chacko', 'Swasika', 'Aju Varghese']",['Bilahari K. Raj'],['Bilahari K. Raj'],['Malayalam'],[],2.0,1,0.2939,126,https://image.tmdb.org/t/p/w500/rkNPCl3pgX7LpYrMag7GbbXI3Oh.jpg
1189534,Thaal,2023-12-08,"Vishwa has an enhanced OCD condition, which causes problems in her love life, but she refuses to acknowledge it. So, Mithran decides to convince her that she is imagining him so that she realises that she has a problem and seeks treatment.","['Romance', 'Thriller']",[],"['Anson Paul', 'Aradhya Ann', 'Rahul Madhav', 'Viviya Santh', 'Mareena Michael']",['Rajasaagar'],['Dr G Kishor'],['Malayalam'],"['ManoramaMax', 'ManoramaMAX Amazon Channel']",3.0,1,0.3441,125,https://image.tmdb.org/t/p/w500/fVJx6HOLdEZDfx0rVTqRCLhyW22.jpg
457031,Amala,2023-06-16,The journey of a brilliant police officer who is entrusted with the task of solving a series of murders happening in the city overnight. He sets out to find clues that would lead him to the killer.,"['Drama', 'Thriller']",[],"['Srikanth', 'Rajisha Vijayan', 'Anarkali Marikar', 'Nandini Sree', 'Sarath Kumar']",['Safeer Thailan'],[],"['Hindi', 'Malayalam']","['Amazon Prime Video', 'ManoramaMax', 'ManoramaMAX Amazon Channel', 'Amazon Prime Video with Ads']",3.8,3,0.2043,115,https://image.tmdb.org/t/p/w500/56Mx5qTwVeQOxkTvgHLRWFlTvsF.jpg
470438,Bobby,2017-08-18,"Bobby is a story of a 21-year old boy, who gives up his Seminary Studies and falls in love with a lady who is 7 years elder to him. The movie showcases the funny events, romance and the love life of the couple.","['Comedy', 'Romance']","['marriage', 'maturity']","['Niranjan', 'Miya George', 'Reena Maria', 'Aju Varghese', 'Dharmajan Bolgatty']",['Shebi Chowghat'],"['Shebi Chowghat', 'Shebi Chowghat']",['Malayalam'],['Eros Now Select Apple TV Channel'],4.1,5,0.3326,142,https://image.tmdb.org/t/p/w500/mux8YnLQK3pTA3sRDG7kDRlCVf3.jpg
636675,Adhyarathri,2019-10-04,Manoharan is the last word for the villagers of Mullakkara. The marriage broker has been finding ideal match for youth in his village for 22 years. Will his thoughts on love and marriage change when Ashwathy enters the scene?,['Comedy'],['ആദ്യരാത്രി'],"['Biju Menon', 'Aju Varghese', 'Anaswara Rajan', 'Sneha Babu', 'Vijayaraghavan']",['Jibu Jacob'],"['Jebin Joseph Antony', 'Jebin Joseph Antony', 'Sharis Mohammed', 'Sharis Mohammed']",['Malayalam'],"['Sun Nxt', 'VI movies and tv']",4.2,9,0.3127,129,https://image.tmdb.org/t/p/w500/jlIBIuWUC2jTHj9hQn6Y8DR0rLa.jpg
522621,Chanakyathanthram,2018-05-03,"A fresh-out-of-college criminologist, finds himself pit against an evil mastermind, whom he has can only outdo by using his wits and courage.",['Thriller'],[],"['Unni Mukundan', 'Anoop Menon', 'Shruti Ramachandran', 'Sshivada', 'Hareesh Perumanna']",['Kannan Thamarakkulam'],"['Dinesh Pallath', 'P. Ramesh']",['Malayalam'],['ManoramaMAX Amazon Channel'],3.2,10,0.4174,130,https://image.tmdb.org/t/p/w500/33dO4QZkexrO7jhhzgrk2TzZ6eR.jpg
616458,Sathyam Paranja Viswasikkuvo ?,2019-07-12,"Geetha, Suni's wife, bears the brunt of his negligent lifestyle and often quarrels with him over it. After witnessing a gruesome accident, Suni and his friends find their lives taking some really unexpected turns.","['Drama', 'Comedy']","['sathyam', 'paranjal']","['Biju Menon', 'Samvrutha Sunil', 'Alencier Ley Lopez', 'Sudhi Koppa', 'Saiju Kurup']",['G. Prajith'],['Sajeev Pazhoor'],['Malayalam'],['Sun Nxt'],4.6,8,0.2959,130,https://image.tmdb.org/t/p/w500/z2rvAvvVXcCecvRmHdiB96nWC9Q.jpg
1070157,Balti,2025-09-26,A star kabaddi player's life takes a dangerous turn when he's pulled into the criminal underworld.,"['Action', 'Drama', 'Romance']",[],"['Shane Nigam', 'Shanthanu Bhagyaraj', 'Preethi Asrani', 'Shiva Hariharan', 'Alphonse Puthren']",['Unni Sivalingam'],['Unni Sivalingam'],"['Malayalam', 'Tamil']",[],7.0,1,0.3103,151,https://image.tmdb.org/t/p/w500/tpgbGGIM76Vk44KLxTNM2UkzmLG.jpg
992883,Kunjamminis Hospital,2023-08-11,"When a set of locally rooted characters set out to explore the after life, their humorous stories connect each other to bring justice to their journey beyond.","['Comedy', 'Fantasy']",[],"['Indrajith Sukumaran', 'Baburaj', 'Nyla Usha', 'Prakash Raj', 'Prasanth Alexander']",['Sanal V Devan'],"['Abhayakumar', 'Anil Kurian']",['Malayalam'],[],0.0,0,0.3017,134,https://image.tmdb.org/t/p/w500/r5UeWRKevncqfjoxeiUYdqUR7KM.jpg
948262,Kurukkan,2023-07-27,"A self deprecating police officer who is down on luck and hasn't had any career promotion's tries to frame an innocent to make fame, but it backfires on him.","['Crime', 'Comedy']",[],"['Sreenivasan', 'Vineeth Sreenivasan', 'Shine Tom Chacko', 'Srikant Murali', 'Sudheer Karamana']",['Jayalal Divakaran'],['Manoj Ramsingh'],['Malayalam'],[],4.7,7,0.2898,124,https://image.tmdb.org/t/p/w500/mdAFicId7O2kzlSpASzQobb1Nez.jpg
931226,Thirimali,2022-01-27,"A poor man who sells lottery tickets for a living goes to Nepal with his friend in search of a person. Later, his life takes a serious turn after a series of events.","['Adventure', 'Comedy']",[],"['Bibin George', 'Johny Antony', 'Dharmajan Bolgatty', 'Hareesh Perumanna', 'Innocent']",['Rajiv Shetty'],"['Xavier Alex', 'Rajiv Shetty']",['Malayalam'],"['ManoramaMax', 'ManoramaMAX Amazon Channel']",7.3,3,0.2934,137,https://image.tmdb.org/t/p/w500/vG7HicRJLhuLd975qSCFl1FMH78.jpg
489620,8½ Intercuts : Life and Films of K.G. George,2017-03-24,"With a distinct filmography that faithfully depicts a cross-section of the Kerala society on celluloid during his active years, KG George is a master filmmaker and a true genius. This documentary is an attempt to analyse the relevance of his major films and understand his unique personality",['Documentary'],[],"['K. G. George', 'Mammootty', 'Adoor Gopalakrishnan', 'M T Vasudevan Nair', 'K. B. Ganesh Kumar']",['Lijin Jose'],[],"['English', 'Malayalam']",[],1.0,1,0.3316,108,https://image.tmdb.org/t/p/w500/rCp1TViaY2ayvy10I6FKgUYnyju.jpg
1026114,Christy,2023-02-17,"Roy, a village boy who's a failure at studies, joins Christy's tuition. They become good friends, but later when Christy gets a job abroad, Roy's life changes","['Romance', 'Drama', 'Comedy']",[],"['Mathew Thomas', 'Malavika Mohanan', 'Joy Mathew', 'Rajesh Madhavan', 'Vineeth Vishwam']",['Alvin Henry'],"['Alvin Henry', 'G.R. Indugopan', 'Benyamin']",['Malayalam'],"['Sony Liv', 'VI movies and tv']",4.0,4,0.2348,140,https://image.tmdb.org/t/p/w500/vroJQMcR4hynkuFbqMhjA4NjOTK.jpg
1082411,Adios Amigo,2024-08-09,A man with financial troubles finds himself on a boozy road trip with a wealthy stranger.,['Drama'],[],"['Asif Ali', 'Suraj Venjaramoodu', 'Anagha', 'Shine Tom Chacko', 'Althaf Salim']",['Nahas Nazar'],['Aji Peter Thankam'],['Malayalam'],['Netflix'],5.167,9,0.4625,156,https://image.tmdb.org/t/p/w500/3h3aOAEcU8oxTTnWUoEBxec0oYR.jpg
322190,Mariyam Mukku,2015-01-23,"Felix, a thug, grows under the care of Marian Asan, who is the don of the place. Felix's life takes a turn when he falls in love with his childhood friend Salomi.","['Romance', 'Mystery', 'Drama', 'Fantasy']","['sea', 'fisherman', 'miracle', 'religion', 'church']","['Fahadh Faasil', 'Sana Althaf', 'Manoj K Jayan', 'Prathap Pothan', 'Santhosh Keezhattoor']",['James Albert'],['James Albert'],['Malayalam'],[],4.2,6,0.2795,124,https://image.tmdb.org/t/p/w500/lkRm9QS3eAbvCPiTB6AmC031DhN.jpg
659098,Safe,2019-10-18,"Shreya opens an investigation against a celebrity based on the complaints of sexual abuse. Amidst rising crime and violence, Arundhati, a social activist starts a public movement called ""SAFE"" to protect women, children and the aged.While the investigation proceeds, Shreya came to know many hidden details and it points to many other questions.","['Thriller', 'Mystery', 'Crime']",[],"['Aparna Gopinath', 'Siju Wilson', 'Anusree Nair', 'Shivaji Guruvayoor', 'Hareesh Peradi']",['Pradeep Kaalipurayath'],['Shaji Pallarimangalam'],"['English', 'Malayalam']","['ManoramaMax', 'VI movies and tv', 'ManoramaMAX Amazon Channel']",4.5,6,0.2131,144,https://image.tmdb.org/t/p/w500/bLKtWBSVsPJMSw9xipslImhCOKd.jpg
1214716,Kadhikan,2023-12-01,"In the 1980s, a renowned storyteller (a ""Kadhikan"") currently earns a living at the sawmill, hiding the performer in him due to his dire circumstances. A 17 year old in a juvenile home wishes to learn from him with the support of the Superintendent. His desire to learn the art form reignites the storyteller's faith in the same. Over a short span of time, the relationship between the Kadhikan and the boy becomes a bond unlike any other, unfolding new dimensions in both their lives.",['Drama'],"['troubled childhood', '1980s', 'storyteller', 'multi generational']","['Ketaki Narayan Kulkarni', 'Unni Mukundan', 'Mukesh', 'Krishnanand', 'Gopu Krishna']",['Jayaraj'],"['Madhavikutty', 'Jayaraj']","['Bengali', 'Malayalam']","['ManoramaMax', 'ManoramaMAX Amazon Channel']",3.0,1,0.3997,92,https://image.tmdb.org/t/p/w500/qSsjDjPyiDCV9zEOndKfFpJ81so.jpg
376647,Kaliyachan,2015-09-25,"It is the directorial debut film of Farook Abdulrahiman, startting Manoj K. Jayan, Tirtha Murbadkar, Vaiga, Kalamandalam Sivan Namboodiri, Babu Namboothiri, Manju Pillai, and Mani Pattambi in lead roles.  It is about Kathakali actor, Kunhiraman and his relationship with his Guru, Asan. Gradually over the years, as the actor gets popular he becomes arrogant and takes to confronting with his Guru.",['Drama'],"['artist', 'guru']","['Manoj K Jayan', 'Tirtha Murbadkar', 'Vaigai Siva Vijay', 'Kalamandalam Sivan Namboodiri', 'Manju Pillai']",['Farook Abdul Rahiman'],"['Farook Abdul Rahiman', 'P. Kunhiraman Nair']",['Malayalam'],['NFDC Amazon Channel'],8.0,1,0.3008,102,https://image.tmdb.org/t/p/w500/3NJXaVpzWWZz4O7MYcnoLiz9CA8.jpg
332253,You Too Brutus,2015-03-20,"An exploration of the relationships and personal lives of a group of bachelors, presenting the changing intimacy equations and morals of new-age youngsters.",['Comedy'],['cheating'],"['Asif Ali', 'Sreenivasan', 'Rachana Narayanankutty', 'Honey Rose', 'Ahmed Sidhique']",['Roopesh Peethambaran'],['Roopesh Peethambaran'],['Malayalam'],['Sun Nxt'],5.8,10,0.2536,105,https://image.tmdb.org/t/p/w500/811y0FPO2MXSCOMi2Bxn8anvJKg.jpg
1015676,Sulaikha Manzil,2023-04-21,"Ameen and Haala’s marriage is arranged in a hurry. As Ameen tries to know Haala better before the wedding, she does not consider it important and this leads to a misunderstanding between the couple","['Drama', 'Romance', 'Comedy']",[],"['Anarkali Marikar', 'Lukman Avaran', 'Chemban Vinod Jose', 'Adhri Joe', 'Amalda Liz']",['Ashraf Hamsa'],['Ashraf Hamsa'],['Malayalam'],"['JioHotstar', 'VI movies and tv']",5.2,6,0.3251,120,https://image.tmdb.org/t/p/w500/vk0TctYXqWMNzHSXWgljYK9nUVb.jpg
871213,Varaal,2022-10-14,"When Kerala CM Achuthan Nair and his Leftist party are preparing for their third consecutive term in the Kerala Assembly, Party high command surprises everyone by nominating a wealthy businessman named David John Medayil as the CM candidate.While the entire party’s Kerala cadre does not want David to become CM and conspire against him and repercussions of high command's decision and  gets David kidnapped.","['Drama', 'Thriller']",[],"['Anoop Menon', 'Prakash Raj', 'Suresh Krishna', 'Shankar Ramakrishnan', 'Renji Panicker']",['Kannan Thamarakkulam'],['Anoop Menon'],['Malayalam'],[],6.0,2,0.3493,120,https://image.tmdb.org/t/p/w500/vKk4aUtKcsHnOu6sLRQETRMN00V.jpg
896166,Monster,2022-10-21,"On their first wedding anniversary, Lucky Singh, an entrepreneur from Punjab walks into the lives of Anil Chandra and Bhamini. Little do they know that this man will change their future. Playing along with LGBT support.","['Action', 'Adventure', 'Crime']",['monster'],"['Mohanlal', 'Sudev Nair', 'Honey Rose', 'Lakshmi Manchu', 'Siddique']",['Vysakh'],['Uday Krishna'],['Malayalam'],['JioHotstar'],3.2,12,0.2985,133,https://image.tmdb.org/t/p/w500/eorz05QeNzVp8fm10pIQb3lBKwp.jpg
448510,C/O Saira Banu,2017-03-17,"Saira Banu, a post woman and a single mom, is caught unawares when her son Joshua Peter, a law student, gets entangled in a legal hassle. The opponents in the case are a bunch of affluent and powerful names of the society. How would the middle-class woman help her son?","['Drama', 'Family']",[],"['Manju Warrier', 'Amala Akkineni', 'Shane Nigam', 'Niranjana Anoop', 'Raghavan']",['Antony Sony'],['R. J. Shaan'],"['Hindi', 'Malayalam']",['Eros Now Select Apple TV Channel'],6.2,10,0.4014,119,https://image.tmdb.org/t/p/w500/3nHHX8U3VIUkKJDhnuJgrNVdNgq.jpg
893055,Enthada Saji,2023-04-08,Sajimol Thomas whose life changes when she meets Saint Roch. Everything changes for good including her love life and surroundings until the Saint Roch's Statue disappears from the Church.,"['Comedy', 'Fantasy', 'Drama']",[],"['Kunchacko Boban', 'Jayasurya', 'Nivetha Thomas', 'Sidhartha Siva', 'Prem Prakash']",['Godfy Babu'],['Godfy Babu'],['Malayalam'],"['Amazon Prime Video', 'Amazon Prime Video with Ads']",3.2,5,0.2946,123,https://image.tmdb.org/t/p/w500/76rfcWNgfdGagFnaEh9SjB2wqlK.jpg
923368,Pulimada,2023-10-26,"In a serene village near the wilderness, news of a man-eating tiger terrifies the community. The once peaceful atmosphere turns tense leading to a curfew and unrest. Vincent, an unmarried police constable awaits his marriage with great excitement. On the wedding day, a shocking revelation shatters Vincent's world. Fueled by rage and anger, Vincent embarks on a dangerous journey for companionship through the village that is still grappling with the looming threat of the man-eating tiger.","['Drama', 'Thriller']",[],"['Joju George', 'Aishwarya Rajesh', 'Balachandra Menon', 'Chemban Vinod Jose', 'Lijomol Jose']",['A K Sajan'],['A K Sajan'],['Malayalam'],['Netflix'],5.7,3,0.3324,108,https://image.tmdb.org/t/p/w500/sTlba6RSP80H2Dx7wy2jqIjxDaq.jpg
538402,Bhayanakam,2018-07-20,"A First World War veteran reaches a backwater village in Kuttanand, India as a Postman. He delivers money orders and letters to the family of soldiers, becoming a symbol of happiness. But everything turns upside down, as the Second World War begins.","['History', 'Drama']","['world war ii', 'letter', 'postman', 'soldier', 'death']","['Renji Panicker', 'Asha Sarath', 'Sabita Jayaraj', 'Keshav Jayaraj', 'Molly Kannamaly']",['Jayaraj'],['Jayaraj'],['Malayalam'],[],7.2,5,0.2775,121,https://image.tmdb.org/t/p/w500/XklLgvQSCeMEsaA5Vn0mE8u2hu.jpg
366111,Lukka Chuppi,2015-06-05,"Lukka Chuppi delves into the lives of a group of married couples, where the husbands are close friends. The story shows the group getting together after 14 years. The wives see a new side to their husbands suddenly, singing and laughing like how they were during their college days.","['Drama', 'Family']","['husband wife relationship', 'conversation', 'reunion', 'lost love', 'college friends']","['Murali Gopy', 'Jayasurya', 'Joju George', 'Remya Nambeesan', 'Indrans']",['Bash Mohammed'],['Gafoor Arackkal'],['Malayalam'],"['Sun Nxt', 'VI movies and tv']",7.2,10,0.2967,112,https://image.tmdb.org/t/p/w500/c8knXXbaapWwV50TpZ3SsIdcg4b.jpg
1168528,Jai Ganesh,2024-04-11,"In the unforgiving shadows of sympathy, Ganesh Gangadharan, a paraplegic designer, wrestles with his inner demons, striving for a semblance of normalcy.","['Drama', 'Thriller']",[],"['Unni Mukundan', 'Mahima Nambiar', 'Jomol', 'Ravindra Vijay', 'Ashokan']",['Ranjith Sankar'],['Ranjith Sankar'],['Malayalam'],"['ManoramaMax', 'VI movies and tv', 'ManoramaMAX Amazon Channel']",5.4,9,0.2694,125,https://image.tmdb.org/t/p/w500/5t06YuOR93cqD2egserG91MhD4X.jpg
655041,Valiyaperunnal,2019-12-20,Movie revolves around a group of people living in a harbor town. The story delves into their love for each other and a certain festival of sacrifices.,['Drama'],[],"['Shane Nigam', 'Himika Bose', 'Joju George', 'Soubin Shahir', 'Anil Nedumangad']",['Dimal Dennis'],"['Thasreeq Abdul Salam', 'Dimal Dennis']",['Malayalam'],"['Zee5', 'VI movies and tv']",3.0,2,0.2029,179,https://image.tmdb.org/t/p/w500/2GA6cTwmBMV7JYo3kWGuPOTt3ql.jpg
497371,My Story,2018-07-06,"Jay is an aspiring actor. When a pretty and talented Thara, an established heroine, falls in love with him, he is forced to make a difficult choice.",['Romance'],['woman director'],"['Prithviraj Sukumaran', 'Parvathy Thiruvothu', 'Ganesh Venkatraman', 'Nandhu', 'Manoj K Jayan']",['Roshni Dinaker'],['Shankar Ramakrishnan'],"['Malayalam', 'Portuguese']","['Amazon Prime Video', 'Amazon Prime Video with Ads']",3.714,8,0.3494,139,https://image.tmdb.org/t/p/w500/xNuP57kxc5gepfQCwNCkl4Udr2E.jpg
476135,Cappuccino,2017-09-15,"Richi, an ad filmmaker, gives his computer's hard disk for servicing in a shop and the disk gets exchanged and ends up with a girl named Sneha. Soon, he contacts Sneha and gets his disk and eventually falls in love with her. However, when Richi asks for Sneha's picture, she sends him a picture of a model named Janaki, who is married to Jeevan. Richi, having no knowledge of this, creates an album with his and Janaki's pictures. In an unfortunate turn of events, the album ends up with Jeevan and the life of these four individuals changes.","['Drama', 'Comedy']",[],"['Aneesh G Menon', 'Vineeth Mohan', 'Anwar Shereef', 'Dharmajan Bolgatty', 'Sudhi Koppa']",['Noushad'],[],['Malayalam'],[],4.0,1,0.2893,131,https://image.tmdb.org/t/p/w500/r5r3xTQAeCVhdlvczvBU7wxBNkk.jpg
459458,Careful,2017-05-26,"A journalist, investigating traffic violations in a city, comes across mysterious happenings and lands herself in a dangerous situation.","['Mystery', 'Thriller']","['investigation', 'remake', 'murder', 'road safety']","['Vijay Babu', 'Sandhya Raju', 'Ashokan', 'Jomol', 'Sreejith Ravi']",['V. K. Prakash'],[],"['English', 'Malayalam']",[],3.0,1,0.2563,120,https://image.tmdb.org/t/p/w500/rL5yxFaodDNSpVDyTkc3LtMA5Gg.jpg
459719,Thondimuthalum Driksakshiyum,2017-06-30,Prasad and Sreeja are a couple planning to set up a new life in Kasargod. On a bus journey they end up being robbed by a thief also named Prasad and this lands them up in a police station.,"['Comedy', 'Drama', 'Thriller']","['married couple', 'bus', 'robber', 'witness', 'thief', 'police station']","['Fahadh Faasil', 'Suraj Venjaramoodu', 'Nimisha Sajayan', 'Alencier Ley Lopez', 'Vettukili Prakash']",['Dileesh Pothan'],['Sajeev Pazhoor'],"['Kannada', 'Malayalam']",['VI movies and tv'],7.2,60,0.4437,136,https://image.tmdb.org/t/p/w500/ki1EguwPuXM1t4UTDuaBqD8BLJi.jpg
1066380,Higuita,2023-03-31,"Left-wing firebrand leader Pannyannoor Mukundhan forged in the crucible of left-wing politics of Malabar, always facing threats of violence and even murder. Ayyapa Das recently joined in the police and is assigned as his gunman. Das's father was a civil police officer, who passed away while still in service. Impending financial disaster for the family forces Das to take up this responsibility and go for a police job. Higuita is a tale of contradicting individuals working close to each other and the inherent conflict of the situation.",['Thriller'],['power politics'],"['Dhyan Sreenivasan', 'Suraj Venjaramoodu', 'Manoj K Jayan', 'Indrans', 'Binu Pappu']",['Hemanth G Nair'],"['Hemanth G Nair', 'Hemanth G Nair']",['Malayalam'],[],4.0,1,0.4234,150,https://image.tmdb.org/t/p/w500/rhVJCiAKKUNYOS7fuCFQoBgiqJJ.jpg
814030,Star,2021-10-29,"When Ardra suddenly starts acting distant and cold with her family members, her husband Roy and others around her are puzzled and scared. Nobody in the family bothers to take her to a doctor and when they finally do, they learn the truth.","['Thriller', 'Drama', 'Mystery']",['star malayalam'],"['Joju George', 'Sheelu Abraham', 'Subbalakshmi', 'Jaffer Idukki', 'Shiny Sarah']","[""Domin D'Silva""]",['Suvin S. Somasekharan'],['Malayalam'],[],5.5,20,0.2563,120,https://image.tmdb.org/t/p/w500/hlVn1K8fdCLOux8nxwQa0yI2mTg.jpg
542092,Ente Mezhuthiri Athazhangal,2018-07-27,Chef Sanjay meets candle designer Anjali during his quest for secret ingredients for his upcoming restaurant. Will he find the way to Anjali’s heart?,"['Romance', 'Drama']",[],"['Anoop Menon', 'Miya George', 'Hannah Reji Koshy', 'Dileesh Pothan', 'Lal Jose']",['Sooraj Tom'],"['Anoop Menon', 'Anoop Menon']",['Malayalam'],['Zee5'],5.938,8,0.2284,148,https://image.tmdb.org/t/p/w500/xnWgN0I3nqQk26CxEWYVgGTnrCl.jpg
606009,The Gambler,2019-05-24,"The film is about the struggles of Anson, who runs a start-up and is in the pursuit of making it big in life",['Drama'],[],"['Anson Paul', 'Salim Kumar', 'Joseph Annamkutty Jose', 'Innocent', 'Rajini Chandy']",['Tom Emmatty'],['Tom Emmatty'],['Malayalam'],[],4.0,3,0.2516,121,https://image.tmdb.org/t/p/w500/p6ExfrtfYCb1KkK4K7ulR6jR6DO.jpg
459721,Basheerinte Premalekhanam,2017-07-21,"When a black and white TV is sent from Dubai to a family in a remote village in Calicut, it becomes the darling of its residents. While the idiot box keeps the people busy, a love story sprouts between two young hearts of the suburb.","['Comedy', 'Romance']",['love letter'],"['Madhu', 'Sheela', 'Sana Althaf', 'Farhaan Faasil', 'Joy Mathew']",['Aneesh Anwar'],"['Shinod', 'Shamseer']",['Malayalam'],[],3.8,2,0.2624,130,https://image.tmdb.org/t/p/w500/3htLFM6KPmkOKwKdcwFznsfiMpH.jpg
985439,Ullozhukku,2024-06-21,"The film is set in a flooded region in Kerala where a woman and her daughter-in-law attempt to bury a loved one. However, due to heavy floods, the burial is postponed. This delay brings long-buried secrets and lies to the surface, threatening the family's unity.",['Drama'],"['natural disaster', 'mother-in-law daughter-in-law relationship', 'kerala flood']","['Urvashi', 'Parvathy Thiruvothu', 'Arjun Radhakrishnan', 'Shebin Benson', 'Alencier Ley Lopez']",['Christo Tomy'],['Christo Tomy'],['Malayalam'],['Netflix'],7.0,11,0.3006,122,https://image.tmdb.org/t/p/w500/qTC6qPcxPYQHqlqgXM4VL78P4fy.jpg
459723,Chunkzz,2017-08-04,"Final year mechanical engineering students, Romario, Riyas, Yoodas, and Athmaram think their lives are miserable since there is not one single girl in their class. Much to their joy, a girl called Riya joins their class and soon becomes friends with the boys. Termed as 'mechrani' of the college, all the boys from the mechanical department begin to flirt with her, leading to comical situations.",['Comedy'],"['friendship', 'college', 'mechanical', 'mechrani']","['Balu Varghese', 'Honey Rose', 'Dharmajan Bolgatty', 'Siddique', 'Lal']",['Omar Lulu'],"['Omar Lulu', 'Aneesh Hameed', 'Sanoop Thykoodam', 'Joseph Vijeesh']",['Malayalam'],"['Amazon Prime Video', 'Amazon Prime Video with Ads']",4.036,14,0.3548,121,https://image.tmdb.org/t/p/w500/svNTQCVc7tzQrh20WJBiiOLbQEq.jpg
874763,Gaganachari,2024-06-21,"A dystopian comedy that takes place in the 2040's, where an apartment inhabited by three problematic bachelors soon becomes a haven for an extra-terrestrial female fugitive.","['Science Fiction', 'Comedy', 'Fantasy']","['invasion', 'mockumentary', 'alien', 'celestial', 'science fiction']","['K. B. Ganesh Kumar', 'Gokul Suresh', 'Aju Varghese', 'Anarkali Marikar', 'John Kaippallil']",['Arun Chandu'],"['Siva Sai', 'Arun Chandu']",['Malayalam'],"['Amazon Prime Video', 'ManoramaMax', 'ManoramaMAX Amazon Channel', 'Amazon Prime Video with Ads']",7.5,10,0.2459,114,https://image.tmdb.org/t/p/w500/qTrGkS3Khx2Vj7Z3IplpiDqBkwv.jpg
1000747,Once Upon A Time There Was A Kallan,2025-05-30,"Neelankavil Joseph Kurien is a rich, lonely old man who lives by himself in a big house. One day, a thief breaks in, but ends up getting stuck. The old man befriends the thief, and his presence brings comfort to the old man's isolated life.",['Comedy'],[],"['Prathap Pothan', 'Sreenath Bhasi', 'Tini Tom', 'Sreelekshmi Sreekumar', 'Sudheesh']",['Fazil Muhammed'],"['Kalavoor Ravikumar', 'Kalavoor Ravikumar']",['Malayalam'],[],3.0,1,0.3809,121,https://image.tmdb.org/t/p/w500/d5gIJoPCjnARZD8shxOVZIcMEsz.jpg
945825,Thrishanku,2023-05-26,"A small town couple, Sethu and Megha, plan to elope, but complications arise when Sethu's sister also decides to elope. Sethu and his quarrelling uncles must bring her back while trying to elope with Megha without getting caught.","['Romance', 'Comedy']",[],"['Arjun Ashokan', 'Anna Ben', 'Nandhu', 'Zarin Shihab', 'Suresh Krishna']",['Achyuth Vinayak'],"['Ajith Nair', 'Achyuth Vinayak']",['Malayalam'],['Netflix'],7.7,3,0.2446,112,https://image.tmdb.org/t/p/w500/A1Xhf5z0OnZSzwB8ceFEXZQ5iAb.jpg
800682,Black Coffee,2021-02-26,"Cook Babu quarrels with his beloved master and his wife and decides to leave them both. He meets Ann, a fashion designer who shares her home with three other women, and they employ him instead.","['Comedy', 'Romance']",[],"['Lal', 'Shweta Menon', 'Baburaj', 'Lenaa', 'Rachana Narayanankutty']",['Baburaj'],"['Baburaj', 'Baburaj', 'Orma Bose']",['Malayalam'],"['ManoramaMax', 'ManoramaMAX Amazon Channel']",4.3,3,0.4574,142,https://image.tmdb.org/t/p/w500/z16iAXiqAfX534nkUsblbUdfcx4.jpg
915388,Lovefully Yours Veda,2023-03-03,"Banjara's musical band discovers a poem on Varma College walls and meets former student Sree Veda, who shares her college life and the impact of Comrade Jeevanlal.","['Drama', 'Romance']",[],"['Rajisha Vijayan', 'Sreenath Bhasi', 'Venkitesh V P', 'Gautham Vasudev Menon', 'Anikha Surendran']",['Praghesh Sukumaran'],['Babu Vailathuran'],['Malayalam'],[],2.0,1,0.2238,135,https://image.tmdb.org/t/p/w500/28oBBTqDhoD9wMPRSic0lW5XJ2X.jpg
392569,Aadupuliyattam,2016-05-13,A man and his family move into a house haunted by the spirit of an ancient queen.,"['Comedy', 'Family', 'Horror']","['infidelity', 'fire', 'cheating', 'palace', 'sorcerer', 'ghost', 'starving child']","['Jayaram', 'Ramya Krishnan', 'Om Puri', 'Sheelu Abraham', 'Ramesh Pisharody']",['Kannan Thamarakkulam'],"['Dinesh Pallath', 'Dinesh Pallath']",['Malayalam'],"['Sun Nxt', 'VI movies and tv']",4.0,5,0.2384,145,https://image.tmdb.org/t/p/w500/tqu09JapP1T8Z5zzC1HgjfI1891.jpg
553086,Mandharam,2018-10-05,"Mandharam begins with the all too familiar trope - the schoolboy who spends his days dreaming about his childhood sweetheart and classmate, who, at the end of school, lets him know that she has a 'muracherukkan'.","['Romance', 'Drama']",[],"['Asif Ali', 'Varsha Bollamma', 'Megha Mathew', 'Jacob Gregory', 'Indrans']",['Vijesh Vijay'],"['Vijesh Vijay', 'M. Sajas']",['Malayalam'],[],1.5,3,0.309,137,https://image.tmdb.org/t/p/w500/yfnSmjAPmMwqSuIMePrCAmtui8O.jpg
1152059,Samara,2023-08-04,"Set in Himachal Pradesh, when two murders happen in the valley, Anthony comes to the scene to investigate the killings and another team of police officials led by Senthil IPS also arrives there. Ex-military Dr. Alan is in a quest to save his infected daughter Jaani and unravels a deadly virus outbreak with officer Anthony.","['Science Fiction', 'Thriller']",[],"['Rahman', 'Sanjana Dipu', 'Bharath Srinivasan', 'Viviya Santh', 'Binoj Villya']",['Charles Joseph'],['Charles Joseph'],['Malayalam'],"['Hungama Play', 'ManoramaMax', 'VI movies and tv', 'ManoramaMAX Amazon Channel']",6.0,3,0.4179,118,https://image.tmdb.org/t/p/w500/pn1Ce6cYs2GoXUOFyg5ZrtZ2y2T.jpg
1066830,Padakkuthira,2025-04-24,,[],[],"['Aju Varghese', 'Suraj Venjaramoodu', 'Sija Rose', 'Indrans', 'Nandhu']",['Salon Symon'],"['Deepu S. Nair', 'Sandeep Sadanandan']",['Malayalam'],[],0.0,0,0.3434,120,https://image.tmdb.org/t/p/w500/agn2uX3XpTSx87LOdzelYOpiO6L.jpg
545426,Varathan,2018-09-20,"After losing his job, Aby and his wife, Priya, move back to the latter's family estate in Kerala. However, things go from bad to worse for the couple as they encounter a new set of challenges..",['Thriller'],"['sexual abuse', 'house', 'trap', 'couple']","['Fahadh Faasil', 'Aishwarya Lekshmi', 'Sharafudheen', 'Dileesh Pothan', 'Arjun Ashokan']",['Amal Neerad'],"['Suhas', 'Sharfuddeen']",['Malayalam'],[],6.716,44,0.3353,131,https://image.tmdb.org/t/p/w500/8Aoq5itEfTisF232L5yQ6gIObEs.jpg
1008621,Dear Vaappi,2023-02-17,"About the journey of a father and daughter as they face obstacles and reach success, with the help of those who come to support them. It showcases the strong bond between a father and daughter and highlights the power of perseverance and support from others. The film is expected to be heartwarming and inspiring, appealing to audiences of all ages.",['Drama'],[],"['Lal', 'Anagha Narayanan', 'Sree Rekha', 'Niranjan', 'Jagadish']",['Shan Thulaseedharan'],['Shan Thulaseedharan'],['Malayalam'],[],5.0,3,0.2266,138,https://image.tmdb.org/t/p/w500/diZZuVqIziYHtF5KZ5afmrSbtku.jpg
406157,Valleem Thetti Pulleem Thetti,2016-05-12,"The story is set in the 1990s in a village and discusses the entry of globalization in there in a satirical manner. Vinayan is a young man, who works as an operator in Sreedevi Talkies, an old 'C' class cinema theatre. The owner of the theatre is Madhavan Nair, who is also the godfather of Vinayan. The effects of globalisation start reflecting in the functioning of the theatre.","['Comedy', 'Romance']","['village', 'rivalry']","['Kunchacko Boban', 'Shamili', 'Miya George', 'Renji Panicker', 'Manoj K Jayan']",['Rishi Sivakumar'],"['Rishi Sivakumar', 'Rishi Sivakumar']",['Malayalam'],[],4.6,5,0.4389,146,https://image.tmdb.org/t/p/w500/rV5W5EJ3jfpBFz4fwP0x69BpjFr.jpg
1266226,Sangarsha Ghadana - The Art of Warfare,2025-08-08,"Kodamazha Suni, a retired organised crime leader, is compelled to return to his homeland after his former gang is attacked by an unknown adversary. Haunted by his past decisions, Suni's journey mirrors the battles of ancient warriors, as he faces his greatest adversary yet. As the conflict deepens, Suni’s thought process is explored through the wisdom of an ancient Chinese text, revealing the timeless struggle between strategy, surveillance, and survival","['Crime', 'Drama']",[],"['Vishnu Agasthya', 'Sanup Padavedan', 'Zhinz Shan', 'Rahul Rajagopal', 'Sreenath Babu']",['Krishand'],['Krishand'],['Malayalam'],['Sun Nxt'],5.5,2,0.2834,108,https://image.tmdb.org/t/p/w500/n1tam4xivdEr6HylZgeoA9OXBJh.jpg
1015580,Khajuraho Dreams,2025-12-05,"A group of friends set out on an impulsive journey to explore Khajuraho. Later, their original intent changes as tourists, as they come across helpless villagers of the district.","['Adventure', 'Drama']",[],"['Arjun Ashokan', 'Sharafudheen', 'Sreenath Bhasi', 'Aditi Ravi', 'Dhruvan']",['Manoj Vaasudev'],['Sethu'],"['Hindi', 'Malayalam']","['Amazon Prime Video', 'Amazon Prime Video with Ads']",1.0,2,0.2631,131,https://image.tmdb.org/t/p/w500/eoACrE6qVzQ1lwiNgfxqp5Yf1tH.jpg
468667,Kadam Kadha,2017-07-28,"Two friends, Cleatus & Giri work together to repay their debts. As their life goes on, they meet Sreekumar who offers a solution to end their woes provided they agree to his one condition. What happens next, forms the climax.",['Comedy'],[],"['Joju George', 'Renji Panicker', 'Roshan Mathew', 'Veena Nandakumar', 'Vinay Forrt']",['Senthil Rajan'],['Philip Sigi'],['Malayalam'],"['Amazon Prime Video', 'Amazon Prime Video with Ads']",5.8,3,0.2415,121,https://image.tmdb.org/t/p/w500/3vRtShn0CYS9QpzefxCz92MFSI5.jpg
1222370,Once Upon a Time in Kochi,2024-05-31,A young taxi driver inadvertently becomes mixed up with a gang of drug dealers when pursuing an old romance.,['Comedy'],[],"['Mubin M Rafi', 'Arjun Ashokan', 'Shine Tom Chacko', 'Devika Sanjay', 'Raffi']",['Nadirshah'],['Raffi'],['Malayalam'],[],0.0,0,0.3749,125,https://image.tmdb.org/t/p/w500/tSGYDHT9NcZKUA0qKI8zUNVtvno.jpg
411054,Guppy,2016-08-05,The story revolves around a boy named Guppy(Master Chethan) who finds his living out of rearing and selling the small fish Guppy. Guppy has this dream of buying an automatic wheel chair for his ailing mother (Rohini). Things gets into turmoil when Engineer Thejus Varkey (Tovino Thomas) comes to the seaside village for the construction of a railway bridge. Many unexpected things occur when a small rivalry starts between Guppy and Engineer.,['Drama'],"['fish', 'parent child relationship', 'wheelchair', 'bridge', 'engineer', 'handicap']","['Chethan Jayalal', 'Tovino Thomas', 'Sreenivasan', 'Rohini', 'Sudheer Karamana']",['Johnpaul George'],['Johnpaul George'],['Malayalam'],"['ManoramaMax', 'VI movies and tv', 'ManoramaMAX Amazon Channel']",7.4,26,0.2421,158,https://image.tmdb.org/t/p/w500/eOcZIKsK05IqHspfiY84BoYxX6p.jpg
864290,Kuttante Shinigami,2024-09-20,"After an untimely death, Kuttan finds himself trapped as a wandering soul, unable to interact with the living. Just as he struggles to understand his fate, a mysterious figure called the Shinigami appears to guide him to the afterlife.","['Fantasy', 'Drama']",[],"['Indrans', 'Jaffer Idukki', 'Asharaf Pilakkal', 'Sunil Sukhada', 'Sreejith Ravi']",['Rasheed Parakkal'],['Rasheed Parakkal'],['Malayalam'],"['ManoramaMax', 'ManoramaMAX Amazon Channel']",4.0,1,0.2877,112,https://image.tmdb.org/t/p/w500/fYqH879SqhpjVF31SArtoXHiuhG.jpg
1009879,Alli,2022-03-11,"Story of an innocent village girl ( Alli ) and her father, portrayed in a beautiful forest backdrop. Their peaceful life goes on a toss and when she takes refuge in the forest and mother nature had her own plans to rescue her.",['Thriller'],['alli'],"['Neena Kurup', 'Saji Venjaramoodu', 'Aparna Mohan', 'Shiva Damodhar', 'Sreeprasad']",['S. Raj Kumar'],"['S. Raj Kumar', 'S. Raj Kumar']",['Malayalam'],[],0.0,0,0.2645,105,https://image.tmdb.org/t/p/w500/9i3J8ryTBKsagA6JljznmR4sFdC.jpg
464670,Aadhi,2018-01-26,"Aadhi, an aspiring musician, travels to another state in hopes of making it big. While there, an unexpected event leaves him trapped, unable to return to his family and running for his life.","['Action', 'Thriller']","['musician', 'bank', 'parkour', 'accidental death', 'hunting', 'stranger']","['Pranav Mohanlal', 'Sharafudheen', 'Siju Wilson', 'Siddique', 'Meghanathan']",['Jeethu Joseph'],['Jeethu Joseph'],"['Kannada', 'Malayalam']",[],5.4,21,0.3648,158,https://image.tmdb.org/t/p/w500/ljmKr1ClEdWCPHIrS48AQyThIZr.jpg
1034766,Little Miss Rawther,2023-10-12,"Naina Rawther, a so-called liberated and modern-day successful young woman, born to an upper-middle class Muslim family, finds herself at great odds on her wedding night. Meanwhile, AB, her college sweetheart is seen going through a very tough phase in his life. Would their love endure the night or perish at dawn break?","['Drama', 'Romance', 'Comedy']",[],"['Gouri G Kishan', 'Shersha Sherief', 'Manoj K U', 'Sangeeth Prathap', 'Jishnu Sreekumar']",['Vishnu Dev'],['Shersha Sherief'],['Malayalam'],"['Amazon Prime Video', 'Amazon Prime Video with Ads']",4.0,3,0.3063,126,https://image.tmdb.org/t/p/w500/6opwQL2jTeDLu2TLQLxfXrsASJZ.jpg
651353,Kettiyollaanu Ente Maalakha,2019-11-22,"Sleevachan, a simple farmer, struggles to navigate the emotional and physical intimacies of marriage with his wife Rincy. This leads him on a journey toward understanding consent and building a meaningful bond with his wife.","['Drama', 'Romance', 'Family']",[],"['Asif Ali', 'Veena Nandakumar', 'Basil Joseph', 'Jaffer Idukki', 'Rony David Raj']",['Nissam Basheer'],['Aji Peter Thankam'],['Malayalam'],"['Amazon Prime Video', 'Amazon Prime Video with Ads']",6.4,17,0.2698,135,https://image.tmdb.org/t/p/w500/2tM8cGy8KKN4cnzUZz4aObRHWo7.jpg
341900,Ivide,2015-05-29,A police officer investigates a series of killings involving IT professionals in Atlanta. He develops a rapport with the CEO of an IT company and the two join minds to stop the spree.,"['Crime', 'Thriller']","['police', 'investigation', 'serial killer', 'adopted', 'it professional']","['Prithviraj Sukumaran', 'Nivin Pauly', 'Bhavana', 'Prakash Bare', 'Alexandra Bartee']",['Shyamaprasad'],['Ajayan Venugopalan'],"['English', 'Malayalam']",['Sun Nxt'],5.5,15,0.4055,144,https://image.tmdb.org/t/p/w500/htJFtk6cNLyiD4g3tBi3WRLJ1Fa.jpg
637805,Vikruthi,2019-10-04,"Mistaking the sleeping passenger on his train for a drunk, a young man posts a picture of him online, unaware of his impulsive act's ugly repercussions.","['Comedy', 'Drama']","['subway', 'dark comedy', 'misunderstanding', 'social media', 'whatsapp', 'differently-abled']","['Suraj Venjaramoodu', 'Soubin Shahir', 'Surabhi Lakshmi', 'Vincy Aloshious', 'Mamukkoya']",['Emcy Joseph'],['Ajish Thomas'],['Malayalam'],['Netflix'],6.8,12,0.4444,123,https://image.tmdb.org/t/p/w500/lhyf1hRUXib411aUWtEARVvZb3z.jpg
1209600,applechedikal,2023-12-09,"Unemployed guests constantly pour into Jane's house, mistaking her for the previous tenant, a mystery man. Jane, though unemployed, lives her innocent life, with brief dreams and quiet hopes for her future. Her friend Suleiman, though bankrupt, lives his dynamic life around his fantasies and plans for the future. When the landlord's daughter, the Princess, demands rent from Jane, the unemployed, things are to change forever.",['Comedy'],"['dreams', 'romance', 'black and white', 'mystery']","['Arshed Iqbal', 'Haniya Nafisa', 'Raju Ponnurunni', 'Anishma Anilkumar', 'Yara Naisam']",['Gagan Dev'],['Gagan Dev'],['Malayalam'],[],0.0,0,0.2956,73,https://image.tmdb.org/t/p/w500/ikpLK28N2KLEi9j3gMqrSIN6y1K.jpg
1594923,Uduppu,2025-12-07,Uduppu follows the emotional and turbulent journey of a young woman whose life takes unexpected turns after marriage.,['Drama'],[],"['Indrans', 'Sudheer Karamana', 'Sona Nair']",['Anil Mukhathala'],['Ashok R Nath'],['Malayalam'],"['ManoramaMax', 'ManoramaMAX Amazon Channel']",0.0,0,0.4281,109,https://image.tmdb.org/t/p/w500/giRcUUARQnLDlhhFWIJrqlbdRO9.jpg
352408,Sir C.P.,2015-05-15,Chethimattathil Philip (CP) - brought up by two unmarried sisters - runs a well-known educational institution. The family's arch-enemy Kariachan has been blackmailing the sisters for years by threatening to reveal an old secret. He has also grabbed a lot of their properties and his final target is CP's college. Will CP lose his property and learn the truth about his parentage?,['Comedy'],[],"['Jayaram', 'Honey Rose', 'Hareesh Peradi', 'Rohini', 'Seema']",['Shajoon Kariyal'],['Suresh Babu'],['Malayalam'],"['Sun Nxt', 'VI movies and tv']",2.2,4,0.2531,135,https://image.tmdb.org/t/p/w500/ro2PSeoeGeqTC3NP0k2kqdyChMg.jpg
1296401,Kshanam,2021-12-10,"Four film school students as part of their project goes for location hunting.There they meet a person with a weird personality, an academic in parapsychology. The students gets into the world of Ouija board and an entity through this man.","['Thriller', 'Horror']",[],"['Sneha Ajith', 'Lal', 'Bharath Srinivasan', 'Ajmal Ameer', 'Baiju Santhosh']",['Suresh Unnithan'],[],[],[],0.0,0,0.3108,144,https://image.tmdb.org/t/p/w500/lHtdaZpWQPMzyEZOwzeCRVmwZKI.jpg
796827,Joyful Mystery,2021-02-21,"Maria, a young journalist, and Jithin, an aspiring actor, are in a live-in relationship without the knowledge of their parents. Set in the backdrop of the covid pandemic, this relationship drama reveals the nuances of an intense dispute and unreasoned maneuvers that the couple adapt in the intimate relationship.",['Drama'],['independent cinema'],"['Rima Kallingal', 'Jitin Puthanchery', 'Neeraja Rajendran']",['Don Palathara'],['Don Palathara'],['Malayalam'],[],7.0,7,0.3638,85,https://image.tmdb.org/t/p/w500/c3LyNpSyqVUG8b9ReUcOyAgp60V.jpg
407398,James and Alice,2016-05-05,"The married life of James and Alice turns sour due to their busy lifestyles and they end up filing for divorce. However, their lives take a turn when James meets with a car accident.","['Drama', 'Family', 'Romance']","['artist', 'car accident', 'divorce', 'death', 'family problems']","['Prithviraj Sukumaran', 'Vedhika', 'Sijoy Varghese', 'Saikumar', 'Parvatii Nair']",['Sujith Vaassudev'],"['Dr. S.Janardhanan', 'Sujith Vaassudev']",['Malayalam'],"['Sun Nxt', 'VI movies and tv']",6.3,12,0.2911,146,https://image.tmdb.org/t/p/w500/9sAFdrRgRDM40wbBBQfcN9VxLWK.jpg
1038874,Malaikottai Vaaliban,2024-01-25,"Malaikottai Vaaliban, an uncontested warrior proves himself to be a reigning hero across time and geographies, defeating every opponent he encounters. As Vaaliban continues his victorious journey along with his aids Chinnappaiyyan & Ayyanar meets Rangapattinam Rangarani, an ethereal dancer at a betting parlour in Nooraanathalayur. This is the moment that also invites Chamathakan, a villainous presence who will shadow Vaaliban through the rest of his journey. This group then proceed on journey with many twists and turns that leads Vaaliban to his ultimate challenge.","['Action', 'Drama', 'Fantasy']",[],"['Mohanlal', 'Hareesh Peradi', 'Danish Sait', 'Manoj Moses', 'Katha Nandi']",['Lijo Jose Pellissery'],"['P S Rafeeque', 'Lijo Jose Pellissery']",['Malayalam'],[],6.3,20,0.2583,154,https://image.tmdb.org/t/p/w500/sMnLaMTWYb19naUBTkcj099bX0M.jpg
835684,Twenty One Grams,2022-03-18,"DySP Nanda Kishore is investigating a murder case soon after a death in his family. As he proceeds, he is surprised to see how certain connections emerge that hint the case is linked to his own life as well.","['Thriller', 'Crime', 'Drama']",[],"['Anoop Menon', 'Leona Lishoy', 'Ranjith', 'Renji Panicker', 'Anu Mohan']",['Bibin Krishna'],['Bibin Krishna'],['Malayalam'],"['JioHotstar', 'VI movies and tv']",7.0,8,0.336,133,https://image.tmdb.org/t/p/w500/pxBfAKeZbLQY6rnw27sGNK6RGv7.jpg
573409,Vijay Superum Pournamiyum,2019-01-11,Vijay and Pournami are two very different sort of people who first meet because of a misunderstanding. Vijay is a lazy engineering graduate unwilling to follow his passions and Pournami is an unlucky bold girl who doesn't give up on her dreams. They don't seem to find a lot of things in common at first; but as time passes more avenues open up for them to collaborate and learn from each other.,"['Drama', 'Comedy']","['friendship', 'romcom', 'coming of age', 'remake', 'food', 'family']","['Asif Ali', 'Aishwarya Lekshmi', 'Siddique', 'Renji Panicker', 'Balu Varghese']",['Jis Joy'],['Jis Joy'],['Malayalam'],"['ManoramaMax', 'ManoramaMAX Amazon Channel']",6.7,17,0.3166,135,https://image.tmdb.org/t/p/w500/mYa8IO5GhWy3Lx0gDqUI2XNGpBP.jpg
1115549,Njan Kandatha Sare,2024-11-22,"Joekuttan, a taxi driver, arrives at a lodge seeking female companionship. There, he witnesses a crime. When he goes to the police station to give his testimony, he faces a series of unexpected events, which entangle him in even more serious problems.","['Comedy', 'Thriller']",['comedy thriller'],"['Indrajith Sukumaran', 'Baiju Santhosh', 'Anoop Menon', 'Alencier Ley Lopez', 'Mallika Sukumaran']",['Varun G Panicker'],['Arun Karimuttam'],['Malayalam'],[],0.0,0,0.2764,119,https://image.tmdb.org/t/p/w500/aM0wva0DkkbxQGvnvvj2q231qNF.jpg
1105682,Level Cross,2024-07-26,"In a desolate desert, a reclusive gatekeeper offers refuge to a mysterious woman fleeing a dark past, leading to an unraveling of secrets and shattered realities.","['Thriller', 'Drama']",['mysterious'],"['Asif Ali', 'Sharafudheen', 'Amala Paul', 'Prachi Tehlan', 'Lal Jose']",['Arfaz Ayub'],['Arfaz Ayub'],['Malayalam'],"['Amazon Prime Video', 'ManoramaMax', 'Amazon Prime Video with Ads']",6.6,11,0.2648,114,https://image.tmdb.org/t/p/w500/qBtytEZyFKZhLk2UCzIJuOda7Fu.jpg
464979,Hey Jude,2018-02-02,"Jude, a mathematical genius with poor social skills, visits Goa with his parents after the demise of his aunt. There, his life changes completely after he meets Crystal, a moody musician.","['Romance', 'Drama']",['musical'],"['Nivin Pauly', 'Trisha Krishnan', 'Siddique', 'Vijay Menon', 'Apoorva Bose']",['Shyamaprasad'],"['Nirmal Sahadev', 'George Kanatt']",['Malayalam'],"['Amazon Prime Video', 'Zee5', 'aha', 'Amazon Prime Video with Ads']",6.019,26,0.2985,146,https://image.tmdb.org/t/p/w500/moWuC4Z7UZRbnG99cnsdzgCHOar.jpg
462520,Aabhaasam,2018-05-04,The story of Aabhaasam is about an overnight bus journey from Bangalore to Kerala where the travelers analyze the schizophrenic society and how it has evolved through different times. It brings to audiences' attention how the societal views are influenced by patriarchy. The movie is director's attempt to show the bus as the metaphor for the system and the travelers as the victims.,['Drama'],['bus'],"['Rima Kallingal', 'Suraj Venjaramoodu', 'Alencier Ley Lopez', 'Indrans', 'Sheethal Shyam']",['Jubith Namradath'],"['Jubith Namradath', 'Jubith Namradath']","['Tamil', 'Malayalam']","['Amazon Prime Video', 'Amazon Prime Video with Ads']",6.375,8,0.213,121,https://image.tmdb.org/t/p/w500/mvK0DOf8rlDtJ85esS1ZYrWFRHU.jpg
834660,Neelavelicham,2023-04-20,"A young, enthusiastic and free-spirited writer arrives to stay in a desolate mansion, rumored to be haunted by the apparition of a young woman named Bharghavi who committed suicide when she was betrayed in love. The writer, who begins to pen her story, soon realizes that there is more to her tragic tale.","['Horror', 'Romance']",['based on short story'],"['Tovino Thomas', 'Rima Kallingal', 'Roshan Mathew', 'Shine Tom Chacko', 'Pramod Veliyanad']",['Aashiq Abu'],"['Vaikom Muhammad Basheer', 'Vaikom Muhammad Basheer', 'Hrishikesh Bhaskaran']",['Malayalam'],"['Amazon Prime Video', 'Amazon Prime Video with Ads']",4.8,12,0.2557,134,https://image.tmdb.org/t/p/w500/ytVFd3Q991GIsMvU6rMcaUbUDLw.jpg
1222140,Golam,2024-06-07,A mysterious death during work hours in an office puzzles all but only Investigator ASP Sandeep Krishna observes it as a murder.,"['Crime', 'Thriller']",['whodunit'],"['Ranjith Sajeev', 'Dileesh Pothan', 'Alencier Ley Lopez', 'Chinnu Chandini Nair', 'Siddique']",['Samjad P S'],"['Samjad P S', 'Praveen Viswanath']",['Malayalam'],"['Amazon Prime Video', 'Amazon Prime Video with Ads']",6.3,23,0.407,119,https://image.tmdb.org/t/p/w500/Aa30QzjokChiDOtuV27cfOSSVOA.jpg
620016,Fancy Dress,2019-08-02,"Two con-artists scheme to pull off the biggest scam of their career, hoping that it will revive their fortunes. With some unexpected twists and new players entering the fray, will they be able to accomplish their dream?",['Comedy'],[],"['Ajay Kumar', 'Hareesh Perumanna', 'Bala', 'Shweta Menon', 'Kalabhavan Shajon']",['Ranjith Skaria'],"['Ajay Kumar', 'Ranjith Skaria', 'Ranjith Skaria']",['Malayalam'],[],5.0,1,0.2551,124,https://image.tmdb.org/t/p/w500/ovQwuOQd9kcJpiM15LeKeWKUl2c.jpg
492803,Kalyanism,2015-03-06,"Sanal faces many challenges when it becomes hard for him to pay back his debts. Will he be able to lead a happy life with his wife, Kalyani?",['Drama'],['kalyanism'],"['Ananya', 'Kailash', 'Mukesh', 'Rishi Prakash', 'Kochu Preman']",['Anuram'],['Anuram'],['Malayalam'],[],1.0,1,0.2397,114,https://image.tmdb.org/t/p/w500/c473ZuM616hBVzsXA5AR3ROG1fP.jpg
616758,Ormayil Oru Shishiram,2019-08-02,"Nithin, a struggling filmmaker is reminiscing his first and unrequited love, Varsha through the days of his plus two classes. This is their coming-of-age story of romance.",['Romance'],[],"['Deepak Parambol', 'Anaswara Ponnambath', 'Maala Parvathi', 'Alencier Ley Lopez', 'Ashokan']",['Vivek Aryan'],"['C.G. Sivaprasad', 'Appu Sreenivas Nair', 'Vishnu Raj']",['Malayalam'],"['Amazon Prime Video', 'Amazon Prime Video with Ads']",5.8,3,0.309,133,https://image.tmdb.org/t/p/w500/wwmJgw0bnMzl4HMuxRpcwvbUbpW.jpg
1001004,Ammakkoru Tharattu,2015-01-09,"Sulakshana, a retired school teacher, leads a dejected life as she is neglected by her children. A chance meeting with a former student reunites her with Joseph, the man she loved as a young woman.",['Drama'],[],"['Madhu', 'Niyas Backer', 'Suraj Venjaramoodu', 'Saikumar']",['Sreekumaran Thampi'],['Sreekumaran Thampi'],['Malayalam'],[],0.0,0,0.2926,0,https://image.tmdb.org/t/p/w500/cfNEZX5ZDuNRTgAkUwoyca7Tjip.jpg
550491,WHO,2018-10-31,"A beautiful yet mysterious valley spread across 200 km. In Mercada, strange things happen every year on the Christmas day. A young girl, a dream interpreter, a criminal psychologist and a team of two police officers try to solve the puzzles in the valley.","['Fantasy', 'Mystery']",[],"['Shine Tom Chacko', 'Shruthy Menon', 'Rajeev Pillai', 'Pearle Maaney', 'Angana Roy']",['Ajay Devaloka'],['Ajay Devaloka'],"['English', 'Malayalam']",[],3.0,4,0.2839,153,https://image.tmdb.org/t/p/w500/1v5BHBe5HTc2c7VwU2sSqBbKOk4.jpg
879128,Ela Veezha Poonchira,2022-07-15,"Sudhi and Madhu are police officers at a small wireless police station on the hilltop. Amidst the heavy monsoon, they receive word that a woman`s body parts have been scattered all over Elaveezhapoonchira. Will they solve the mystery?","['Crime', 'Thriller', 'Mystery']",[],"['Soubin Shahir', 'Sudhi Koppa', 'Jude Anthany Joseph', 'Archana Padmini', 'Jitin Puthanchery']",['Shahi Kabir'],"['Nidhish G', 'Nidhish G', 'Shaji Maarad']",['Malayalam'],"['Amazon Prime Video', 'Amazon Prime Video with Ads']",7.083,18,0.3071,104,https://image.tmdb.org/t/p/w500/v3SQFIQ1D0s0YAdc88xrIEQbFm9.jpg
476884,Zacharia Pothen Jeevichirippundu,2017-11-03,"Zakhariapothen Jeevichirippundu revolves around the life of Zacharias Pothen and his family from a small village named Peerumedu. Zacharia Pothen is a 40-year-old retired Major. Because of his passion for his profession, he got married only after his retirement and was living happily with his wife. Suddenly one fine day, some of his old friends came there with hidden intentions, which he was unaware of, leading to the occurrence of unexpected things around him. This turned his life into a completely different track. This is when the real story of the movie starts.",['Thriller'],[],"['Manoj K Jayan', 'Poonam Bajwa', 'Babu Antony', 'Lal', 'Rahul Madhav']",['Ullas Unnikrishnan'],['Manoj Nair'],['Malayalam'],[],0.0,0,0.3334,148,https://image.tmdb.org/t/p/w500/jQ55uzKjqAtYIvkpSRNidmqkGFY.jpg
682860,Al Mallu,2020-01-17,"Nayana, who is suffering from emotional distress after calling off her marriage, meets Sreedhar, who helps her get her life back on track.","['Drama', 'Romance', 'Comedy']",[],"['Namitha Pramod', 'Anoop Majeed', 'Miya George', 'Mithun Ramesh', 'Dharmajan Bolgatty']",['Boban Samuel'],"['Boban Samuel', 'Jayan Naduvathazhath', 'Rajath R']",['Malayalam'],"['Amazon Prime Video', 'Amazon Prime Video with Ads']",3.5,2,0.341,128,https://image.tmdb.org/t/p/w500/8PdVSUu1U4E8Z0g5LLDxZ0qVcsb.jpg
465148,Chicken Kokkachi,2017-06-09,"Kallu, who hails from a middle-class family, living in a village, is forced to abscond from his village given the problems his family and he starts facing following his sister's marriage. Facing innumerable struggles in the city, Kallu's life highlights the multiple issues a middle-class man faces in the society.",['Comedy'],[],"['Bijukuttan', 'Dharmajan Bolgatty', 'Indrans', 'Sudhi Koppa', 'Neha Rathanakaran']",['Anuranjan Premji'],['Anuranjan Premji'],['Malayalam'],[],6.0,2,0.185,116,https://image.tmdb.org/t/p/w500/bpBehmpSRE4U772aSQVrQZ4K6Kl.jpg
863467,Pathaam Valavu,2022-05-13,"When a police officer's hunt for a convict on the run takes an unexpected turn, a story filled with emotions, fate and revenge unfolds in front of him.","['Crime', 'Drama', 'Thriller']",[],"['Suraj Venjaramoodu', 'Indrajith Sukumaran', 'Aditi Ravi', 'Swasika', 'Shaju Sreedhar']",['Padmakumar M'],['Abhilash Pillai'],['Malayalam'],"['ManoramaMax', 'ManoramaMAX Amazon Channel']",6.3,7,0.3674,122,https://image.tmdb.org/t/p/w500/8ygo4zrohdpjLYT82Q7tw280LOj.jpg
1167101,Parakramam,2024-11-22,A young man's plans to get revenge on a rival are complicated by romance and tragedy in this Malayalam-language drama.,"['Drama', 'Comedy']",[],"['Dev Mohan', 'Siju Sunny', 'Renji Panicker', 'Sona Olickal', 'Amith Mohan Rajeswari']",['Arjun Ramesh'],['Arjun Ramesh'],['Malayalam'],[],1.0,1,0.2547,100,https://image.tmdb.org/t/p/w500/hNiIr8A7trULc588NA8ZkEEva8J.jpg
1013057,Bandra,2023-11-10,A woman uncovers a dark tale when she investigates the mysterious death of a famous actress.,"['Action', 'Drama', 'Thriller']",[],"['Dileep', 'Tamannaah Bhatia', 'Mamta Mohandas', 'R. Sarathkumar', 'Dino Morea']",['Arun Gopy'],['Uday Krishna'],['Malayalam'],[],4.0,1,0.5184,155,https://image.tmdb.org/t/p/w500/k5gnPQBFThLWRr4SzOzgl6mXSWz.jpg
561347,Oru Kuprasidha Payyan,2018-11-09,"It is a murder mystery which draws its inspiration from the real-life murders in Kerala and explores how a person can be framed and labelled a criminal, even if there is no solid proof of their guilt.","['Mystery', 'Thriller']",[],"['Tovino Thomas', 'Nimisha Sajayan', 'Anu Sithara', 'Dileesh Pothan', 'Saranya Ponvannan']",['Madhupal'],"['Jeevan Job Thomas', 'Jeevan Job Thomas']","['Malayalam', 'Tamil']","['ManoramaMax', 'ManoramaMAX Amazon Channel']",6.8,12,0.3199,145,https://image.tmdb.org/t/p/w500/5ViGo5Ql4ljM5QCqvePKSl89DYl.jpg
1171506,Njanum Pinnoru Njanum,2023-08-30,"TK, an eminent person, had transformed himself into an enigmatic Sociopath, mainly due to his traumatic childhood and upbringing. A chain of events instigates a retired police official, Padakam, to initiate an independent probe against him that opens up a can of worms","['Drama', 'Family']",[],"['Rajasenan', 'Indrans', 'Sudheer Karamana', 'Jagadish', 'Joy Mathew']",['Rajasenan'],['Rajasenan'],['Malayalam'],[],1.0,1,0.3701,117,https://image.tmdb.org/t/p/w500/3YM5V5233eyb18VFoyECT4IRHcL.jpg
358645,Utopiayile Rajavu,2015-08-27,"The film is a satirical comedy in which Mammootty plays the role of Swathanthran. It's about his struggles to erect a statue of his father, a freedom fighter, in the town center.",['Comedy'],"['social satire', 'political satire']","['Mammootty', 'S.P. Sreekumar', 'Jewel Mary', 'Sunil Sukhada', 'Joy Mathew']",['Kamal'],['P S Rafeeque'],['Malayalam'],"['Sun Nxt', 'VI movies and tv']",4.9,4,0.2936,142,https://image.tmdb.org/t/p/w500/5crlRFkYdhoKmQyVgzlG6toQVUp.jpg
889136,Freedom Fight,2022-02-11,"A girl juggling her dreams and social expectations, women workers denied bathroom breaks, a housewife thrown into crisis by a routine gone awry, a maid caught between the priorities of her employer couple, a sewage worker deciding to question an atrocity. Five stories about people of different classes, genders and ages - connected in their struggles for freedom and by the tears and smiles they encounter in that journey.",['Drama'],[],"['Rajisha Vijayan', 'Renjit Shekar', 'Nilja K. Baby', 'Sudheep Sebastian', 'Sminu Sijo']","['Jeo Baby', 'Jithin Issac Thomas', 'Akhil Anilkumar', 'Francis Louis', 'Kunjila Mascillamani']","['Jithin Issac Thomas', 'Jeo Baby', 'Akhil Anilkumar', 'Kunjila Mascillamani', 'Francis Louis']",['Malayalam'],"['Sony Liv', 'VI movies and tv']",7.1,7,0.3147,152,https://image.tmdb.org/t/p/w500/hbLy7ZRfk6OOJ6LPANj9y3N2cKY.jpg
338930,Loham,2015-08-20,"A gold-smuggle deal goes awry, and an array of characters becomes involved.","['Action', 'Thriller']","['gold', 'smuggling (contraband)', 'gun', 'taxi driver', 'coffin', 'transformation', 'investigation', 'fake identity', 'flight', 'murder', 'missing husband']","['Mohanlal', 'Andrea Jeremiah', 'Siddique', 'Renji Panicker', 'Abu Salim']",['Ranjith'],['Ranjith'],['Malayalam'],['VI movies and tv'],4.4,16,0.3613,129,https://image.tmdb.org/t/p/w500/codEhhTB05Pg1iCueEf2SmmsFNm.jpg
939500,Kochaal,2022-06-10,A young man who aspires to become a police officer is mocked for his short stature and rejected. He becomes a constable after his father dies on duty but he still has to prove himself.,"['Comedy', 'Drama', 'Thriller']",[],"['Krishna Shankar', 'Chaitanya Pratap', 'Murali Gopy', 'Shine Tom Chacko', 'Indrans']",['Shyam Mohan'],"['Mithun P Madanan', 'Prajith K Purushan']",['Malayalam'],"['Zee5', 'VI movies and tv']",6.5,2,0.4542,147,https://image.tmdb.org/t/p/w500/nxhbdU3vYErqStdia3KpTMyyKT0.jpg
453979,Rakshadhikari Baiju (Oppu),2017-04-21,"A kind-hearted government employee in his forties, who spends most of his time with youngsters, selflessly intervenes in the problems of his near and dear ones.","['Comedy', 'Drama']","['village', 'cricket']","['Biju Menon', 'Aju Varghese', 'Deepak Parambol', 'Hareesh Perumanna', 'Hannah Reji Koshy']",['Ranjan Pramod'],"['Arjun TS', 'Ranjan Pramod', 'Ranjan Pramod']",['Malayalam'],[],7.3,20,0.3155,163,https://image.tmdb.org/t/p/w500/pDntfdsssDzn0jGYT9Z8oZfmNQD.jpg
904695,Sundari Gardens,2022-09-02,"Sundari Sara Mathews, popularly known as Suma, meets Victor, the school's new English teacher and falls for him. However, before expressing her feelings to him, another teacher, Lekha, asks him out and he accepts, leaving Suma heartbroken. While at a low point in her life after losing her mother and arguing with her brother, Suma is consumed by jealousy and plots to break up Lekha and Victor to have him to herself.",['Drama'],[],"['Aparna Balamurali', 'Neeraj Madhav', 'Binu Pappu', 'Jude Anthany Joseph', 'Vijayaraghavan']",['Charlie Davis'],['Charlie Davis'],['Malayalam'],"['Sony Liv', 'VI movies and tv']",7.4,7,0.2768,111,https://image.tmdb.org/t/p/w500/kt29FO3gSNZWS9jjHaRTky1I1o8.jpg
657997,Kaduva,2022-07-07,A young rubber farmer becomes bitter rivals with a high ranking police officer in Kottayam.,['Action'],[],"['Prithviraj Sukumaran', 'Vivek Oberoi', 'Alencier Ley Lopez', 'Baiju Santhosh', 'Samyuktha']",['Shaji Kailas'],['Jinu Abraham'],['Malayalam'],"['Amazon Prime Video', 'Amazon Prime Video with Ads']",5.0,17,0.2679,154,https://image.tmdb.org/t/p/w500/8hCGn1wVS7yMlF9vcq6poZtZlYE.jpg
990804,Pyali,2022-07-08,Story of two young siblings compassion for each other and how they overcome obstacles in life.,"['Family', 'Drama']",[],"['Barbie Sharma', 'George Jacob', 'Sreenivasan', 'Mamukkoya', 'Unni Mukundan']","['Babitha Mathew', 'Rinn']","['Rinn', 'Babitha Mathew']",['Malayalam'],"['Amazon Prime Video', 'Amazon Prime Video with Ads']",6.8,4,0.3258,116,https://image.tmdb.org/t/p/w500/xX6bEkUSuuFusTEvH4KdQ90iTV.jpg
450311,Daffedar,2016-10-21,"Daffadar is the story Ayyappan, a 65 years old honest, sincere, and compassionate security personnel (Daffadar) of the Collector for over 40 years. Evenafter his retirement he dresses as Daffadar and goes to the Collectorate every day",['Drama'],"['security', 'government official']","['Tini Tom', 'Malavika Nair', 'Sudheer Karamana', 'Indrans', 'Devan']",['Johnson Esthappan'],"['Johnson Esthappan', 'Johnson Esthappan']",['Malayalam'],"['Amazon Prime Video', 'Amazon Prime Video with Ads']",5.5,2,0.2554,153,https://image.tmdb.org/t/p/w500/iXQ37YxhMikGaJJ9nVggeKggxXy.jpg
488471,Kaly,2018-02-09,"Sameer, Bejoy, Aneesh, Shanu, Paul and Abu are the best of friends. They all wanted to dress up in branded outfits and look stylish in all manner. As they hail from a middle-class family, seldom do they afford the luxury brands. The hankering for luxury brands led them to steal dresses, shoes, and accessories. The turn of events starts when they broke into a villa and get stuck inside. How does this incident change the lives of these 6 friends and inmates of the villa is what the film is about.","['Action', 'Comedy', 'Thriller']",[],"['Shebin Benson', 'Shalu Rahim', 'Indian Pallassery', 'Aishwarya Suresh', 'Vidhya Vijayakumar']",['Najeem Koya'],"['Arouz Irfan', 'Najeem Koya']",['Malayalam'],[],6.8,5,0.3058,154,https://image.tmdb.org/t/p/w500/8XLl896KbHLYErrH4xzzgVgmOSg.jpg
1353032,Gangs of Sukumarakurup,2024-09-13,"Five men run a failing coffee shop in Trivandrum city. Due to the people around them, they get into trouble. This fun thriller is about how they get out of it.",['Thriller'],[],"['Rushin Shaji Kailas', 'Abu Salim', 'Johny Antony', 'Abin Bino', 'Sinoj Varghese']",['Shebi Chowghat'],"['Shebi Chowghat', 'V. R. Balagopal']",['Malayalam'],[],0.0,0,0.2661,117,
468012,Theeram,2017-07-21,"An ordinary young man, Ali, makes a living by riding an auto rickshaw in the night. One day, he meets a woman called Suhra and falls in love with her. He tries to woo her in various ways but something from his past crops up, haunting his present.","['Thriller', 'Romance']",[],"['Pranav Ratheesh', 'Maria John', 'Tini Tom', 'Sudhi Koppa', 'Nandan Unni']",['Saheed Arafath'],['Prinish Prabhakaran'],['Malayalam'],[],6.0,1,0.2505,109,https://image.tmdb.org/t/p/w500/jrkb8l3F5PzFMvTvM1p2MhletEV.jpg
969852,Swargathile Katturumbu,2024-06-21,"Jose, an educated farmer, cherishes his idyllic hillside village where he lives with family and beloved Ancy, surrounded by dear friends and community warmth.",['Drama'],[],"['Dhyan Sreenivasan', 'Gayathri Ashok', 'Joy Mathew', 'Nirmal Palazhi', 'Manohari Joy']",['Jespal Shamugham'],"['Shivankutty Vadayambadi', 'Viju Ramachandran']",['Malayalam'],[],1.0,1,0.3773,139,https://image.tmdb.org/t/p/w500/c60cwhXcHACYSvZW3hcoz0Lz0R0.jpg
1416439,Besty,2025-01-24,Revolves around a couple who are divorced due to misunderstandings and a friend who comes to assist them,"['Action', 'Comedy']",[],"['Ashkar Saudan', 'Sakshi Agarwal', 'Shaheen Siddique', 'Suresh Krishna', 'Jaffer Idukki']",['Shanu Samath'],"['Shanu Samath', 'Shanu Samath']",['Malayalam'],"['ManoramaMax', 'ManoramaMAX Amazon Channel']",3.0,1,0.3185,137,https://image.tmdb.org/t/p/w500/snJGLmr9gFKywii6BM4GrDeXwVd.jpg
449785,Kappiri Thuruthu,2016-12-09,"The story of the film goes through the time of H. Mehboob, who tell us the story of the slavers and Jews, who worked for the Dutch and Britishers who ruled over India. It tells us the songs of Cochin that go beyond caste, creed and nation.",['Drama'],[],"['Adil Ibrahim', 'Pearle Maaney', 'Siddique', 'Lal', 'Indrans']",['Saheer Ali'],"['Saheer Ali', 'Saheer Ali']",['Malayalam'],"['Amazon Prime Video', 'Amazon Prime Video with Ads']",0.0,0,0.4816,115,https://image.tmdb.org/t/p/w500/pvFJXPGsUEB3GUBShqC0Y17kdZZ.jpg
1249812,Checkmate,2024-08-09,"In a tangled web of power and love, the lives of a pharmaceutical company CEO, a failed Don, a grieving widower, and a shrewd lawyer intersect when a mysterious woman is kidnapped, sparking a chain of events in New York City's underbelly.","['Crime', 'Thriller']",[],"['Anoop Menon', 'Lal', 'Noel Ramos', 'Rekha Harindran', 'Swapneel Batra']",['Ratish Sekhar'],"['Ratish Sekhar', 'Ratish Sekhar']","['English', 'Malayalam', 'Tamil']",[],2.0,1,0.2591,125,https://image.tmdb.org/t/p/w500/2hUTyzhfB0CUo43p7udAqL7Rkh8.jpg
1023165,Sesham Mike-il Fathima,2023-11-17,The story revolves around Fathima and her inspiring journey of becoming a football commentator.,"['Comedy', 'Drama']",[],"['Kalyani Priyadarshan', 'Femina George', 'Thennal Abhilash', 'Vasudev Sajeesh Marar', 'Shaheen Siddique']",['Manu C Kumar'],['Manu C Kumar'],['Malayalam'],['Netflix'],5.2,6,0.3563,136,https://image.tmdb.org/t/p/w500/kos67D0OPLSZryrIanPF65MJTWI.jpg
465152,Gold Coins,2017-06-09,"Achu (Gopal) and Kichu (Vasudev), hailing from a hamlet in Kumarakom live by their dream of owning a geared bicycle. In their journey towards their dream, the boys gets separated in the city and face unseen challenges. Gold coins portrays the journey of these two young brothers through a test of human values, conviction and perseverance.","['Drama', 'Comedy']",[],"['Sunny Wayne', 'Meera Nandan', 'Vasudev', 'Gopal', 'Tessa Joseph']",['Pramod G Gopal'],['Pramod G Gopal'],['Malayalam'],[],0.0,0,0.2745,145,https://image.tmdb.org/t/p/w500/1ERCIBQRRjoSBdZ2yWUhRyc2iA.jpg
339873,Ellam Chettante Ishtam Pole,2015-01-22,Kuttiyettan (Manikandan Pattambi) who works in a bank writes letters to those in power to see to it that justice is served to the needy.  His wife allows him to do as he wishes and continues to be patient.,['Drama'],['feminism'],"['Manikandan Pattambi', 'Charulatha', 'P Sreekumar', 'Balachandran Chullikkadu', 'Sasi Kalinga']",['Haridas'],['Haneefa Ambadi'],['Malayalam'],[],0.0,0,0.2631,126,https://image.tmdb.org/t/p/w500/xxIdjxyRl1IUNntUOobbSxQwMtf.jpg
640337,Thelivu,2019-10-18,"Gauri accidentally kills a wealthy businessman to stop him from molesting a little girl. When his minions chase after her and her husband, they must hide until the proof to exonerate them is found.","['Crime', 'Drama']",[],"['Asha Sarath', 'Lal', 'Nedumudi Venu', 'Renji Panicker', 'Anil Nedumangad']",['Nishad M A'],"['Cheriyan Kalpakavadi', 'Cheriyan Kalpakavadi']",['Malayalam'],[],2.0,1,0.3321,102,https://image.tmdb.org/t/p/w500/eTIXvcE8oTkqgA0QRAV10hr0dRo.jpg
1418648,Off Road,2025-01-17,"Father Jomon, a church priest, becomes entangled in controversy after a woman`s tragic suicide and defamatory claims against him surface online. As slander spreads, his friends uncover a deeper conspiracy, embarking on a quest to reveal the truth.","['Drama', 'Thriller']",[],"['Sarath Kumar', 'Josekutty Jacob', 'Harikrishnan', 'Sanju Madhu', 'Rohit Menon']",['Shaji Stephan'],['Shaji Stephan'],['Malayalam'],[],0.0,0,0.3461,122,https://image.tmdb.org/t/p/w500/l5tvmJzJo86zR6Xyu28WhT27WrQ.jpg
618539,Maffi Dona,2019-07-26,"Vivek, a musician, and Malavika, his lover, live in Kochi. They strive to expose the rampant human trafficking and organ trade taking place in their city, but land in trouble.","['Crime', 'Drama']",[],"['Maqbool Salmaan', 'Jubil Rajan P Dev', 'Sreevidya Nair', 'Kiran Raj', 'Neena Kurup']",['Pauly Vadakkan'],"['Pauly Vadakkan', 'Pauly Vadakkan']",['Malayalam'],[],2.0,1,0.2903,109,https://image.tmdb.org/t/p/w500/fGo8Ou3fgIUTXH43x4YmaCWA5Ds.jpg
512391,Theevandi,2018-09-07,Theevandi is a political satire depicted through light humor where the protagonist Bineesh hardly knows a thing even about himself.,"['Comedy', 'Romance']","['politics', 'smoking']","['Tovino Thomas', 'Samyuktha', 'Suraj Venjaramoodu', 'Saiju Kurup', 'V. T. Vijilesh']",['Fellini T P'],['Vini Vishwa Lal'],['Malayalam'],"['Sun Nxt', 'VI movies and tv']",6.2,24,0.3794,144,https://image.tmdb.org/t/p/w500/jfmR01dDQOcvEtk5c92hYcUsNsH.jpg
1089230,Dance Party,2023-12-01,A man intends to marry his girlfriend but becomes entrenched in the drama of another young couple.,"['Comedy', 'Drama']",[],"['Vishnu Unnikrishnan', 'Sreenath Bhasi', 'Shine Tom Chacko', 'Prayaga Martin', 'Jude Anthany Joseph']",['Sohan Seenulal'],['Sohan Seenulal'],['Malayalam'],"['ManoramaMax', 'ManoramaMAX Amazon Channel']",1.0,1,0.305,118,https://image.tmdb.org/t/p/w500/o2jAuE3e8guEwqg5Bj0J10hJ9nt.jpg
527460,Kalippu,2019-05-10,Kalipp is film bound with the stories of 2 groups in choola colony. The film is about a group of youngsters act for the common people who were denied of justice. This film moves through all the injustice that happening in our society.,"['Action', 'Thriller']",[],"['Jeffin Johnson', 'Anas Sainudeen', 'Bala Singh', 'Kalasala Babu', 'Shobi Thilakan']",['Jessen Joseph'],['Jessen Joseph'],['Malayalam'],[],5.0,2,0.3124,130,https://image.tmdb.org/t/p/w500/qeU6J3TEMW6dCbj8uXO6os0FPoC.jpg
860394,Kotthu,2022-09-16,"Set in the rural socio-political environment of North Malabar, Kotthu follows two party workers Shanu and Sumesh and how certain party workers are honour-bound to their `acquired` political ideology of revenge killing.","['Drama', 'Thriller']",[],"['Asif Ali', 'Nikhila Vimal', 'Roshan Mathew', 'Sudev Nair', 'Suresh Krishna']",['Sibi Malayil'],['Hemanth Kumar'],['Malayalam'],[],3.8,4,0.2503,155,https://image.tmdb.org/t/p/w500/21PqmChUENnm0S02ItQ6kISlQR1.jpg
442622,Georgettan's Pooram,2017-04-01,"George Vadakkan is the quintessential prodigal son of a priest, who wished he followed the father’s path. His friends and George generally hang out at Mathayi Parambu, a public playground cum hangout space of the area. How the park plays a part in setting his life straight is the core of the pooram.","['Comedy', 'Drama']","['carefree', 'unemployed', 'kabaddi']","['Dileep', 'Sharafudheen', 'Rajisha Vijayan', 'Vinay Forrt', 'Renji Panicker']",['K. Biju'],"['K. Biju', 'Y. V. Rajesh']",['Malayalam'],"['Sun Nxt', 'VI movies and tv']",4.6,7,0.3551,156,https://image.tmdb.org/t/p/w500/1t5PNLVAx13p17OvulUH0Uf7XRS.jpg
1022986,ID : The Fake,2025-01-03,"Vinod's peaceful life is shattered when a morphed, compromising photo of his wife goes viral, forcing him to embark on a desperate mission to uncover and confront the culprit behind the malicious act.","['Thriller', 'Drama']",[],"['Dhyan Sreenivasan', 'Shalu Rahim', 'Kalabhavan Shajon', 'Divya Pillai', 'Boban Samuel']",['Arun Shivavilasam'],"['Arun Shivavilasam', 'Arun Shivavilasam']",['Malayalam'],[],5.0,2,0.3198,114,https://image.tmdb.org/t/p/w500/wBAsHpHSPD6N4XjinGbIAnJhXJL.jpg
371079,Jalam,2015-03-16,"Jalam is an upcoming Malayalam-language movie directed by M. Padmakumar starring Priyanka Nair in the lead role.This is an world's first charity movie, a CSR film by Aries Group directed by M. Padmakumar and produced by Sohan Roy",['Drama'],[],"['Priyanka Nair', 'Sethu Lakshmi', 'Prakash Bare', 'P Balachandran', 'Resmi Boban']",['Padmakumar M'],['T S Suresh Babu'],['Malayalam'],[],5.0,1,0.2342,0,https://image.tmdb.org/t/p/w500/5eMTTqZDMeqkCPJdW4s5U4NCMfA.jpg
1395534,Am Ah,2025-01-24,"When Stephen, a road construction supervisor, visits Kavantha, an enigmatic yet beautiful mountainside village, he uncovers a series of heartwarming events that reveal love in its purest form.",['Drama'],[],"['Dileesh Pothan', 'Jaffer Idukki', 'Maala Parvathi', 'Devadarshini', 'Meera Vasudevan']",['Thomas Sebastian'],['Kaviprasad Gopinath'],['Malayalam'],"['Amazon Prime Video', 'Sun Nxt', 'ManoramaMax', 'ManoramaMAX Amazon Channel', 'Amazon Prime Video with Ads']",2.7,3,0.2802,113,https://image.tmdb.org/t/p/w500/lsaplzFtU6dADWG9Sj2aneh2Ymx.jpg
991677,Vichithram,2022-10-14,Jasmine returns to her childhood home on her brother's death. Is the house now haunted by spirits or by living beings trapped by emotional bonds?,"['Mystery', 'Thriller', 'Crime']",[],"['Shine Tom Chacko', 'Kani Kusruti', 'Balu Varghese', 'Lal', 'Jolly Chirayath']",['Achu Vijayan'],['Nikhil Ravindran'],['Malayalam'],[],1.5,2,0.3301,138,https://image.tmdb.org/t/p/w500/7jrGACCKuD8b2ZawopGyaDMu9En.jpg
401309,Mumbai Taxi,2015-08-07,"The film is about how a set of officials try to deal with a bomb threat happens in a single day in the city of Mumbai. The movie revolves around a taxi driver in Mumbai. Badusha does the lead role of Bhagath, a taxi driver. Marina Michael Kurisingal does the female lead. She plays Nandhita, a passenger in the taxi driven by Bhagath. A thrilling story follows with the arrival of an anonymous message to the special office under Anti Terrorist Squad.",['Thriller'],"['taxi', 'police', 'taxi driver', 'mumbai (bombay), india', 'terrorism', 'bomb threat']","['Badusha Mohammed', 'Mareena Michael', 'Babu Jose', 'Riyaz Fazzan', 'Shivaji Guruvayoor']",['Fazil Basheer'],"['Jaison T John', 'Fazil Basheer', 'Fazil Basheer']",['Malayalam'],[],4.0,1,0.2545,104,https://image.tmdb.org/t/p/w500/1GiyGmM5Eh85FThwDYrCCl3K8xk.jpg
885262,Viral Sebi,2023-12-17,"'Viral Sebi' opens a window to the lives of a handful of diverse people, as they journey in the taxi of Sebi. His trip to drop a female passenger to the airport turns into an eventful journey that transcends borders and transforms lives.",['Drama'],[],"['Sudeep Koshi', 'Meera Hamed', 'Namitha Pramod', 'Sidhartha Siva', 'Joy Mathew']",['Vidhu Vincent'],"['Anand Haridas', 'Sajitha Madathil']",['Malayalam'],[],4.0,1,0.2564,105,https://image.tmdb.org/t/p/w500/vD0UJCiUb7foP5WHuYCLShxq04L.jpg
559683,Body Deep,2018-10-28,"Gulikan, born and brought up as a boy in a tribal settlement, has the body and soul of a girl. Dark skinned, fragile, introvert and vulnerable, he struggles to balance his life working as a coolie in the city. Displaced by drought, poverty and addiction, humiliated and abused in a racist society, his tribe is on the run. Udalaazham, the story of a tribal transgender, discusses how color of the skin, not the depth of one’s heart is an approved identity in a ruthless and cold blooded society.",['Drama'],[],"['Mani', 'Ramya Valsala', 'Anumol', 'Sajitha Madathil', 'Joy Mathew']",['Unnikrishnan Avala'],['Unnikrishnan Avala'],['Malayalam'],[],8.0,1,0.4574,119,https://image.tmdb.org/t/p/w500/x2nVfumzKnYPo8qQSmzdSndzOtK.jpg
495533,Melle,2017-10-20,"Uma, a young and bright student and her father, Job, an excellent musician living a happy and peaceful life together in Kolkata on the east bank of the Hugli River. However, Job, who is always yearning to go back to his homeland, finally returns as Uma agrees to go with him but little do both know that their life would turn upside-down as Uma finds upsetting and disturbing things about her father. She finds solace in an unlikely ally who not helps her mend the relationship with her father but also becomes her soulmate.","['Family', 'Romance', 'Drama']",[],"['Amith Chakalakkal', 'Thanuja Kartik', 'Joju George', 'Joy Mathew', 'P Balachandran']",['Binu Ulahannan'],['Binu Ulahannan'],"['Malayalam', 'Bengali']",[],7.0,1,0.3056,115,https://image.tmdb.org/t/p/w500/9yfymlVspjKb97arO38hl8eNTGX.jpg
440858,Oru Mexican Aparatha,2017-03-03,The student politics in a government college has for long revolved around the students' organisation KSQ. Subhash and Paul attempts to change the political scenario by launching a new movement called SFY based on their ideologies.,"['Action', 'Drama']","['friendship', 'political party', 'fight', 'politics', 'rebel', 'revolution', 'college', 'campus', 'friends', 'election', 'party flag']","['Tovino Thomas', 'Roopesh Peethambaran', 'Neeraj Madhav', 'Vishnu Govindan', 'Subeesh Sudhi']",['Tom Emmatty'],"['Tom Emmatty', 'Jude Anthany Joseph']",['Malayalam'],[],5.8,12,0.3768,143,https://image.tmdb.org/t/p/w500/xHZuihaQXTN6qulXoAd3c6a08Lf.jpg
1434550,Tree Roots Through Concrete,2025-02-15,"As Samay nears his thirtieth birthday, he and his girlfriend Meenakshi embark on a road trip to a tranquil hill spot on a Saturday afternoon. Between winding roads and quiet moments, their conversations unravel reflections on life’s twists and turns—career choices, societal expectations, relationships, and the delicate balance between personal aspirations and external pressures. A journey filled with warmth, scenic beauty, and unfiltered thoughts, Tree Roots Through Concrete captures the essence of love, change, and the pursuit of meaning.","['Drama', 'Romance']","['conversation', 'road trip', 'couple', 'turning thirty', 'hills', 'change career', 'car ride']","['Chinmay', 'Lakshmi Ambika Mukundan']",['Gopikrishna Raju'],['Gopikrishna Raju'],"['English', 'Malayalam']",[],10.0,1,0.389,19,https://image.tmdb.org/t/p/w500/AdthUxQ2Ulc60HK6ZodT2wBUVF6.jpg
911326,Pakalum Paathiravum,2023-03-03,"Michael, a wildlife photographer travelling to Mysore, stops at a farmer's house for the night when his bike breaks down. What happens when Mercy, the farmer's daughter, finds a gun in Michael's bag?","['Action', 'Thriller']",[],"['Kunchacko Boban', 'Rajisha Vijayan', 'Manoj K U', 'Seetha', 'Guru Somasundaram']",['Ajai Vasudev'],"['Nishad K.Koya', 'Dayal Padmanabhan']",['Malayalam'],"['Zee5', 'VI movies and tv']",3.6,5,0.274,120,https://image.tmdb.org/t/p/w500/siuB01WPTW7f8Vb3TAd32QP8hHO.jpg
553095,Aickarakkonathe Bhishaguaranmaar,2018-10-05,"A traditional physician wishes his children to be doctors of modern medicine, but they turn to Ayurveda, homeopathy and nursing. The film is about these physicians of Aikkarakkonam and how their medical practices impact the lives of the village.",['Drama'],[],"['Vipin Mangalashery', 'Shivaji Guruvayoor', 'Jaffer Idukki', 'Sunil Sukhada', 'Seema G Nair']",['Biju Majeed'],[],['Malayalam'],"['Amazon Prime Video', 'Amazon Prime Video with Ads']",0.0,0,0.2701,144,https://image.tmdb.org/t/p/w500/9wkrSstQaHs3fGDPFlH43EnHTL2.jpg
658275,Sullu,2019-11-22,"Jithu, a carefree young boy, gets trapped in a wardrobe in his uncle's house. During his confinement, he is forced to reflect on his past experiences and the things he took for granted.",['Drama'],[],"['Vasudev Sajeesh Marar', 'Anumol', 'Vijay Babu', 'Vinod Thomas', 'Kichu Tellus']",['Vishnu Bharadwaj'],"['Vishnu Bharadwaj', 'Vishnu Bharadwaj']",['Malayalam'],"['Amazon Prime Video', 'Amazon Prime Video with Ads']",3.7,3,0.2232,104,https://image.tmdb.org/t/p/w500/odfW1ZNoRRam6M1VGbLtk6zVnM9.jpg
866434,Kaanekkaane,2021-09-17,"Paul’s daughter Sherin is no more and her husband Allen has remarried. When he visits the new couple, who is also taking care of his grandson, a few doubts pop up in his mind, regarding his daughter’s death.","['Drama', 'Thriller']",[],"['Tovino Thomas', 'Aishwarya Lekshmi', 'Suraj Venjaramoodu', 'Shruti Ramachandran', 'Prem Prakash']",['Manu Ashokan'],"['Bobby', 'Sanjay']",['Malayalam'],['Sony Liv'],7.267,15,0.273,120,https://image.tmdb.org/t/p/w500/ydDJXheYFhCMFfQGnnicj3QJ8Yw.jpg
458642,Mohanlal,2018-04-14,"Meenukutty is an ardent Mohanlal fan, whereas her husband, Sethumadhavan, struggles with the usual family life due to Meenukutty's celebrity worship syndrome.","['Comedy', 'Drama']",[],"['Manju Warrier', 'Indrajith Sukumaran', 'Aju Varghese', 'Salim Kumar', 'Soubin Shahir']",['Sajid Yahiya'],"['Suneesh Varanaad', 'Sajid Yahiya']",['Malayalam'],['Zee5'],3.0,6,0.2575,165,https://image.tmdb.org/t/p/w500/ch2SDxd53QeBYk2y2QIl5E6Zn8o.jpg
982127,Adrishya Jalakangal,2023-11-24,‘Adrishya Jalakangal’ is said to be an unabashed depiction of what war and its consequences truly look like. “Adrishya Jalakangal is an attempt to look at the social menace of war from a common man’s point of view and be a strong artistic signature against war,"['Thriller', 'Drama']",[],"['Tovino Thomas', 'Nimisha Sajayan', 'Indrans', 'Krishnan Balakrishnan']",['Bijukumar Damodaran'],['Bijukumar Damodaran'],['Malayalam'],['Netflix'],5.2,5,0.2257,127,https://image.tmdb.org/t/p/w500/akuJbauxAndSZ4Un1zITXNhmpdA.jpg
624582,Love Action Drama,2019-09-06,"Dineshan is in love with Shoba, but she insists he give up smoking and drinking before marriage. It’s easier said than done, but will love triumph?",['Comedy'],[],"['Nivin Pauly', 'Nayanthara', 'Durga Krishna', 'Aju Varghese', 'Basil Joseph']",['Dhyan Sreenivasan'],"['Dhyan Sreenivasan', 'Dhyan Sreenivasan']",['Malayalam'],['JioHotstar'],6.1,24,0.3074,142,https://image.tmdb.org/t/p/w500/mVqV88crk9evENJB0DeVQzIL94v.jpg
612146,Kakshi: Amminippilla,2019-06-28,O.P.160/18 Kakshi: Amminippilla is an unusual court drama happening in Thalassery. This realistic court drama unveils interesting case from different layers with humor and emotions.,"['Drama', 'Comedy']",[],"['Asif Ali', 'Ahmed Sidhique', 'Basil Joseph', 'Fara Shibla', 'Aswathy Manoharan']",['Dinjith Ayyathan'],['Sanilesh Shivan'],['Malayalam'],['Sun Nxt'],5.9,10,0.2219,135,https://image.tmdb.org/t/p/w500/8u7roXOZ8HLCstKpfhb62VKKhQZ.jpg
1099128,Pappachan Olivilaanu,2023-09-14,Pappachan is a truck driver who struggles to uphold his father Meesha Mathachan's legacy while continuously looking for approval from others.,"['Family', 'Comedy', 'Drama']",[],"['Saiju Kurup', 'Johny Antony', 'Darsana Sudarshan', 'Kottayam Nazeer', 'Jolly Chirayath']",['Sinto Sunny'],['Sinto Sunny'],['Malayalam'],"['Amazon Prime Video', 'Amazon Prime Video with Ads']",5.8,4,0.3848,134,https://image.tmdb.org/t/p/w500/iI5hIwhCnN87fbQlaAW2u3IcGtn.jpg
1292905,Ramuvinte Manaivikal,2024-07-12,"Ramuvinte Manaivikal is a Malayalam and Tamil film about Malli, an Adivasi girl who dreams of becoming a doctor. She marries Ramu who supports her dreams, but their life takes an unconventional turn when Malli meets a new person at Ramu's home. The movie explores themes of love, societal norms, and a young woman's pursuit of education. Directed by Suthish Subramaniam, the film promises beautiful visuals and a thought-provoking story.","['Drama', 'Mystery', 'Thriller']",['malayalam'],"['Balu Sreedhar', 'Athira', 'Sruthi Ponnu', 'Premakumari', 'Beena']",['Suthish Subramanyam'],['Suthish Subramanyam'],['Malayalam'],[],0.0,0,0.2597,116,https://image.tmdb.org/t/p/w500/gO6yQn0hcCVBsjx6lrgMLJoNJUG.jpg
401947,School Bus,2016-05-27,A couple's life becomes complicated when people get involved with their troublesome son.,"['Drama', 'Thriller']","['escape', 'businessman', 'forest', 'family', 'missing person', 'parents', 'school bus', 'trouble at school']","['Kunchacko Boban', 'Jayasurya', 'Aparna Gopinath', 'Aakash Muraleedharan', 'Angelina Roshan']",['Rosshan Andrrews'],"['Sanjay', 'Bobby']",['Malayalam'],[],6.0,6,0.2323,118,https://image.tmdb.org/t/p/w500/nXzD1wGJaSfjCfJ5OSVJUhPnEiB.jpg
889567,Erida,2021-10-28,A femme fatale and her much older husband have a windfall at a game of poker. But the gambling doesn't end at the cards table.,['Thriller'],[],"['Samyuktha', 'Kishore', 'Nassar', 'Dharmajan Bolgatty', 'Hareesh Peradi']",['V. K. Prakash'],['Y. V. Rajesh'],['Malayalam'],[],1.5,2,0.3444,124,https://image.tmdb.org/t/p/w500/j8RnVhsZ8utb1tIjGSLi0JZljVA.jpg
466962,Kolumittayi,2016-11-04,Unni and his friends move to the 6th grade after the new academic year begins. He loves his school life mainly because of his crush Riya and feels threatened by the newcomer in his class - Roney. Soon they lock horns and are in competition.,"['Drama', 'Comedy']",['school'],"['Gourav Menon', 'Aakash Santhosh', 'Meenakshi Anoop', 'Saiju Kurup', 'Krishna Prabha']",['Arun Viswam'],"['Arun Viswam', 'Abijith Asokan']",['Malayalam'],['Sun Nxt'],4.0,2,0.2159,121,https://image.tmdb.org/t/p/w500/7NuGbOdvcAE6Pky22fFIueavIEw.jpg
532220,Ashiq Vanna Divasam,2018-06-15,"Posted in Afghanistan, Ashiq's father, Maash, and wife Shiny await his return to his village in Kerala. Wanting to surprise his son, Maash starts building him a new house but soon his excitement turns into fear when a terrorist activity breaks out in Afghanistan.",['Drama'],[],"['Priyamani', 'Nasser Latif', 'Kalasala Babu', 'Ambika Mohan', 'Ansar Kalabhavan']",['Krish Kymal'],[],['Malayalam'],[],0.0,0,0.2974,127,https://image.tmdb.org/t/p/w500/sbPA6sMbrvwWzDg7giGxpoFl9sE.jpg
457479,Vedham,2017-05-12,A young college student reluctantly goes on a pilgrimage to Sabarimala on the insistence of his parents.,"['Family', 'Romance']",[],"['Sanjay Menon', 'Siddique', 'Jagadish', 'Rekha', 'Saniya Iyyappan']",['Prasad Yadav'],['Sajeev Vasan'],['Malayalam'],[],0.0,0,0.2933,112,https://image.tmdb.org/t/p/w500/doIPK7KpqdOCvsKWnD7pVWUKjbX.jpg
1078495,Virunnu,2024-08-29,"Six months after the suicide of businessman John Kalathil, his wife Elizabeth meets a tragic accident. On her deathbed, she tasks an auto driver to pass a secret to Comrade Balettan.","['Drama', 'Thriller']",[],"['Arjun Sarja', 'Mukesh', 'Hareesh Peradi', 'Nikki Galrani', 'Sona Nair']",['Kannan Thamarakkulam'],['Dinesh Pallath'],"['Malayalam', 'Tamil']","['ManoramaMax', 'VI movies and tv', 'ManoramaMAX Amazon Channel']",2.0,1,0.3357,124,https://image.tmdb.org/t/p/w500/hr1FeIHdB5NbdRFjYuYO7lAhH6x.jpg
549521,Mangalyam Thanthunanena,2018-09-20,A newly-wed couple who find themselves in a tight spot after husband loses his job in Dubai. Will he manage to get his act together and deal with the crisis on his own?,"['Comedy', 'Drama']",['woman director'],"['Kunchacko Boban', 'Nimisha Sajayan', 'Hareesh Perumanna', 'Soubin Shahir', 'Salim Kumar']",['Soumya Sadanandan'],['Tony Madathil'],['Malayalam'],['Zee5'],5.0,4,0.2855,138,https://image.tmdb.org/t/p/w500/4iYYMomqagRSTFk6E1AZcUbRBRy.jpg
545668,Oru Kuttanadan Blog,2018-09-14,"Sudhi is writing a blog titled Oru Kuttanadan Blog, based on the serene beauty of a village Kuttanad. The blog largely revolves around Hari, who is an idol to the youth.","['Comedy', 'Drama']",[],"['Mammootty', 'Raai Laxmi', 'Poorna', 'Nedumudi Venu', 'Anu Sithara']",['Sethu'],['Sethu'],['Malayalam'],"['Sun Nxt', 'VI movies and tv']",3.15,9,0.3581,137,https://image.tmdb.org/t/p/w500/5P6iylkBl0673JV6cVsuEPcI0lZ.jpg
456675,Sukhamayirikkatte,2016-02-05,"Ravunni Mash is an affable person. He is so concerned about his daughter Sreelakshmi. But when Sreelakshmi grows up, his dreams are shattered. Movie deals with the issues that arise in the lives of people due to different religious beliefs.",['Drama'],[],"['Vineeth Radhakrishnan', 'Siddique', 'Archana Kavi', 'Muktha George', 'Anjali Aneesh Upasana']",['Reji Prabhakaran'],"['T. A. Razzaq', 'Reji Prabhakaran']",['Malayalam'],[],6.0,1,0.2495,130,https://image.tmdb.org/t/p/w500/jnZsRPeX788n81nvGLHjm9qxSoD.jpg
541197,Iblis,2018-08-03,"Vaisakhan is nothing less than smitten by Fida, and all he can think of is how to make her his own. The only person who can help him in this endeavour is his bohemian grandfather.","['Comedy', 'Fantasy', 'Romance']",[],"['Asif Ali', 'Madonna Sebastian', 'Lal', 'Adhish Praveen', 'Siddique']",['Rohith VS'],"['Rohith VS', 'Sameer Abdul']",['Malayalam'],[],6.25,8,0.3198,120,https://image.tmdb.org/t/p/w500/jvFAA1cVGrx0IRpU20ufMOQwchu.jpg
613249,Evidey,2019-07-04,"Symphony Zachariah, a musician, has gone missing. His unaccounted disappearance raises questions till letters in his name start showing up addressed to his wife. But the letters raise suspicion and his wife Jessy sets out to find answers.","['Mystery', 'Drama', 'Thriller']",['missing person'],"['Manoj K Jayan', 'Asha Sarath', 'Baiju Santhosh', 'Shebin Benson', 'Shivaji Guruvayoor']",['K. K. Rajeev'],"['Bobby', 'Bobby', 'Sanjay', 'Sanjay']",['Malayalam'],[],5.0,2,0.2567,122,https://image.tmdb.org/t/p/w500/wDgqPsRkkm7jjxEaXna8JclX31d.jpg
617693,Shibu,2019-07-19,"An extraordinary journey of a small town boy, Shibu who aspires to be a film-maker. While working on his career path, he meets a girl, Kalyani, who supports his dreams. What follows is how their aspirations bring them together.","['Romance', 'Comedy']",[],"['Karthik Ramakrishnan', 'Anju Kurian', 'Salim Kumar', 'Kochu Preman', 'Vinod Kovoor']","['Arjun Prabhakaran', 'Gokul Ramakrishnan']","['Arjun Prabhakaran', 'Gokul Ramakrishnan']",['Malayalam'],"['Amazon Prime Video', 'Amazon Prime Video with Ads']",3.0,1,0.3803,122,https://image.tmdb.org/t/p/w500/qtbnjYoO3vpmHsaiInwx842twqV.jpg
459952,Captain,2018-02-16,"V P Sathyan, a professional Indian footballer, goes through various ups and downs in his career as he strives hard to fulfil his ambitions.",['Drama'],"['sports', 'biography']","['Jayasurya', 'Anu Sithara', 'Siddique', 'Renji Panicker', 'Deepak Parambol']",['Prajesh Sen'],['Prajesh Sen'],['Malayalam'],[],6.786,14,0.2174,144,https://image.tmdb.org/t/p/w500/sJPvD63nFcPktfomGdjvqsmjSU8.jpg
350549,Love 24x7,2015-07-18,"A love story set in the backdrop of media. The movie is written and directed by debutante Sreebala K Menon. Dileep plays Rupesh Nambiar, who works in a news channel. Nikhila Pavithran plays the female lead. She does the role of news reader Kabani. Sreenivasan plays the channel editor Ummer Abdulla. The movie showcases many interesting facts about media.","['Romance', 'Drama']",['woman director'],"['Dileep', 'Nikhila Vimal', 'Suhasini Maniratnam', 'Sashi Kumar', 'Sreenivasan']",['Sreebala K Menon'],['Sreebala K Menon'],"['English', 'Malayalam']",[],6.5,5,0.3067,137,https://image.tmdb.org/t/p/w500/euYL16nFBgJ3nMlpb3y6yUZyXrQ.jpg
873992,Saudi Vellakka,2022-12-02,"Abhilash Sasidharan receives a summons warrant to appear in court for a case from his childhood. Desperate to learn the truth, he finds a small conflict snowballed into a larger one that changed the lives of everyone involved",['Drama'],[],"['Lukman Avaran', 'Binu Pappu', 'Devi Varma', 'Dhanya Ananya', 'Gokulan']",['Tharun Moorthy'],['Tharun Moorthy'],['Malayalam'],['Sony Liv'],7.5,14,0.3188,146,https://image.tmdb.org/t/p/w500/8weODzUVpgcjS3QeFkNRqzg37Bt.jpg
495573,Chembarathipoo,2017-11-24,"Vinod, a young guy who is nursing a broken heart after a failed first love is helped by his friends to recover from to despair, only for Vinod to fall head over heels in love with another girl. The movie showcases, Vinod's romantic relationships and the subsequent events spanning over three stages of his life.","['Comedy', 'Romance']",[],"['Askar Ali', 'Parvathy Arun', 'Aditi Ravi', 'Sunil Sukhada', 'Aju Varghese']",['Arun Vaiga'],['Arun Vaiga'],['Malayalam'],[],0.0,0,0.216,148,https://image.tmdb.org/t/p/w500/5cquRnIIiahbX3EEA4IhT5Z1j6G.jpg
471754,Punyalan Private Limited,2017-11-17,A budding entrepreneur fights social injustice in his bid to establish his new business.,['Comedy'],"['politician', 'business', 'debate', 'tv reporter']","['Jayasurya', 'Vijayaraghavan', 'Sreejith Ravi', 'Dharmajan Bolgatty', 'Gokulan']",['Ranjith Sankar'],['Ranjith Sankar'],['Malayalam'],"['Sun Nxt', 'VI movies and tv']",6.6,12,0.2588,128,https://image.tmdb.org/t/p/w500/dOMWaerl9O1SqkgGeANg0z1vO4r.jpg
616745,Vakathirivu,2019-06-21,"A rebellious and spoiled engineering student named Vivek falls into a cycle of bad company and poor choices, leading him down a destructive path.","['Family', 'Drama']","['friendship', 'family', 'young man', 'malayalam']","['Mohammed Althaf', 'Kailash', 'Lalu Alex', 'Joy Mathew', 'Jaffer Idukki']",['K.K Muhammedali'],"['K.K Muhammedali', 'K.K Muhammedali']",['Malayalam'],[],0.0,1,0.223,122,https://image.tmdb.org/t/p/w500/s1DKlD6BIpfRzoH8aKq4eXOofaa.jpg
519346,Panchavarnathatha,2018-04-14,The story of a bird charmer as he goes on to influence the lives of people while witnessing a change in his own.,"['Comedy', 'Drama']","['parrot', 'politician', 'theft', 'homeless', 'circus animal']","['Jayaram', 'Kunchacko Boban', 'Anusree Nair', 'Mallika Sukumaran', 'Dharmajan Bolgatty']",['Ramesh Pisharody'],"['Hari P Nair', 'Ramesh Pisharody']","['Tamil', 'Malayalam']","['ManoramaMax', 'ManoramaMAX Amazon Channel']",6.1,9,0.3274,147,https://image.tmdb.org/t/p/w500/74st7sFPmiubT5j18xdVkELWoTX.jpg
503943,Kadha Paranja Kadha,2018-02-09,"Ebi, an architect from Dubai, comes to India in search of Jennifer, a blogger, and a storyteller. Whilst in India, Ebi joins Jennifer in her pursuit to help Arun, a violinist, who is going through a crisis. The two embark on a journey along with the stories from Jennifer's blog as they try to bring Arun back to life.",['Drama'],['blogger'],"['Siddharth Menon', 'Tharushi', 'Shaheen Siddique', 'Renji Panicker', 'Praveena']",['Siju Jawahar'],['Siju Jawahar'],['Malayalam'],"['ManoramaMax', 'ManoramaMAX Amazon Channel']",6.0,1,0.3302,134,https://image.tmdb.org/t/p/w500/50gVoHGXH2LbLzHxqXmlxKKhqaz.jpg
361498,Life of Josutty,2015-09-24,"Life of Josutty narrates the story of the struggles and life lessons learned by Josutty(Dileep), a simple farmer living in a village in Kerala who migrates to New Zeland after marriage.",['Drama'],"['infidelity', 'parent child relationship', 'language barrier', 'new zealand', 'marriage', 'tragic love', 'best friend', 'relationship']","['Dileep', 'Hareesh Peradi', 'Jyothi Krishna', 'Renjini Rupesh', 'Noby Marcose']",['Jeethu Joseph'],"['Rajesh Varma', 'Jayalal Menon']",['Malayalam'],"['Sun Nxt', 'VI movies and tv']",6.1,16,0.2607,166,https://image.tmdb.org/t/p/w500/ebOw0cQUMOiNR52uDx62rebOv4R.jpg
572455,Sakalakalashala,2019-01-25,"Akbar studies in an engineering college and is a brilliant student. He makes everyone proud when he wins the first prize in a tech fest. However, things take a turn when one of his technical innovation backfires and leaves him into serious trouble. Will Akbar be able to overcome this problem?","['Comedy', 'Romance']",[],"['Niranjan', 'Manasa Radhakrishnan', 'Jacob Gregory', 'Dharmajan Bolgatty', 'Hareesh Perumanna']",['Vinod Guruvayoor'],"['Jayaraj Century', 'Murali Guinness']",['Malayalam'],"['ManoramaMax', 'ManoramaMAX Amazon Channel']",2.5,2,0.2642,132,https://image.tmdb.org/t/p/w500/sFYvavr8iKLZ1zoxryLuUk8kuxA.jpg
1103593,Footage,2024-08-23,A video blogging couple investigate a woman's strange behaviour and find themselves in grave danger.,['Thriller'],"['found footage', 'vlogger', 'mysterious disappearance']","['Manju Warrier', 'Vishak Nair', 'Gayathri Ashok', 'Kiran Peethambaran', 'Bhanumathi Payyanur']",['Saiju Sreedharan'],"['Shabna Mohammed', 'Saiju Sreedharan']",['Malayalam'],[],3.4,5,0.3031,124,https://image.tmdb.org/t/p/w500/vleGjacXbZzgRJJdSXNpONYSU7n.jpg
1294665,Pattaapakal,2024-06-28,"A string of incidents intertwines two friends, a minister, a gangster, and four small-time criminals.","['Comedy', 'Music']",[],"['Krishna Shankar', 'Ashika Ashokan', 'Sudhi Koppa', 'Kichu Tellus', 'Johny Antony']",['Saajir Sadaf'],['P. S. Arjun'],['Malayalam'],"['Amazon Prime Video', 'Amazon Prime Video with Ads']",2.0,2,0.2554,104,https://image.tmdb.org/t/p/w500/l5WeV5m1OInQDdyqsgkdkuJjQQs.jpg
1022952,Pallotty 90's Kids,2024-10-25,"Set in the 1990s, Pallotty 90’s Kids is a nostalgic coming-of-age drama that follows the deep friendship of two village boys, Kannan and unni, whose love for simple childhood games defines their world. Their bond reflects the innocence, struggles, and beauty of growing up in Kerala during the 90s, while showing how such friendships leave a lasting mark even into adulthood.",['Drama'],[],"['Arjun Ashokan', 'Balu Varghese', 'Saiju Kurup', 'Sudhi Koppa', 'Dinesh Prabhakar']",['Jithin Raj'],"['Jithin Raj', 'Deepak Vasan']",['Malayalam'],"['Amazon Prime Video', 'ManoramaMax', 'ManoramaMAX Amazon Channel', 'Amazon Prime Video with Ads']",5.5,2,0.244,126,https://image.tmdb.org/t/p/w500/cWtkYn1GLQ3ElPmozhlMLKFaqSU.jpg
618479,Chila NewGen Nattuvisheshangal,2019-07-26,"Vinayan, an orphan, has had a trail of unsuccessful business ventures to his ""credit"". And stands in the way of his marriage to his sweetheart, Meenakshi. When a legal, yet unethical opportunity comes calling he finds it testing his love and resolve.",['Comedy'],[],"['Akhil Prabhakar', 'Sivakami Anantha Narayan', 'Suraj Venjaramoodu', 'Hareesh Perumanna', 'Nedumudi Venu']",['East Coast Vijayan'],"['S.L Puram Jayasurya', 'S.L Puram Jayasurya']",['Malayalam'],[],3.0,1,0.285,128,https://image.tmdb.org/t/p/w500/pz1H1ZHjBGT2X4GPIF69bYzVJpR.jpg
579681,Allu Ramendran,2019-02-01,Policeman Ramendran is on a quest to find the one who has forced the nickname ‘Allu’ on him.,"['Comedy', 'Drama']",[],"['Kunchacko Boban', 'Chandini Sreedharan', 'Krishna Shankar', 'Aparna Balamurali', 'Salim Kumar']",['Bilahari K. Raj'],"['Girish A. D.', 'Sajin Cherukayil', 'Vineeth Vasudevan']",['Malayalam'],['Zee5'],6.0,11,0.3483,135,https://image.tmdb.org/t/p/w500/nwfCEml3EPI1Kqj1Bctmm0WNwTF.jpg
412684,Ghost Villa,2016-06-03,"Businessman Ravuthar, who owns a haunted bungalow, tries several ways to exorcise the ghosts in the bungalow. With Ravuthar's permission, a young man named Anand sets his mind on defeating the invisible power in the bungalow.",['Horror'],"['villa', 'businessman', 'ghost', 'bungalow']","['John Jacob', 'Jayan Cherthala', 'Parvathy Nambiar', 'Rajmohan Unnithan', 'Kochu Preman']",['Mahesh Kesav'],[],['Malayalam'],[],3.0,1,0.417,99,https://image.tmdb.org/t/p/w500/94UYKmAWU8aY1KKBMd8GURFpIlE.jpg
1305591,Dheeran,2025-07-04,"When news of Eldhose's death, a man once adored by the locals, reaches his village, his uncles embark on a chaotic trip in an ambulance to bring his body back home.","['Comedy', 'Drama']",[],"['Rajesh Madhavan', 'Shabareesh Varma', 'Jagadish', 'Abhiram Radhakrishnan', 'Manoj K Jayan']",['Devadath Shaji'],['Devadath Shaji'],['Malayalam'],"['Amazon Prime Video', 'Sun Nxt', 'ManoramaMax', 'ManoramaMAX Amazon Channel', 'Amazon Prime Video with Ads']",5.8,3,0.4904,135,https://image.tmdb.org/t/p/w500/sLSAsxbAepsyM9I2opC3CPrkuUR.jpg
408633,White,2016-07-29,"'White' revolves around a banker who is in his 40's and is a widower. He leads a luxurious lifestyle, and in the course, he falls in love with an IT professional in her 20s.","['Drama', 'Romance']","['banker', 'england']","['Mammootty', 'Huma Qureshi', 'Siddique', 'Sona Nair', 'Sunil Sukhada']",['Uday Ananthan'],['Uday Ananthan'],"['English', 'Malayalam']",['Eros Now Select Apple TV Channel'],3.7,3,0.2727,120,https://image.tmdb.org/t/p/w500/rI6k3X5QoTxRCwtuCKvL7p0Pzcc.jpg
1065913,Purusha Pretham,2023-03-24,"Purusha Pretham, focuses on Inspector Sebastian as he handles an unidentified male body and becomes entangled in a procedural, personal and emotional maze. Somewhere between his personal troubles and procedural flaws, all hell breaks loose when he misplaces the corpse. Will Sebastian be able to sort out the mess before the deceased man's family arrives to identify him?","['Comedy', 'Crime', 'Drama']",[],"['Prasanth Alexander', 'Jagadish', 'Darshana Rajendran', 'Devaki Rajendran', 'James Eliya']",['Krishand'],"['Manu Thodupuzha', 'Ajith Haridas']",['Malayalam'],"['Sony Liv', 'VI movies and tv']",6.8,16,0.3233,152,https://image.tmdb.org/t/p/w500/vRcYxEyWqVFKpH8HwP4EXRAhNHx.jpg
633527,Pranaya Meenukalude Kadal,2019-10-04,"Ajmal, who is a part of the group of people who come together to repair a large boat, falls in love with the boat owner's granddaughter, Jasmine. Things take a turn when a family member finds out the love story.","['Drama', 'Romance']",[],"['Gabri Jose', 'Riddhi Kumar', 'Sreedhanya Thekkedath', 'Dileesh Pothan', 'Vinayakan']",['Kamal'],"['Kamal', 'John Paul']",['Malayalam'],"['ManoramaMax', 'ManoramaMAX Amazon Channel']",2.0,2,0.3087,135,https://image.tmdb.org/t/p/w500/rhXJCGOihd2hTor48ex6ruOJPLP.jpg
963353,Naalam Mura,2022-12-23,"Jayesh, an expatriate, is picked up by a bunch of crime-branch officers as soon as he lands at the airport. They take him to an isolated facility to interrogate him for a murder case that has not been solved for years now. Is Jayesh the culprit or are the cops trying to pin the murder on him?","['Drama', 'Thriller']",[],"['Biju Menon', 'Guru Somasundaram', 'Divya Pillai', 'Shanthi Krishna', 'Alencier Ley Lopez']",['Deepu Anthikkad'],['Sooraj V Dev'],['Malayalam'],['ManoramaMax'],4.5,4,0.3428,108,https://image.tmdb.org/t/p/w500/p6vcJLB9GmSEzPeHpND79hrRwlu.jpg
741359,Thattassery Koottam,2022-11-11,"Hailing from a traditional goldsmith family, Sanju falls in love with Athira. A series of unfortunate events lead to his unpredictable changes.","['Comedy', 'Drama']",[],"['Arjun Ashokan', 'Ganapathi S. Poduval', 'Appu', 'Unni Rajan P Dev', 'Aneesh Gopal']",['Anoop Padmanabhan'],['Santhosh Echikkanam'],['Malayalam'],[],4.5,2,0.2682,121,https://image.tmdb.org/t/p/w500/d0ZiGB4mB8LzflgZWqzlu1FWrdL.jpg
564689,Pretham 2,2018-12-21,Five strangers who met online decide to shoot a short film in an old mansion but instead experience paranormal activity during their activities.,"['Horror', 'Comedy']",['ghost'],"['Jayasurya', 'Sidhartha Siva', 'Amith Chakalakkal', 'Saniya Iyyappan', 'Dain Davis']",['Ranjith Sankar'],['Ranjith Sankar'],['Malayalam'],"['Sun Nxt', 'VI movies and tv']",4.5,10,0.3185,132,https://image.tmdb.org/t/p/w500/odvJhAGpHhZIooaWehHjFFTgV66.jpg
1189663,Idiyan Chandhu,2024-07-19,"After a toxic childhood under an abusive father. Chandhu became an extremely violent person. But after a point, his aggressive ways become a headache for his family, and he decides to stay away from any sort of violence to keep a promise to his mother. But will that promise hold?","['Action', 'Drama']",['musical'],"['Vishnu Unnikrishnan', 'Lenaa', 'Sminu Sijo', 'Ramesh Pisharody', 'Vidhya Vijayakumar']",['Sreejith Vijayan'],['Sreejith Vijayan'],['Malayalam'],"['Amazon Prime Video', 'Amazon Prime Video with Ads']",3.3,3,0.2832,120,https://image.tmdb.org/t/p/w500/bVEZFNPZ3yeyu8xD2yryj7dePG1.jpg
938551,Somante Krithavu,2023-10-06,Soman who takes charge as the village agriculture officer. His naturalist way of living often makes him a laughingstock in the village. He is often at loggerheads with the panchayat president for his forthright and honest personality.,['Comedy'],[],"['Vinay Forrt', 'Fara Shibla', 'Seema G Nair', 'Jayan Cherthala', 'Bipin Chandran']",['Rohith Narayanan'],['Ranjith K Haridas'],['Malayalam'],"['Amazon Prime Video', 'Amazon Prime Video with Ads']",5.2,4,0.209,121,https://image.tmdb.org/t/p/w500/tPF7kbtBmxCkzpzILWpd6dChtoN.jpg
950070,Ntikkakkakkoru Premondarnn,2023-02-24,"Story of estranged teenage lovers, Jimmy and Nithya. Set in the backdrop of the coastal region, Jimmy belongs to a middle-class muslim family while Nithya is a Hindu girl. They meet years later.","['Romance', 'Comedy']",[],"['Bhavana', 'Sharafudheen', 'Anarkali Nazar', 'Shebin Benson', 'Adhri Joe']",['Adhil Maimoonath Asharaf'],"['Vivek Bharathan', 'Adhil Maimoonath Asharaf']",['Malayalam'],[],4.7,3,0.2246,125,https://image.tmdb.org/t/p/w500/2wwxTPtTYo0lTvBVe0ElLvu9VwW.jpg
563705,Vallikudilile Vellakkaran,2018-11-09,Vallikudilile Vellakkaran is a Malayalam movie starring Balu Varghese and Renji Panicker in prominent roles. It is a comedy drama directed by Mr.Duglus Alfred.,"['Comedy', 'Drama']",[],"['Ganapathi S. Poduval', 'Lal', 'Balu Varghese', 'Alphy Panjikaran', 'Thanuja Kartik']",['Duglus Alfred'],"['Jose John', 'Jijo Justin']",['Malayalam'],"['Amazon Prime Video', 'Amazon Prime Video with Ads']",4.7,3,0.3134,108,https://image.tmdb.org/t/p/w500/tB8h84PS4scMGIWu0NTZ0SL4HzV.jpg
507049,Kala Viplavam Pranayam,2018-02-24,Is a coming of age love story that follows the lives of four school friends who are trying to figure out their interests and options after school.,"['Action', 'Romance', 'Drama']",['college'],"['Anson Paul', 'Gayathri Suresh', 'Saiju Kurup', 'Niranjana Anoop', 'Santhosh Keezhattoor']",['Jithin Jithu'],['Aashiq Akbar Ali'],['Malayalam'],[],0.0,0,0.2279,121,https://image.tmdb.org/t/p/w500/lYQhWAFHmfIj4Kg7DZhaSg40Tp8.jpg
811549,Chathur Mukham,2021-04-08,An ambitious young woman faces a supernatural force through technology. Will she be able to survive the onslaught and solve this unheard phenomenon?,"['Horror', 'Thriller']",[],"['Manju Warrier', 'Sunny Wayne', 'Srikant Murali', 'Alencier Ley Lopez', 'Niranjana Anoop']","['Salil V', 'Ranjeet Kamala Sankar']","['Abhayakumar', 'Anil Kurian']",['Malayalam'],[],6.2,8,0.344,138,https://image.tmdb.org/t/p/w500/zgO1PfPPAiYYZWlj3w7fLfImQKm.jpg
466681,Marupadi,2016-12-09,"The movie revolves around the family of Aby.  His wife Sara, and their daughter Riya . Aby is a bank employee. Sara was brought up in an orphanage and is lucky to have an understanding husband, Aby. When Aby gets a transfer to Kolkata, the family shifts to Kolkata where they have to encounter certain unexpected tragedies. How they face and overcome these adversaries forms the crux of the story.","['Thriller', 'Family', 'Drama']",['jail'],"['Bhama', 'Rahman', 'Nayanthara Chakravarthy', 'Santhosh Keezhattoor', 'Janardhanan']",['V M Vinu'],['Julaina Ashraf'],"['Bengali', 'Malayalam']",[],0.0,0,0.2038,132,https://image.tmdb.org/t/p/w500/zQk1SvIHizKq43nTMGJTX7g0ixH.jpg
945524,Mei Hoom Moosa,2022-09-30,"Moosa, a trooper gets back following 19 years in Prison. He finds he is assumed dead. How Moosa gets on track to demonstrate his character while additionally attempting to find some peace with all that has occurred around him during his time in a correctional facility.","['Comedy', 'Thriller']",[],"['Suresh Gopi', 'Saiju Kurup', 'Hareesh Perumanna', 'Srindaa', 'Poonam Bajwa']",['Jibu Jacob'],['Rubesh Rain'],['Malayalam'],[],6.5,3,0.2776,130,https://image.tmdb.org/t/p/w500/gH8RKXUzYKPiIAbcUgwB1l2nnxY.jpg
964633,Aanandam Paramanandam,2022-12-23,"Anupama's alcoholic father dies by suicide with a masterplan. However, she must prosper in life for his soul to attain salvation","['Comedy', 'Drama', 'Family']",['aanandam paramanandam'],"['Sharafudheen', 'Indrans', 'Aju Varghese', 'Anagha Narayanan', 'Baiju Santhosh']",['Shafi'],['M. Sindhuraj'],['Malayalam'],[],5.7,3,0.3345,131,https://image.tmdb.org/t/p/w500/ihsMgo6uBo9EIyXhRBC7CegyVoK.jpg
843159,Kalamandalam Hyderali,2020-01-10,"Kalamandalm Hyderali was the one and only non-Hindu professional Kathakali singer in the world, who made a mark in the 4-century classical dance drama from Kerala in South India.The film is based on a trues incident in the life of Kalamandalam Hyderali.","['Music', 'Drama']",[],"['Renji Panicker', 'T G Ravi', 'Ashokan', 'Jayan Cherthala', 'Kalabhavan Rahman']",['Kiran G. Nath'],['Aju K. Narayanan'],['Malayalam'],[],3.0,1,0.2869,117,https://image.tmdb.org/t/p/w500/wxcbeXJ4V8wK84mzBNxeQ1OLaqL.jpg
341759,Kumbasaram,2015-05-22,"Alby is an autorickshaw driver. His wife is Meera. They pin all their hopes on their only son Jerry. Rasool, Tinu, and Malu are close friends of Jerry. The movie narrates the deep friendship shared between these friends.","['Drama', 'Family']","['kidnapping', 'confession', 'murder', 'cancer']","['Jayasurya', 'Honey Rose', 'Aakash Santhosh', 'Gourav Menon', 'Shanawas']",['Aneesh Anwar'],['Aneesh Anwar'],['Malayalam'],"['Sun Nxt', 'VI movies and tv']",6.6,6,0.1965,144,https://image.tmdb.org/t/p/w500/wcX5znsQYEQzqrh78zHtdSOflSv.jpg
569936,The Tetrahedron,2018-12-12,"Maya the protagonist, on her way to the college, hears a radio news of a strange geometrical figure with the shape of a ‘tetrahedron’ that appears from nowhere besides the Nazca lines in Peru. In the mean time, Maya’s friend Divya’s father, Neelan, goes missing. Few days later he is found from a distant land with signatures of pre-historic habitats around the place. Maya meets a few people from distant lands, of different races, roaming around a desolated architecture. Are they humanoid creatures? By the end of the film, through a dream passage that connects both Maya and Divya, we get to know about the disappearance of Maya.",['Mystery'],[],"['Athira L P', 'Munshi Baiju', 'Kani Kusruti', 'Pradeep S']",['Vipin Vijay'],"['Vipin Vijay', 'Deb Kamal Ganguly', 'Yama']",['Malayalam'],[],0.0,0,0.2354,158,https://image.tmdb.org/t/p/w500/muzeFjrUYFu3V8uSDk5uFqu8GEF.jpg
838609,Cold Case,2021-06-30,"Sathyajith, Assistant Commissioner of Police, along with his team is assigned to handle controversial and complicated cases. One day, while fishing on a lake side, a man finds a garbage bag trapped inside his net.","['Thriller', 'Mystery', 'Horror']",[],"['Prithviraj Sukumaran', 'Aditi Balan', 'Anil Nedumangad', 'Pooja Mohanraj', 'Suchitra Pillai']",['Tanu Balak'],['Sreenath V Nath'],['Malayalam'],"['Amazon Prime Video', 'aha', 'Amazon Prime Video with Ads']",5.3,26,0.3396,139,https://image.tmdb.org/t/p/w500/6lodKsWEcNNlEPbE461pD2c2SuG.jpg
564443,Ottakkoru Kaamukan,2018-11-23,"Four people are held hostage by a seemingly evil man. Unbeknownst to them, his life was once dictated by love, but it soon turned him into a cruel man owing to his tragic experiences.",['Romance'],[],"['Joju George', 'Shine Tom Chacko', 'Abhirami', 'Lijomol Jose', 'Shalu Rahim']","['Jayan Vannery', 'Ajinlal']",['Sreeshkumar S'],['Malayalam'],"['Amazon Prime Video', 'Amazon Prime Video with Ads']",2.0,1,0.1719,146,https://image.tmdb.org/t/p/w500/2QPcv2FPuImr7QTz3zFminfj1ei.jpg
1302926,Partners,2024-07-05,Bank employees discover they are working for a fake bank and try to steal a large quantity of gold from a criminal.,"['Crime', 'Drama', 'Thriller']",[],"['Dhyan Sreenivasan', 'Kalabhavan Shajon', 'Prasanth Alexander', 'Sanju Sivaram', 'Rony David Raj']",['Naveen John'],"['Hariprasad', 'Naveen John', 'Prasanth K V']",['Malayalam'],[],3.0,3,0.3431,120,https://image.tmdb.org/t/p/w500/ct4XCdFihKtgewfM5IBkmeUgibR.jpg
810190,Kala,2021-03-25,"The life of Shaji, a laid-back youngster, turns upside down when someone from his past pays him a visit.","['Action', 'Thriller']","['revenge', 'dog']","['Sumesh Moor', 'Tovino Thomas', 'Divya Pillai', 'Lal', 'Pramod Veliyanad']",['Rohith VS'],"['Rohith VS', 'Yadhu Pushpakaran']","['Malayalam', 'Tamil']","['Amazon Prime Video', 'aha', 'VI movies and tv', 'Amazon Prime Video with Ads']",6.2,16,0.311,127,https://image.tmdb.org/t/p/w500/mLmnhWJDAmI6j2cxH7uvBiyi9Jb.jpg
555139,Dakini,2018-10-19,"Kuttan Pilla, Moly's long lost lover is kidnapped by the underworld king named Mayan. 4 grannies and Kuttappi with the help of Vikraman, a local gangster decide to go on a journey to fight the fierce don Mayan and bring back Kuttan Pilla.","['Comedy', 'Thriller']",[],"['Pauly Valsan', 'Sethu Lakshmi', 'Sarasa Balussery', 'Savithri Sreedharan', 'Chemban Vinod Jose']",['Rahul Riji Nair'],"['Rahul Riji Nair', 'Rahul Riji Nair']",['Malayalam'],"['ManoramaMax', 'VI movies and tv', 'ManoramaMAX Amazon Channel']",4.0,3,0.2406,125,https://image.tmdb.org/t/p/w500/rMwXtZwwXcUak13OaLAUk4eMrWM.jpg
468014,Mythily Veendum Varunnu...,2017-07-21,"After losing her father, a girl takes up the responsibility of her mother. She then moves to the city in search of a job. Upon getting the job, her job takes her to a bungalow, where she is subject to a series of horrible situations.",['Horror'],['bungalow'],"['Shivani Bhai', 'I. M. Vijayan', 'Udhay', 'Sandhanam', 'Rajkiran']",['Sabu Varghese'],['Suru G. Nair'],['Malayalam'],[],3.0,1,0.205,94,https://image.tmdb.org/t/p/w500/ki5BY9BM4NPzQrH0INkGauWvgna.jpg
459722,Kammara Sambhavam,2018-04-14,"Set against the backdrop of World War 2, the film spans over three different phases of the life of the protagonist Kammaran who gets inspired by freedom fighter Subhash Chandra Bose and joins INA to secure Indian independence from British rule.",['Thriller'],['world war ii'],"['Dileep', 'Siddharth', 'Namitha Pramod', 'Murali Gopy', 'Manikuttan']",['Rathish Ambat'],['Murali Gopy'],"['English', 'Hindi', 'Japanese', 'Malayalam', 'Tamil']","['Amazon Prime Video', 'Amazon Prime Video with Ads']",6.5,14,0.2944,182,https://image.tmdb.org/t/p/w500/m7E6l7OfuDfbCbnFpW0QluQhdhS.jpg
459726,Vimanam,2017-12-22,A speech and hearing impaired man fights against enormous odds to build a lightweight aircraft from recycled materials.,"['Adventure', 'Drama']",['airplane'],"['Prithviraj Sukumaran', 'Durga Krishna', 'Alencier Ley Lopez', 'Anarkali Marikar', 'P Balachandran']",['Pradeep M. Nair'],['Pradeep M. Nair'],['Malayalam'],"['Sun Nxt', 'VI movies and tv']",6.3,6,0.192,147,https://image.tmdb.org/t/p/w500/AtdzZi0I44za8t9ySOVCkGQeDWc.jpg
860751,Roy,2022-12-09,"Unable to distinguish between his dreams and reality, Roy finds it difficult to maintain any sort of relationship with anyone except his wife Teena, who accepts and loves him wholeheartedly. When Teena, following clues from her husband's dreams, goes missing while searching for a veteran writer, it is up to Roy to find his wife and get her to safety.","['Drama', 'Thriller']",[],"['Suraj Venjaramoodu', 'Sija Rose', 'Jins Baskar', 'Shine Tom Chacko', 'Rony David Raj']",['Sunil Ibrahim'],['Sunil Ibrahim'],['Malayalam'],['Sony Liv'],2.0,3,0.1952,126,https://image.tmdb.org/t/p/w500/fCQvfsnRAQsqMk9hDPPdhLuKEGI.jpg
394188,Leela,2016-04-22,Movie narrates the story of Kuttiyappan and his wild fantasies..,['Drama'],"['elephant', 'anthology', 'womanizer', 'rape victim', 'satirical']","['Biju Menon', 'Vijayaraghavan', 'Jagadish', 'Parvathy Nambiar', 'Indrans']",['Ranjith'],"['Unni R.', 'Unni R.']",['Malayalam'],[],6.6,8,0.1974,99,https://image.tmdb.org/t/p/w500/o9ywmAJOAiife4pe6WnMn3cdx1i.jpg
580610,Oru Kaatil Oru Paykappal,2019-01-25,"While Ajith is at Punnamada Backwaters to materialize his dream of building a boat, he meets Sara and falls in love with her. However, Sara's father has already arranged his daughter's wedding with a rich Indian- European businessman.",['Romance'],['marriage'],"['Mythili', 'Shine Tom Chacko', 'Suraj Venjaramoodu', 'P Balachandran', 'Appunni Sasi']",['Vijayakumar Prabhakaran'],"['Shyam P. S', 'Shyam P. S']",['Malayalam'],"['Amazon Prime Video', 'Amazon Prime Video with Ads']",1.5,2,0.2559,110,https://image.tmdb.org/t/p/w500/iNAJsB32JDvMz43TtO1oqf5mQFP.jpg
1317418,Kolahalam,2025-07-11,"A robber's attempt to steal from a dead man's house goes wrong. Trapped in funeral activities, he learns surprising things about people and life while trying to get away.","['Comedy', 'Drama']",[],"['Santhosh Puthan', 'Kumar Sunil', 'Anusha Aravindakshan', 'Vishnu Balakrishnan', 'Priya Sreejith']",['Rasheed Parambil'],['Vishal Viswanathan'],['Malayalam'],"['ManoramaMax', 'ManoramaMAX Amazon Channel']",3.0,1,0.1891,95,https://image.tmdb.org/t/p/w500/oIyEcd1BkxgWJViaAstGC0ZadsP.jpg
857346,Kuttavum Shikshayum,2022-05-27,A five-member Kerala Police have to use their best policing skills when they go to Rajasthan to nab a gang behind a jewellery shop theft.,"['Crime', 'Drama']",[],"['Asif Ali', 'Sunny Wayne', 'Sharafudheen', 'Alencier Ley Lopez', 'Senthil Krishna Rajamani']",['Rajeev Ravi'],"['Sibi Thomas', 'Sreejith Divakaran']","['Hindi', 'Malayalam']",['Netflix'],6.9,11,0.3563,136,https://image.tmdb.org/t/p/w500/mdNAbOEuojfY7DKKNbeSYa7zYHU.jpg
476111,Match Box,2017-09-15,MatchBox is a Malayalam movie starring Roshan Mathew and Vishak Nair in prominent roles. The movie is set in the suburbs of Kozhikode.,"['Comedy', 'Romance']",[],"['Roshan Mathew', 'Vishak Nair', 'Drishya Raghunath', 'Shammi Thilakan', 'Sharath Das']",['Sivaram Mony'],"['Nikhil Anand', 'Kenny Peruzzi']",['Malayalam'],[],5.2,2,0.2241,136,https://image.tmdb.org/t/p/w500/10kASrGvK2LXlTkcApPOHQTG9XT.jpg
991817,Nadhikalil Sundari Yamuna,2023-09-15,"A good-natured tale of misunderstandings, and political and romantic rivalry in a small town.","['Comedy', 'Drama']",[],"['Dhyan Sreenivasan', 'Aju Varghese', 'Pragya Nagra', 'Sudheesh', 'Kalabhavan Shajon']","['Vijesh Panathur', 'Unni Vellora']","['Unni Vellora', 'Vijesh Panathur']","['Kannada', 'Malayalam']","['Amazon Prime Video', 'Amazon Prime Video with Ads']",3.8,5,0.2318,129,https://image.tmdb.org/t/p/w500/34Xj1S4Jr4se5YV2yBSmuQ4cZXL.jpg
526883,1000: Oru Note Paranja Katha,2015-02-13,"An autistic youngster is sent to the ATM by his dad with the Pin number written on a 1000-rupee currency note. The currency note, which has started a voyage of its own, starts telling us its story as it moves from one hand to the next.","['Comedy', 'Thriller']",[],"['Bharath Srinivasan', 'Mukesh', 'Maqbool Salmaan', 'Byon', 'Shammi Thilakan']",['A. R. C. Nair'],['A. R. C. Nair'],['Malayalam'],[],1.0,2,0.2345,130,https://image.tmdb.org/t/p/w500/7sydrs9tWUpJaGxBo3hBGkAmCy2.jpg
1296414,Theatre: The Myth of Reality,2025-10-16,"In a world where solitude is a choice, a mother and her daughter have built a life of peace and devotion on a secluded island. However, a fleeting moment captured online catapults them into the glaring spotlight of social media.","['Drama', 'Mystery']",[],"['Rima Kallingal', 'Ashwathy B', 'Dain Davis', 'Sarasa Balussery', 'Pramod Veliyanad']",['Sajin Baabu'],['Sajin Baabu'],['Malayalam'],['ManoramaMax'],2.0,1,0.2769,138,https://image.tmdb.org/t/p/w500/pOzGTXDADBP4NvGmV1kfpjr6TTq.jpg
599337,Soothrakkaran,2019-03-08,The lives of three friends and their families are compromised as they become victim to a series of murders. Will the mystery behind the murder unfold?,"['Action', 'Thriller']",[],"['Gokul Suresh', 'Niranjan', 'Varsha Bollamma', 'Jacob Gregory', 'Lalu Alex']",['Anil Raj'],"['Anil Raj', 'Wichu Balamurali']",['Malayalam'],['Sun Nxt'],2.8,2,0.3851,147,https://image.tmdb.org/t/p/w500/A0k6K5qUVCFV6FGIH5fPqKAcQsv.jpg
398116,Ithu Thaanda Police,2016-03-18,"Ramakrishnan, a police constable, is posted as a driver at Elathur women police station. He has to deal with the fiery sub-inspector, Arundhathi Varma, to save his job.","['Comedy', 'Romance']","['police', 'driver']","['Asif Ali', 'Janani Iyer', 'Abhirami', 'Sajitha Madathil', 'Sruthi Lakshmi']",['Manoj Palodan'],['Manoj Palodan'],['Malayalam'],[],3.6,6,0.3064,124,https://image.tmdb.org/t/p/w500/p0UbXbEF3GAA1tuXEudIgikQc2l.jpg
1079165,Asthra,2023-12-01,"Detective Joshy Mathew pursues a ruthless gang who murdered two cops and left a mysterious arrow symbol at the crime scene, employing unconventional methods to track them down.","['Thriller', 'Mystery']",[],"['Amith Chakalakkal', 'Senthil Krishna Rajamani', 'Kalabhavan Shajon', 'Suhasinni Kumaran', 'Santhosh Keezhattoor']",['Azad Alavil'],"['Vinu K Mohan', 'Jiju Raj']",['Malayalam'],[],2.0,1,0.2985,114,https://image.tmdb.org/t/p/w500/51qPDlz1064Oe8SVOTiamT15NTq.jpg
315453,Oraalppokkam,2015-10-02,"In the aftermath of a devastating flood in the Himalayas, a man searches for both his estranged girlfriend and a greater understanding of life.","['Adventure', 'Romance']","['himalaya mountain range', 'buddhist monk']","['Prakash Bare', 'Meena Kandasamy', 'Venkitesh Ramakrishnan', 'Bikramjit Guptha', 'Chala Chari']",['Sanal Kumar Sasidharan'],"['Sanal Kumar Sasidharan', 'Sanal Kumar Sasidharan']","['English', 'Hindi', 'Malayalam', 'Tamil']",[],5.3,3,0.2638,113,https://image.tmdb.org/t/p/w500/tlPHmHbjPKdIM6Xfh89tg5U2EhE.jpg
1353044,Chithini,2024-09-27,"In a village called Noolpuzha, Chithini, a vengeful fairy, was cast here at a place called Pamukkadu",['Horror'],[],"['Amith Chakalakkal', 'Vinay Forrt', 'Mokksha', 'Arathy Nair', 'Enakshi Ganguly']",['East Coast Vijayan'],"['K.V. Anil', 'East Coast Vijayan']",['Malayalam'],[],0.0,0,0.2702,151,https://image.tmdb.org/t/p/w500/5MGKubKYbH1RgKZNARG00Os6VAr.jpg
341578,Saaradhi,2015-02-13,"Saradhi is a malayalam movie made on the lines of Traffic, chronicling the events of one day, with an ambulance driver being forced to undertake a risky journey with a dead body, surpassing all odds.",['Thriller'],"['transportation', 'dead body']","['Sreenivasan', 'Sunny Wayne', 'Baiju Santhosh', 'Vinutha Lal', 'Madhupal']",['Gopalan Manoj'],['Rajesh K Raman'],['Malayalam'],[],4.0,1,0.2773,138,https://image.tmdb.org/t/p/w500/ljHhpJZbKEWnXe38QU5UlFqvZCJ.jpg
606761,Mangalathu Vasundhara,2019-05-31,"The story revolves around the titular character, Vasundhara, a proud and powerful advocate who is trapped in an unhappy marriage.",['Drama'],[],"['Shanthi Krishna', 'Devan', 'Ranjith', 'Shivaji Guruvayoor', 'Lakshmipriya']",['K R Shiva Kumar'],"['K R Shiva Kumar', 'K R Shiva Kumar']",['Malayalam'],[],0.0,1,0.2925,115,https://image.tmdb.org/t/p/w500/yc9kBg5ZFVko6gZH4txCPnEhlvu.jpg
427607,Kaadu Pookkunna Neram,2016-10-08,"A special battalion of police is deployed by the government to do away with Maoist menace (A banned Left organization) in a tribal village near forest. The police forcibly occupy a tribal primary school for their camp. One day, the police are on lookout for some people in the forest near the school at night. A policeman follows a person deep into the forest and nabs the person. The person arrested happens to be a woman. He tries to come out of the forest with the arrested person, but he loses his way in the wild. The woman knows the path to get out of the forest but she is not willing to show him the way. Thus, both the hunter and the hunted are stranded in the thick forest. Power, Crime, Man, Woman, the Hunter, the Hunted... all such equations change utterly and are no more what they used to be. The film has been very un-expected resemblance with Maoist hunt and killing happened last month in Kerala.","['Crime', 'Drama']","['police', 'forest']","['Indrajith Sukumaran', 'Rima Kallingal', 'Prakash Bare', 'Indrans', 'Irshad']",['Bijukumar Damodaran'],['Bijukumar Damodaran'],['Malayalam'],[],0.0,0,0.3081,105,https://image.tmdb.org/t/p/w500/xnPQTCie972N16u0FXDGRjRcUzO.jpg
950082,Palthu Janwar,2022-09-02,"Palthu Janwar is a refreshing take on the relation between humans and domestic animals. The movie sketches the life of Prasoon, an animator by profession, who with little interest is forced to take up the government job of a Veterinary Livestock inspector as a compassionate appointment following his father`s death. The movie takes us through the fun filled happenings that awaits Prasoon in his workplace.","['Drama', 'Comedy']",[],"['Basil Joseph', 'Dileesh Pothan', 'Indrans', 'Johny Antony', 'Shammi Thilakan']",['Sangeeth P. Rajan'],"['Vinoy Thomas', 'Aneesh Anjali']",['Malayalam'],[],6.909,11,0.3003,117,https://image.tmdb.org/t/p/w500/b581PJG9dLh7zJVn8uUkl1pFkkm.jpg
1244061,Thekku Vadakku,2024-10-04,"Two rivals, a retired engineer and a rice mill owner, engage in a fierce competition. Their feud entertains the town as they battle to determine the ultimate victor and whether the loser accepts defeat gracefully.","['Comedy', 'Drama']",[],"['Vinayakan', 'Suraj Venjaramoodu', 'Melvin G Babu', 'Kottayam Ramesh', 'Merin Jose Pottackal']",['Prem Shankar'],['S. Hareesh'],['Malayalam'],['ManoramaMax'],6.0,3,0.3656,129,https://image.tmdb.org/t/p/w500/eo2LPxEXIK3ZnjPHo89XPUnItAf.jpg
580896,June,2019-02-15,"The life story of a girl named June from 16 years of her age until she turned 26, thereby giving an insight into those ten years of her life.","['Family', 'Drama']",['schoolgirl'],"['Rajisha Vijayan', 'Joju George', 'Sarjano Khalid', 'Aswathi Menon', 'Arjun Ashokan']",['Ahammed Khabeer'],"['Ahammed Khabeer', 'Libin Varghese', 'Jeevan Baby Mathew']",['Malayalam'],[],6.6,19,0.2026,141,https://image.tmdb.org/t/p/w500/A5uFEcI9j26cPgjzoEP9DsNEVLL.jpg
1216983,Kurukku,2024-07-05,"Inspector Sajan is tasked with investigating a complex double murder of a couple. However, dubious evidence and witnesses make it difficult for him to solve the case.","['Crime', 'Mystery', 'Thriller']",[],"['Anil Anto', 'Preetha Pradeep', 'Sandeep Sachu', 'Balaji Sarma', 'Kollam Thulasi']",['Abhijith Noorani'],"['Abhijith Noorani', 'Abhijith Noorani']",['Malayalam'],[],2.0,1,0.3571,108,https://image.tmdb.org/t/p/w500/blvsy29mUVe6b9qUTLhkB3r31XT.jpg
603340,Ishq,2019-05-17,"Sachi and his girlfriend, Vasudha, go on a date to celebrate her birthday. Things go sideways and their love is tested when they are harassed by two men on a late-night drive.","['Thriller', 'Romance']",[],"['Shane Nigam', 'Ann Sheetal', 'Shine Tom Chacko', 'Maala Parvathi', 'Jaffer Idukki']",['Anuraj Manohar'],['Ratheesh Ravi'],['Malayalam'],"['Amazon Prime Video', 'Amazon Prime Video with Ads']",5.6,39,0.3836,134,https://image.tmdb.org/t/p/w500/ltSwv9SL7IQkkNPUU3RXyOOXxyb.jpg
805266,Ice Orathi,2021-03-12,"A lonely, middle-aged man yearns for female companionship and goes around asking people to ""fulfil his wish.""","['Romance', 'Comedy']",[],"['Hareesh Peradi', 'Nirmal Palazhi', 'Asha Aravind']",['Akhil Kavungal'],[],['Malayalam'],[],6.0,1,0.2162,101,https://image.tmdb.org/t/p/w500/d6gcOdq5LiIfm0TShBPDDfV7k6f.jpg
512294,Kuttanadan Marpappa,2018-03-29,"When John Paul, a wedding photographer, meets Jessy for the first time, he instantly finds himself attracted to her. His crush eventually turns into love, the feeling which is reciprocated from Jessy's end too. However, their relationship is put to test when an arranged marriage proposition comes their way and everything in their relationships goes for a toss.",['Comedy'],['photographer'],"['Kunchacko Boban', 'Aditi Ravi', 'Shanthi Krishna', 'Dharmajan Bolgatty', 'Salim Kumar']",['Sreejith Vijayan'],['Sreejith Vijayan'],['Malayalam'],"['Sun Nxt', 'VI movies and tv']",4.571,7,0.2297,140,https://image.tmdb.org/t/p/w500/98tB2BHWS2EnBXB8jqVh88q3UzI.jpg
635905,Kolambi,2023-04-07,An elderly couple are destined to live amidst these silenced loudspeakers called Kolaambi. But the onus of a dark secret disturbs them from time to time.,['Drama'],[],"['Nithya Menen', 'Dileesh Pothan', 'Renji Panicker', 'Rohini', 'Sijoy Varghese']",['T. K. Rajeev Kumar'],"['T. K. Rajeev Kumar', 'K. M. Venugopal']",['Malayalam'],[],0.0,0,0.2849,124,https://image.tmdb.org/t/p/w500/jDaQXZTZxy7oV4ghExyjYKuBeuU.jpg
369001,Urumbukal Urangarilla,2015-09-19,Movie is about a retired master thief Keluvashan and his dearest disciple Kallan Benny. Once a young man came to see Keluvashan and expressed his wish to study the tricks and secrets of theft.,"['Thriller', 'Drama']","['robbery', 'thief', 'murder', 'jail', 'killer', 'financial']","['Vinay Forrt', 'Chemban Vinod Jose', 'Ananya', 'Aju Varghese', 'Muhammad Musthafa']",['Jiju Asokan'],['Jiju Asokan'],['Malayalam'],"['ManoramaMax', 'ManoramaMAX Amazon Channel']",5.5,10,0.2791,139,https://image.tmdb.org/t/p/w500/gBLK2VzgUDViXYLiG95Kahh9DgE.jpg
1440651,Randaam Yaamam,2025-02-28,"After a deadly snakebite, Sofia's life hangs by a thread in a remote village. The son of a renowned tantric healer steps in to save her, but his dark motives set off a chain of events steeped in ancient mysticism and vengeance.",['Drama'],[],"['Swasika', 'Joy Mathew', 'Nandhu', 'Sudheer Karamana', 'Rajasenan']",['Nemom Pushparaj'],"['Gopal R', 'Gopal R']",['Malayalam'],"['ManoramaMax', 'ManoramaMAX Amazon Channel']",1.0,1,0.3016,140,https://image.tmdb.org/t/p/w500/pds6zHAgiIp2ctqUR0CgJOUVPBP.jpg
599955,Kuttymama,2019-05-17,"The film, titled Kutty Mama, is directed by Vm Vinu and Sreenivasan plays the title role in it.","['Drama', 'Comedy']",[],"['Sreenivasan', 'Dhyan Sreenivasan', 'Durga Krishna', 'Meera Vasudevan', 'Manju Pathrose']",['V M Vinu'],['Manaf'],['Malayalam'],[],6.0,3,0.1968,134,https://image.tmdb.org/t/p/w500/5EoPA4NpVFBZsOvsm64wyveJwiS.jpg
1186391,Anchakkallakokkan,2024-03-15,"In a small town, a cowardly police constable must survive his first days of duty when a convicted felon in lockup wishes to seek revenge.","['Drama', 'Action', 'Thriller']",[],"['Lukman Avaran', 'Chemban Vinod Jose', 'Manikandan Achari', 'Joji Mundakayam', 'Senthil Krishna Rajamani']",['Ullas Jose Chemban'],['Ullas Jose Chemban'],"['Malayalam', 'Telugu']","['Amazon Prime Video', 'Amazon Prime Video with Ads']",6.2,8,0.2409,126,https://image.tmdb.org/t/p/w500/zA9rFdbAK3Hz47jOahS16reFO0G.jpg
431315,Dooram,2016-07-19,"Dennis Paul (Maqbool Salman) is a business consultant working in Malaysia. During a journey to Hyderabad as part of his profession, he acquaints Riti Satyanarayanan (Aima). They soon become friends. Dennis finds some similarities in Riti and his ex-lover Ann Mariya (Aina).","['Comedy', 'Romance']","['bangkok, thailand', 'memory', 'journey']","['Maqbool Salmaan', 'Shine Tom Chacko', 'Aima Sebastian', 'Bhagath Manuel', 'Archana Kavi']",['Manu Kannamthanam'],['Danil David'],['Malayalam'],[],0.0,0,0.242,128,https://image.tmdb.org/t/p/w500/lAJrrWXucevi8UuxOjAENzDiNCk.jpg
1457056,Himuchri,2025-04-25,"Manoj, the son of retired lineman Balan Pillai, and the girls from three different religious sects who enter his life are the subjects of Himuchri. Manoj learns about this worldly existence, impermanence, the necessity of preserving the soul's purity forever, and the fact that all living things are a part of Brahman from the words of Swamiji, who stands in between.","['Drama', 'Romance']",[],"['Shankar', 'Ambika Mohan', 'Arun Dayanand', 'Nandhu Jay']",['Binu varghese'],['Elikulam Jayakumar'],['Malayalam'],[],0.0,0,0.2726,105,https://image.tmdb.org/t/p/w500/w9T5p2ggLlw3nRGibjmz73FiYrH.jpg
609457,Luca,2019-06-28,"Luca is a highly talented artist who creates magic out of scraps. Niharika, a researcher in industrial chemistry enters his life to make it more colourful. Will they make it together?",['Romance'],[],"['Tovino Thomas', 'Ahaana Krishna', 'Srikant Murali', 'Thalaivasal Vijay', 'Pauly Valsan']",['Arun Bose'],"['Arun Bose', 'Mridul George']",['Malayalam'],"['ManoramaMax', 'ManoramaMAX Amazon Channel']",6.3,14,0.2331,151,https://image.tmdb.org/t/p/w500/7oj36FCmh2ZB28xZtUkZ7qBlEzB.jpg
899410,Meppadiyan,2022-01-14,"While there is an old-fashioned feel to the story telling, it moves along new paths that are twisted enough to keep us interested and also has us clenching our fists.","['Drama', 'Thriller']",[],"['Unni Mukundan', 'Kottayam Ramesh', 'Saiju Kurup', 'Anju Kurian', 'Aju Varghese']",['Vishnu Mohan'],['Vishnu Mohan'],['Malayalam'],"['Amazon Prime Video', 'Amazon Prime Video with Ads']",7.2,5,0.2868,124,https://image.tmdb.org/t/p/w500/jNnxZxS8CDfQLQDYSm2il8RPvpI.jpg
521445,Uncle,2018-04-27,"Stranded on her way home, Sruthi hitches a long ride with KK who turns out to be her dad's buddy. Sruthi's mother seems to be reassured hearing that KK is with her daughter now. However her husband is troubled on hearing the news. Flashbacks reveal that KK is not as innocent as he seems.","['Drama', 'Thriller']",[],"['Mammootty', 'Karthika Muraleedharan', 'Muthumani Somasundaran', 'Joy Mathew', 'Meghanathan']",['Gireesh Damodar'],['Joy Mathew'],['Malayalam'],['Sun Nxt'],6.063,8,0.2066,145,https://image.tmdb.org/t/p/w500/AkwqBpJVfi31HG2xoqlks3pLXN8.jpg
865464,John Luther,2022-05-27,"Devikulam Police Station SI John Luther is a committed police officer, who even risks his life for policing. During an interrogation, he suffers ruptured eardrums and hearing loss. Will he be able to complete an investigation which he had to leave halfway?","['Thriller', 'Crime', 'Mystery']",[],"['Jayasurya', 'Siddique', 'Elango Kumaravel', 'Drishya Raghunath', 'Deepak Parambol']",['Abhijith Joseph'],['Abhijith Joseph'],['Malayalam'],"['ManoramaMax', 'ManoramaMAX Amazon Channel']",6.2,11,0.3018,128,https://image.tmdb.org/t/p/w500/cJoQGHkdimCfYizm4e4onSAKa4U.jpg
860917,Sunny,2021-09-23,"The life of a failed musician, sunny takes a dramatic turn as he smuggles himself back from Dubai to Kerala in midst of a global pandemic and shuts himself from the society.",['Drama'],[],"['Jayasurya', 'Shritha Sivadas', 'Sshivada', 'Mamta Mohandas', 'Vijay Babu']",['Ranjith Sankar'],['Ranjith Sankar'],['Malayalam'],"['Amazon Prime Video', 'Amazon Prime Video with Ads']",7.3,9,0.2169,93,https://image.tmdb.org/t/p/w500/x3QWp4Jtoy7na8amrf4uYNSo0en.jpg
456758,Valappottukal,2017-02-03,"Valappottukal is a Malayalam drama written and directed by MadhuThathampally, in his debut venture. The movie stars Madhu, Sudheer Karamana and Boban Alummoodan in lead roles.",['Drama'],[],"['Madhu', 'Sudheer Karamana', 'Boban Alummoodan', 'Kulappulli Leela', 'Krishna Kumar']",['Madhu Thathampally'],['Mahinkar Kecheri'],['Malayalam'],[],0.0,0,0.2626,81,https://image.tmdb.org/t/p/w500/jVVeLvmgTPz0gsid7gKOav9izwz.jpg
607447,My Great Grandfather,2019-06-07,"Michael, a 40-something happy-go-lucky businessman, is in love with Delna, a pretty young thing in her 20s. On the day of their engagement, a young woman walks in with her son, claiming to be Michael’s daughter turning his carefree life upside down.",['Comedy'],[],"['Jayaram', 'Baburaj', 'Surabhi Santosh', 'Divya Pillai', 'Asha Aravind']",['Aneesh Anwar'],['Shani Khader'],['Malayalam'],"['Sun Nxt', 'VI movies and tv']",3.2,5,0.2315,122,https://image.tmdb.org/t/p/w500/AkB8F47fHJYowb3ez38X7Iku4Lw.jpg
495654,Pyppin Chuvattile Pranayam,2017-11-24,"An island and its people, a self-contained world where goodwill and camaraderie prevail over everything else. At the center of this world are Govutty and Teena, and their endearing love story.",['Romance'],[],"['Neeraj Madhav', 'Reba Monica John', 'Aju Varghese', 'Sudhi Koppa', 'Sarath Kumar']","[""Domin D'Silva""]","[""Domin D'Silva"", 'Antony Jibin', ""Domin D'Silva""]",['Malayalam'],['Eros Now Select Apple TV Channel'],5.7,3,0.1614,134,https://image.tmdb.org/t/p/w500/bUrzJ2AaagbrkLrdpLGyZGB3yKZ.jpg
463118,Nawal the Jewel,2017-08-18,"Asma Beevi, a 14-year-old Muslim girl is married to an old Arabic man. After few days of the wedding, her husband dies, leaving her pregnant and alone to survive. She gives birth to a daughter and in spite of trying level best to raise her without any struggles, Asma fails when her only child gets arrested for murder. What happens next, forms the crux of the story.","['Family', 'Drama']",[],"['Shweta Menon', 'Reem Kadem', 'Adil Hussain', 'Anu Sithara', 'Sudheer Karamana']",['Renji Lal Damodaran'],[],"['English', 'Malayalam', 'Persian']",[],5.5,1,0.3007,131,https://image.tmdb.org/t/p/w500/22h7T8gAxWRercCfICYGrgU6pl7.jpg
457326,Sathya,2017-04-20,"The protagonist from Kerala who goes to Pondicherry and becomes very successful in life by gambling. However, he also makes enemies because of this. The story further progresses through the various incidents that happen due to gambling.","['Action', 'Thriller']","['gambling', 'gun', 'travel', 'poker game']","['Jayaram', 'Roma Asrani', 'Saju Navodaya', 'Sudheer Karamana', 'Parvathy Nambiar']",['Diphan'],['A K Sajan'],['Malayalam'],['Sun Nxt'],3.0,1,0.312,118,https://image.tmdb.org/t/p/w500/wqwZ3hRHDBRdQ8CstowaCO0sHJ9.jpg
524571,Naam,2018-05-11,A group of six guys and three girls who meet in college become thick friends and eventually take their friendship beyond the classroom and the campus. All goes well for the group until they are faced with sudden crisis. The event strengthens the group's bond as they struggle hard to overcome the situation.,"['Comedy', 'Music']",[],"['Shabareesh Varma', 'Rahul Madhav', 'Gayathri Suresh', 'Mareena Michael', 'Madan Mohan']",['Joshy Thomas Pallickal'],['Joshy Thomas Pallickal'],['Malayalam'],"['ManoramaMax', 'ManoramaMAX Amazon Channel']",2.0,2,0.3611,131,https://image.tmdb.org/t/p/w500/nG098FLV5hwAl6wYozn7XY8HFAG.jpg
468671,Utharam Parayathe...,2017-07-28,Utharam Parayathe is a Malayalam movie starring Hari Gopinath and Priya Mohan in prominent roles. The movie also stars Sajan Palluruthy and Sudheer Karamana. It is a thriller drama directed by Kollam Ke Rajesh.,"['Thriller', 'Drama']",[],"['Hari Gopinath', 'Priya Mohan', 'Sajan Palluruthy', 'Sudheer Karamana', 'Baiju Santhosh']",[],[],['Malayalam'],[],0.0,0,0.2328,130,https://image.tmdb.org/t/p/w500/AdrlUkwWpGwiliPaHTnMgYkuMUu.jpg
368373,Rani Padmini,2015-10-23,"Padmini  a traditional married woman who goes to Manali, Himachal Pradesh to meet her car rallyist husband Giri . Rani a North Indian bred troublemaker with feminine qualities running away from a rowdy who has posed threat to her life. As fate would have, they meet together and an illustrious journey starts where they are met with pleasantness, happiness, dread and excitement.","['Adventure', 'Drama']","['travel', 'journey']","['Manju Warrier', 'Rima Kallingal', 'Jinu Joseph', 'Sajitha Madathil', 'Sreenath Bhasi']",['Aashiq Abu'],"['Syam Pushkaran', 'Ravi Sankar']",['Malayalam'],[],6.6,9,0.2073,137,https://image.tmdb.org/t/p/w500/8AWI2TMosAj2ua17VHkmB6LsKYM.jpg
580381,Neeyum Njanum,2019-01-18,A newly married couple moves into a small town hoping to start a new life. But odds are against them and their life takes a roller coaster ride.,"['Romance', 'Drama']",[],"['Anu Sithara', 'Sharafudheen', 'Siju Wilson', 'Aju Varghese', 'Vishnu Unnikrishnan']",['A K Sajan'],['A K Sajan'],['Malayalam'],[],4.0,2,0.3178,161,https://image.tmdb.org/t/p/w500/tN5aWCMwE4KnrSU2kNjpVOZ54Au.jpg
585253,Mr. & Ms. Rowdy,2019-02-22,Five wannabe goons desperately looking for contract gigs end up being challenged by a lady gangster.,"['Comedy', 'Action']",[],"['Kalidas Jayaram', 'Aparna Balamurali', 'Saikumar', 'Vijayaraghavan', 'Vijay Babu']",['Jeethu Joseph'],['Linta Jeethu'],['Malayalam'],"['Amazon Prime Video', 'Amazon Prime Video with Ads']",4.9,8,0.2241,146,https://image.tmdb.org/t/p/w500/rm6pm6RpOIS0rbYcIrIirWO3fFv.jpg
361771,Appavum Veenjum,2015-06-08,"After arriving at a hill station, a young musician befriends an old man and moves into his house. Soon, his ulterior motives are revealed.","['Thriller', 'Drama']","['alcohol', 'wife', 'forest', 'singer', 'love affair']","['Ramya Krishnan', 'Sunny Wayne', 'Prathap Pothan', 'Reshma Rathore', 'Balu Varghese']",['Viswan'],['Viswan'],['Malayalam'],[],1.0,2,0.2629,107,https://image.tmdb.org/t/p/w500/ozCNMR5sfq1dwcrmlUNqy3Gsevy.jpg
401312,Just Married,2015-08-14,"“Just married” is the story of a guy who suffers from physical relationship related anxiety. He was some type of a Romeo before getting married to the girl of his dreams. But then again he and his wife do not have the best physical relationship yet, when the man feels romantic he goes to the bed and sees his wife is sleeping. He also has someone in his life that is only there for giving useless advises. You can guess now that these kinds of situations create a lot of hilarious situations in the movie. Just married is a comedy for adult audiences, but there is absolutely no vulgarity in the movie.",[],[],"['Sreeram Ramachandran', 'Viviya Santh', 'Devan', 'Neeraj Madhav', 'Seema G Nair']",['Sajan Johny'],[],['Malayalam'],[],0.0,0,0.3634,0,https://image.tmdb.org/t/p/w500/n7SFezjDZtNdftwW8zIyfFDSUvi.jpg
412107,IDI: Inspector Dawood Ibrahim,2016-08-12,"The story follows Dawood, who wishes to don the cop uniform right from his childhood. He grows up to be a straight-laced, passionate policeman, who is sent off to a sleepy border suburb Kollanahalli for his first posting. An unexpected turn of events presents him an opportunity to prove himself.","['Action', 'Comedy']","['robbery', 'police', 'robber', 'border', 'gang', 'police station', 'ruby', 'remote village', 'sub inspector']","['Jayasurya', 'Sshivada', 'Joju George', 'Saiju Kurup', 'Madhupal']",['Sajid Yahiya'],"['Sajid Yahiya', 'Arouz Irfan']",['Malayalam'],['Sun Nxt'],4.2,10,0.2574,127,https://image.tmdb.org/t/p/w500/roqX5PgsBQXSN6A6hxbiRZJ0EAS.jpg
410386,Oru Murai Vanthu Paarthaya,2016-05-27,"Prakshan runs an electrical hardware shop and is known by all the people of that village. As the story progresses, the entry of a mysterious girl in Prakshan's life unfolds a lot of suspense and comical moments.","['Comedy', 'Romance']","['love triangle', 'village', 'wrestling', 'fake identity', 'ghost', 'electrician']","['Unni Mukundan', 'Prayaga Martin', 'Sanusha Santhosh', 'Bijukuttan', 'Sudhi Koppa']",['Sajan K. Mathew'],"['Abhilash Sreedharan', 'Abhilash Sreedharan']",['Malayalam'],['Zee5'],4.9,4,0.2758,151,https://image.tmdb.org/t/p/w500/ey2ukG8JNi8fsZy1lyhedRyVsUL.jpg
543398,Padayottam,2018-09-14,The shenanigans of a good-hearted goon and his chums as they try to earn some quick money in the world of local crime in Kerala.,"['Comedy', 'Action', 'Thriller']",[],"['Biju Menon', 'Dileesh Pothan', 'Saiju Kurup', 'Sudhi Koppa', 'Ganapathi S. Poduval']",['Rafeek Ibrahim'],"['Arun Anirudhan', 'A. R. Arun', 'Ajai Rahul']",['Malayalam'],['Sun Nxt'],5.9,12,0.2328,135,https://image.tmdb.org/t/p/w500/iFcTgstCtYHWUM0WTypoDW0yVT.jpg
470443,Pullikaran Stara,2017-09-01,"Rajakumaran, a talented teacher and also a trainer for other teaching staff. His way of communication and the method he adopts while teaching, makes him everybody's favorite. The story takes a turn when two women from two different generations come across his life and change it for the better or worse.","['Comedy', 'Drama']",['professor'],"['Mammootty', 'Deepti Sati', 'Asha Sarath', 'Dileesh Pothan', 'Innocent']",['Syamdhar'],[],['Malayalam'],[],4.9,7,0.3638,135,https://image.tmdb.org/t/p/w500/mNTRZkMZR0NY969BHDz7F947RqG.jpg
378891,Monsoon Mangoes,2016-01-15,"D.P Pallickal, an amateur film maker who claims he is the next film legend. D.P has great passion, but lacks talent. His family and friends constantly make fun of his amateurishness of his masterpiece short films.",['Comedy'],['movie business'],"['Fahadh Faasil', 'Vijay Raaz', 'Vinay Forrt', 'Tovino Thomas', 'Nandhu']",['Abi Varghese'],"['Abi Varghese', 'Naveen Bhaskar']",['Malayalam'],[],6.2,10,0.3206,132,https://image.tmdb.org/t/p/w500/kR1knO2mQQsjRegYMlTluu5o3zF.jpg
831762,Kachi,2021-05-20,This story is about a very adventurous resistance carried by a female army consisting of a 68-year-old grandmother and a 7-year-old granddaughter to save their life.,"['Drama', 'Thriller']",[],"['Binu Pappu', 'Manohari Joy', 'Jaimol', 'Surendran Angamaly', 'Sinoj Varghese']",['Binshad Nazar'],['Devan Subrahamaniyan'],['Malayalam'],[],1.0,1,0.2611,74,https://image.tmdb.org/t/p/w500/6LfsH2o5Yrrj0wHXokmreg6EEOK.jpg
469149,Mannamkattayum Kariyilayum,2017-08-18,"The movie is based on the fact that- there should be some hidden pieces of evidence in every human crime. The movie progresses with this concept, revealing some unexpected facts.","['Drama', 'Thriller', 'Family']",[],"['Shine Tom Chacko', 'Srindaa', 'Saiju Kurup', 'Jobi A S', 'Sudheer Karamana']",['Arun Sagara'],['Arun Sagara'],['Malayalam'],[],0.0,0,0.2526,106,https://image.tmdb.org/t/p/w500/cxCRzjmrQguts2hraQz6WHZQQui.jpg
397388,White Nights,2016-01-24,"Velutha Rathrikal (White Nights) is an independent cinematic adaptation of the eponymous novel by Fyodor Dostoyevsky. Manu is an artist in search of a new sky, from his troubled past, in a forest settlement. He meets Chelly, a tribal girl from a nearby settlement who bears the burnt from her own share of life. As she awaits the return of her beloved friend Jyothi, Manu gets closer to her. Despite their diverse upbringings, Manu and Chelly strike a serene and beautiful chord with each other. Their brief but intense encounter during the five nights makes the plot of the film set against the deep woods of Attappadi and surroundings.",['Drama'],[],"['Disney James', 'Smitha Ambu', 'Saritha Cukku']",['Razi Muhammed'],['Razi Muhammed'],['Malayalam'],[],0.0,0,0.2441,130,https://image.tmdb.org/t/p/w500/6PANUykl7g34H8vXvDk9pU3JMad.jpg
1093671,Marivillin Gopurangal,2024-05-10,"""Marivillin Gopurangal"" is an urban drama infused with situational humor, following the lives of Shinto and Sherin, a modern married couple striving to realize their dreams. The arrival of Shinto's brother Rony and his girlfriend Meenakshi brings a transformative journey, exploring family dynamics, expectations, and acceptance. The film weaves rich moments, from falling in love with life to overcoming fears, fostering healing, and celebrating growth. Ultimately, it's a tale of togetherness and the positive evolution of each character.",['Drama'],[],"['Indrajith Sukumaran', 'Shruti Ramachandran', 'Sarjano Khalid', 'Vincy Aloshious', 'Vasisht Umesh']",['Arun Bose'],['Pramod Mohan'],['Malayalam'],[],0.0,0,0.2501,145,https://image.tmdb.org/t/p/w500/fVSVNrLZICAu3pM5YMYyy2UBsqc.jpg
433618,Kavi Uddheshichathu..?,2016-10-08,Kavalam Jimmy and Vattathil Bosco are rivals from their school days and Minnal Simon always tries to benefit from this situation.Three of them have their own intentions and they back stab each other to attain their own aims.,"['Comedy', 'Drama']","['volleyball', 'club', 'betting']","['Asif Ali', 'Biju Menon', 'Narain', 'Anju Kurian', 'Lenaa']",['Liju Thomaz'],['Martin Duro'],['Malayalam'],['Sun Nxt'],4.8,10,0.2627,137,https://image.tmdb.org/t/p/w500/48GXqH5DHRYqiX5JIEMuyMicCeb.jpg
1016263,Kadina Kadoramee Andakadaham,2023-04-21,"Bachu, a young man who wishes to become a businessman, is in a big crisis. His family forces him to go to Gulf but he is not ready to change his decision. When lockdown is imposed he rethink his actions.",['Drama'],[],"['Basil Joseph', 'Swathi Das Prabhu', 'Binu Pappu', 'Fara Shibla', 'Parvathy Krishna']",['Muhashin'],['Harshad'],['Malayalam'],"['Sony Liv', 'VI movies and tv']",5.7,7,0.2431,120,https://image.tmdb.org/t/p/w500/uufbIh7YWJtWx0knLdyEhQ8NBYl.jpg
469148,Vishwa Vikhyatharaya Payyanmar,2017-10-27,The friendship of five fun-loving youngsters and spreads the message that “the goodness in your heart never goes unrewarded”.,['Comedy'],[],"['Deepak Parambol', 'Aju Varghese', 'Manoj K Jayan', 'Hareesh Perumanna', 'Sudhi Koppa']",['Rajesh Kannankara'],['Rajesh Kannankara'],['Malayalam'],"['ManoramaMax', 'ManoramaMAX Amazon Channel']",2.0,1,0.2862,125,https://image.tmdb.org/t/p/w500/bypUVymC0kITUkuDtKZBdWKoHe1.jpg
938552,Bullet Diaries,2023-12-01,A Bullet motorcycle lover loses his bike and goes to find it.,['Drama'],[],"['Dhyan Sreenivasan', 'Prayaga Martin', 'Renji Panicker', 'Johny Antony', 'Srikant Murali']",['Santosh Mandoor'],['Santosh Mandoor'],['Malayalam'],[],2.0,1,0.2586,115,https://image.tmdb.org/t/p/w500/rbe48zWn0ojleFnVP03xNjel03h.jpg
411870,Compartment,2015-02-27,Compartment is a docu-fiction movie which takes us into the life of two differently-abled children.,['Drama'],"['docudrama', 'differently-abled']","['Salim Kumar', 'Suresh Gopi', 'KPAC Lalitha', 'Kalabhavan Mani', 'Anjali Aneesh Upasana']",['Salim Kumar'],['Salim Kumar'],['Malayalam'],[],0.0,0,0.2163,115,https://image.tmdb.org/t/p/w500/ya2VsGA3NIQdLbQ943n6vxPI3bV.jpg
1022971,Madhura Manohara Moham,2023-06-16,"Town of Kumbazha, the lives of Manu and Meera's family are forever altered by an unexpected truth. As the unshakeable foundation crumbles, they embark on a tumultuous journey, challenging societal norms.","['Drama', 'Comedy', 'Family']",[],"['Sharafudheen', 'Rajisha Vijayan', 'Arsha Baiju', 'Bindu Panicker', 'Vijayaraghavan']",['Stephy Zaviour'],"['Mahesh Gopal', 'Jay Vishnu']",['Malayalam'],"['Amazon Prime Video', 'Amazon Prime Video with Ads']",5.8,10,0.3319,119,https://image.tmdb.org/t/p/w500/ektyuao2iG6NXGCSRVxxNcQkXWZ.jpg
456757,Lakshyam,2017-05-06,"Vimal Kumar, a murder convict and Mustafa, a petty thief escape the clutches of police when the vehicle transporting them to jail meets with an accident. The duo, who get trapped in a forest, gradually get talking and discover more about each other and the way forward. What's awaiting them… handcuffs or a good future?","['Action', 'Adventure', 'Thriller']","['forest', 'escaped convict', 'flashback', 'it professional']","['Biju Menon', 'Indrajith Sukumaran', 'Sshivada', 'Kishor Satya', 'Shammi Thilakan']",['Anzar Khan'],['Jeethu Joseph'],['Malayalam'],[],5.9,6,0.2197,120,https://image.tmdb.org/t/p/w500/572NMxnDZZjSxkTtRNKbDKvL1Yw.jpg
422134,2 Penkuttikal,2016-01-22,"2 Penkuttikal discussed the issues faced by young girls and women in our society. Achu and Anagha are close friends, who decide to bunk their class to visit a mall in the city.Their visit to the city changes their life and what happens next form the crux of the film",['Drama'],"['society', 'mall', 'two girls', 'bunk class']","['Anna Fathima', 'Shyam Bhavi', 'Amala Paul', 'Anju Kurian', 'Tovino Thomas']",['Jeo Baby'],"['Jeo Baby', 'Jeo Baby']",['Malayalam'],['Eros Now Select Apple TV Channel'],5.5,1,0.3048,73,https://image.tmdb.org/t/p/w500/4zpTXaSP2KrVVTlGKDiJQBM2ApR.jpg
466078,Dance Dance,2017-06-16,"A woman and her husband Jackson welcome their baby boy the same day the King of Pop Michael Jackson died. A dance enthusiast, she names her son Michael, making his full name Michael Jackson. Michael goes on to become a great dancer, winning a reality show title. Owing to this, he becomes very famous in his college as well. However, one day, he mysteriously goes missing from college, leading to a string of unexpected events.","['Drama', 'Music']",['dance'],"['Ramzan Muhammed', 'Hareesh Peradi', 'Devi Ajith', 'Suraj Venjaramoodu', 'Sudheer Karamana']",['Nisar'],['Kollam Siraj'],['Malayalam'],[],8.0,2,0.2261,138,https://image.tmdb.org/t/p/w500/dvpMZr6mdXx0yM3HiMsCrZEnZas.jpg
1415460,Idi Mazha Kattu,2025-02-21,"A migrant counselor's life takes an unexpected turn when she joins four unusual patients on a transformative journey through Kerala, blending elements of adventure and social commentary.","['Action', 'Thriller']",[],"['Chemban Vinod Jose', 'Sreenath Bhasi', 'Senthil Krishna Rajamani', 'Sudhi Koppa', 'Saran Jith']",['Ambili S Rengan'],"['Ambili S Rengan', 'Amal Pirappancode']",['Malayalam'],[],0.0,0,0.2613,139,https://image.tmdb.org/t/p/w500/8d9mNX8qlgo8itjhTkrOvykVMtX.jpg
1041334,Wonder Women,2022-11-18,"A diverse group of six pregnant women, who are on their way to becoming mothers but are plagued by misconceptions, confusion, and questions about pregnancy and childbirth. In their quest to know it all, they discover their identities and answers to their deep-seated problems.",['Drama'],[],"['Parvathy Thiruvothu', 'Nithya Menen', 'Amruta Subhash', 'Sandesh Kulkarni', 'Archana Padmini']",['Anjali Menon'],['Anjali Menon'],"['Hindi', 'Malayalam', 'Tamil']","['Sony Liv', 'VI movies and tv']",8.0,1,0.2001,80,https://image.tmdb.org/t/p/w500/dNnULBpfLMYYtPKogyPyRmVrjAa.jpg
965294,Cheena Trophy,2023-12-08,,"['Drama', 'Comedy', 'Family']",[],"['Dhyan Sreenivasan', 'Johny Antony', 'Jaffer Idukki', 'Devika Ramesh', 'Ponnamma Babu']",['Anil Lal'],['Anil Lal'],['Malayalam'],[],4.2,4,0.2032,122,https://image.tmdb.org/t/p/w500/2zk4yV9Gxo0YVa9yFxBsY9QT93g.jpg
326927,Fireman,2015-02-19,"The leakage of a massive LPG tank causes a group of brave firemen, police and local people to put their life on the line when a total city evacuation is impossible because a prison lies in the radius.",['Thriller'],"['mission', 'fire', 'gas', 'jail', 'firefighter', 'accident']","['Mammootty', 'Unni Mukundan', 'Siddique', 'Nyla Usha', 'Salim Kumar']",['Deepu Karunakaran'],"['Deepu Karunakaran', 'Deepu Karunakaran']",['Malayalam'],"['Sun Nxt', 'VI movies and tv']",5.4,9,0.3104,118,https://image.tmdb.org/t/p/w500/qXFTCxVWfDdz8WDdpBe1etIXY2t.jpg
410662,Angane Thanne Nethave Anchettennam Pinnale,2016-06-03,"The village of Kanakkodu is free of politics and political parties. Pala Thankachen spread the seeds of politics in the calm atmosphere prevalent there. Consequently, the villagers divide themselves into different political groups.","['Comedy', 'Romance']",['politics'],"['Narain', 'Meera Nandan', 'Mukesh', 'Ramesh Pisharody', 'Devan']",['Ajith Poojappura'],['Ajith Poojappura'],['Malayalam'],[],4.2,2,0.2717,125,https://image.tmdb.org/t/p/w500/3wOW6KiCv7FOEFAYyHPpJWqTZEL.jpg
938497,Oh Meri Laila,2022-12-23,A college student's romantic pursuits are disrupted when he falls in love with a mysterious new girl in college. Chaos ensues as the power of love takes hold.,"['Romance', 'Comedy']",[],"['Antony Varghese', 'Kichu Tellus', 'Nandana Rajan', 'Sona Olickal', 'Sivakami Anantha Narayan']",['Abhishek K.S'],"['Anuraj OB', 'Abhishek K.S', 'Anuraj OB']",['Malayalam'],"['Amazon Prime Video', 'Amazon Prime Video with Ads']",5.0,2,0.2399,147,https://image.tmdb.org/t/p/w500/vvnLal8YfGAniTeACFOVDyrdopb.jpg
555140,Koodasha,2018-10-19,Kallookaran Joy is a single father who has left his gangster life behind to lead a peaceful life with his daughter. Things take an unexpected turn when his past comes knocking back to him.,['Thriller'],[],"['Baburaj', 'Krittika Pradeep', 'Saikumar', 'Joy Mathew', 'Aaryan Ramani Girijavallabhan']",['Dinu Thomas Eelan'],['Dinu Thomas Eelan'],['Malayalam'],[],6.25,4,0.2276,130,https://image.tmdb.org/t/p/w500/cqYNSGkXwjvJrJoxAfqqhstLkkO.jpg
456765,Devayanam,2017-03-10,An elderly woman deals with her gripping extreme fear of death.,['Drama'],[],"['KPAC Lalitha', 'Malavika Menon', 'Suraj Venjaramoodu', 'Neena Kurup', 'Devi Ajith']",['Sukesh Roy'],"['Sukesh Roy', 'C R Ajayakumar']","['Malayalam', 'Tamil']",[],0.0,0,0.1487,110,https://image.tmdb.org/t/p/w500/h3QLYUeY9HAhvhXMg0w802hOOzA.jpg
1035029,1001 Nunakal,2022-12-11,Close friends get together and have some good time over food and talks until one of them proposes a game: each of them has to reveal a lie that they have hidden from their partners.,['Drama'],[],"['Vidhya Vijayakumar', 'Remya Suresh', 'Zhinz Shan', 'Vishnu Agasthya', 'Rashmi K Nair']",['Thamar K V'],"['Hashim Sulaiman', 'Thamar K V', 'Hashim Sulaiman', 'Thamar K V']",['Malayalam'],[],5.4,7,0.1988,104,https://image.tmdb.org/t/p/w500/kKq2dxHWVmcsrfY507j2GlOOZHM.jpg
1106713,Kummattikali,2024-10-02,"Set in a coastal village, the story follows Dennis, a member of the notorious Kummati Boys gang, known for his mix of violence and playfulness and his close-knit friends-Ameer, Luka, and Bhairavan-who become entangled in a serious crime.","['Crime', 'Action']",[],"['Madhav Suresh', 'Lenaa', 'Devika Satheesh', 'Mime Gopi', 'Dhananjay Premjith']",['Vincent Selva'],['Vincent Selva'],['Malayalam'],[],1.0,0,0.2836,129,https://image.tmdb.org/t/p/w500/uQc0t6fbyycikY8WskmJHi0InZR.jpg
460500,History of Joy,2017-11-24,"History of Joy is a coming-of-age drama that narrates the story of a law student, Joy, and his tryst with destiny. Joy, born into a rich family, lives the life of a hedonist in college. During one of his many night outs with his friends, Joy meets with an unpleasant accident that changes his life forever. The rest of the story revolves around his struggles to put his life back on track while striving to avoid the ghosts of his past.",['Drama'],[],"['Vishnu Vinay', 'Saikumar', 'S.P. Sreekumar', 'Joju George', 'Sunil Sukhada']",['Vishnu Govindan'],[],['Malayalam'],[],4.0,1,0.2751,120,https://image.tmdb.org/t/p/w500/xkwiWclHYWj7w7pMsxJ0OIFkMgm.jpg
798488,Attention Please,2021-02-12,An unapologetic and daring writer tells his stories to his roommates and it takes interesting turns.,"['Drama', 'Thriller']",[],"['Vishnu Govindan', 'Anand Manmadhan', 'Athira Kallingal', 'Jicky Paul', 'Jobin Paul']",['Jithin Issac Thomas'],['Jithin Issac Thomas'],['Malayalam'],['Netflix'],7.1,8,0.2443,114,https://image.tmdb.org/t/p/w500/s92ie7lxRCQdhvY38qLVhzmP7ME.jpg
813864,Ullasam,2022-07-01,"Two youngsters meet on a train journey from Ooty to Mettupalayam, but they don't exchange names or anything about themselves. Will they learn more about each other?","['Comedy', 'Romance']",[],"['Shane Nigam', 'Pavithra Lakshmi', 'Renji Panicker', 'Deepak Parambol', 'Aju Varghese']",['Jeevan Jojo'],['Praveen Balakrishnan'],['Malayalam'],[],4.2,5,0.3489,137,https://image.tmdb.org/t/p/w500/x0CLQ9BJKwnLYRUPN4TgXM11HWX.jpg
394123,Mayapuri 3D,2015-01-09,"The two odd stars that are granted to 'Mayapuri' are for the intriguing and yet almost invisible philosophical line of thought that stretches across its rutted narrative. Barring that single element, there is very little left in it that would impress the viewer looking for either entertainment or intellectual enticement.",['Fantasy'],[],"['Ramzan Muhammed', 'Kalabhavan Mani', 'Esther Anil', 'Sukumari', 'Thumboor Shibu']",['Mahesh Kesav'],"['Mahesh Kesav', 'Raju Chennad']",['Malayalam'],[],1.0,1,0.1897,115,https://image.tmdb.org/t/p/w500/pyVvk0lRYU71uGAljWvd4PvkqSK.jpg
607117,Mere Pyare Deshvasiyom,2019-03-15,"A group of spirited elderly citizens who rediscover their passion for life, hailing from a village where the literacy rate is pretty low, this motley group of elders will fight against the odds to achieve their graduation dreams.",['Comedy'],[],"['Neena Kurup', 'Nirmal Palazhi', 'Ashkar Saudan', 'K T C Abdullah', 'Dinesh Eranjikk']",['Sandeep Ajith Kumar'],"['Ismail  Manjali', 'Ismail  Manjali']",['Malayalam'],[],0.0,1,0.3167,109,https://image.tmdb.org/t/p/w500/51iQMzbVhS5kuMEyDsnFw8oGqpK.jpg
495565,Hello Dubaikkaran,2017-11-10,"Hello Dubaikkaran is a Malayalam movie starring Adil Ibrahim, Malavika Menon and Devan in prominent roles. The cast also includes Salim Kumar, Dharmajan Bolgatty and Tini Tom. It is a drama directed by Baburaj Harisri and Harisree Yousuf with Nadirsha as the music composer, forming part of the crew.",['Comedy'],[],"['Adil Ibrahim', 'Malavika Menon', 'Devan', 'Salim Kumar', 'Dharmajan Bolgatty']","['Harisree Yousuf', 'Baburaj Harisri']",['Harisree Yousuf'],['Malayalam'],[],0.0,0,0.2658,142,https://image.tmdb.org/t/p/w500/35WdC6Yt6ljSpdsk3BQpTBUNHtM.jpg
1322685,Porattu Nadakam,2024-10-18,"Porattu Nadakam, Which tells the story of a village called Gopalapura in the backdrop of North Malabar. The events unfolding in Gopalapura for 21 days are presented through satire. Art forms like Kothamuriyatam and Porattu Nadakam are the main Background.",['Comedy'],[],"['Saiju Kurup', 'Dharmajan Bolgatty', 'Ramesh Pisharody', 'Rahul Madhav', 'Nirmal Palazhi']",['Naushad Saffron'],['Suneesh Vaaranadu'],['Malayalam'],[],4.0,2,0.2936,125,https://image.tmdb.org/t/p/w500/lthUCT7QDZOmWEh6UMziJRdkk5r.jpg
865826,Ellam Sheriyakum,2021-11-19,"Despite their family's disapproval, Vineeth and Ancy elope and get married. After 3 years, Ancy is pregnant and wishes to get in touch with her family. Will the two families belonging to opposing political factions make peace?",['Drama'],[],"['Asif Ali', 'Rajisha Vijayan', 'Siddique', 'Kalabhavan Shajon', 'Kichu Tellus']",['Jibu Jacob'],['Sharis Mohammed'],['Malayalam'],['VI movies and tv'],5.5,6,0.3279,138,https://image.tmdb.org/t/p/w500/pw5jpZyV7nlaGPPB1Vfp3khL7n6.jpg
542104,Kinavalli,2018-07-27,"Ever since Vivek got married to college sweetheart Ann, he hasn’t been in touch with his childhood friends. Four years later, Ann invites his friends for a surprise reunion to their pre-independence era bungalow which is rumoured to be haunted.","['Fantasy', 'Horror', 'Comedy']",[],"['Ajmal Zayn', 'Surabhi Santosh', 'Vijay Johny', 'Krrish S. Kumar', 'Sujith Raj']",['Sugeeth'],[],"['Malayalam', 'Tamil']","['Amazon Prime Video', 'Amazon Prime Video with Ads']",6.0,4,0.1829,141,https://image.tmdb.org/t/p/w500/2QitEJSOSs5W5d5H8MtbtLhd3My.jpg
759732,Isakkinte Ithihasam,2019-08-30,"The parishioners decided to construct a new church leaving Fr. Isahak to temporarily move into Margi, a parishioner's house. In the meantime, Margi's son Gregory and George Washington's daughter Clara elope.",['Drama'],[],"['Siddique', 'Bhagath Manuel', 'Ambika Mohan', 'Babu Annur', 'Ashokan']","['RK Ajayakumar', 'Subhash Koottickal']","['RK Ajayakumar', 'RK Ajayakumar', 'Subhash Koottickal', 'Subhash Koottickal']",['Malayalam'],[],6.0,1,0.2411,135,https://image.tmdb.org/t/p/w500/25ULOsVrYZCQttEM051Wc0wMrOD.jpg
929837,Jackson Bazaar Youth,2023-05-19,"The lives of bandmates of the titular band, who get embroiled in a world of crime.","['Comedy', 'Drama', 'Family']",[],"['Indrans', 'Chinnu Chandini Nair', 'Jaffer Idukki', 'Lukman Avaran', 'Abhiram Radhakrishnan']",['Shamal Sulaiman'],['Usman Marath'],['Malayalam'],"['Amazon Prime Video', 'Amazon Prime Video with Ads']",5.5,4,0.2292,111,https://image.tmdb.org/t/p/w500/amTDGRh7zf4GEaizy6YpnXQKifF.jpg
1308795,The Great Escape,2023-02-06,The Great Escape tells the story of immigrant Mob King Bob who is involved in various illegal activities like arms dealing and money laundering. Bobs biggest enemy Lord Pavlov attacks Bobs family to seek revenge.,"['Action', 'Thriller']",[],"['Alex Antony', 'Arthur Antony', 'Babu Antony', 'Bruce Bennett']",['Sandeep Jacob Lukose'],['Yadhu Krishnan'],"['English', 'Malayalam']",[],0.0,0,0.24,0,https://image.tmdb.org/t/p/w500/idsxs0cDeSlyCJ553CScu6Bb8cu.jpg
814756,Appuvinte Sathyanweshanam,2019-08-23,"Appu, a nine-year-old boy, is in a moral predicament; Appu has failed his examination and the teacher has asked him to get his father's signature on the answer sheet.",['Drama'],[],"['A.V. Anoop', 'Ridhun', 'Neena Kurup', 'Sarayu Mohan', 'Sudheer Karamana']",['Sohanlal'],"['Raju Ranganath', 'Raju Ranganath']",['Malayalam'],[],4.0,1,0.2706,104,https://image.tmdb.org/t/p/w500/9Ra7BgigqCHWySbbaPXkt0lyM1S.jpg
1243508,Andhakaara,2024-02-16,A disabled taxi driver is tricked by a treacherous customer to partake in her crimes and to help her face off an impending retaliation by a dangerous mob.,"['Crime', 'Thriller']",[],"['Divya Pillai', 'Chandhunadh', 'Sudheer Karamana', 'Dheeraj Denny', 'Vinod Sagar']",['Vasudev Sanal'],"['A. L. Arjun Sankar', 'Prashanth Nadeshan']",['Malayalam'],['Sun Nxt'],6.0,2,0.3521,131,https://image.tmdb.org/t/p/w500/kjQVHkgtaHTnjgHejEzIbYj7B24.jpg
935278,Maheshum Marutiyum,2023-03-10,A man's attachment to his car gets tested when he falls in love with his childhood friend.,"['Comedy', 'Romance', 'Family']",[],"['Asif Ali', 'Mamta Mohandas', 'Maniyanpilla Raju', 'Vijay Babu', 'Rony David Raj']",['Sethu'],['Sethu'],['Malayalam'],[],3.3,3,0.2043,134,https://image.tmdb.org/t/p/w500/ngqptMflbgoWNRaoZdYryMC9loO.jpg
1081319,Pavi Caretaker,2024-04-26,"A stubborn bachelor with his own rule book to life . A humorous ride through love, life and laughter . 'Pavi', a caretaker in a residential flat navigates through life and its hurdles, as an unforeseen companionship turns his life around .An unexpected breath of fresh air adds a dash of colour to his life.","['Romance', 'Comedy']",[],"['Dileep', 'Dharmajan Bolgatty', 'Johny Antony', 'Radikaa Sarathkumar', 'Jinu Ben']",['Vineeth Kumar'],['Rajesh Raghavan'],['Malayalam'],"['ManoramaMax', 'ManoramaMAX Amazon Channel']",5.9,6,0.2079,150,https://image.tmdb.org/t/p/w500/4somiLSdtTbF4XaH3jKmNiFAPRF.jpg
998678,Raveendra Nee Evide?,2025-07-18,The life of a weather officer harbouring an obsession with certainty gets complicated when a bizarre incident concerning a neighbour incites his suspicions about his own wife.,['Comedy'],[],"['Anoop Menon', 'Sheelu Abraham', 'Dhyan Sreenivasan', 'Azees Nedumangad', 'Siddique']",['Manoj Palodan'],['Krishna Poojappura'],['Malayalam'],"['Amazon Prime Video', 'Amazon Prime Video with Ads']",2.5,2,0.2579,103,https://image.tmdb.org/t/p/w500/7lYvcK3rvBBqpr1vG4I7ChTC6NX.jpg
1077794,Perfume,2022-11-18,"Abhirami-Leo couple leading a very happy family life, until Madhava Das, a multi-millionaire business man unexpectedly comes in between them and exploits Abhirami's adoration with his money and fame.","['Drama', 'Romance']",[],"['Kaniha', 'Prathap Pothan', 'Tini Tom', 'Praveena', 'Devi Ajith']",['Haridas'],"['K.P. Sunil', 'K.P. Sunil']",['Malayalam'],[],6.0,2,0.2535,123,https://image.tmdb.org/t/p/w500/bqRk4QEIcEOXiyHI9TFDGFXxjvG.jpg
928786,Colour Padam,2021-11-19,Dileep is a photographer and he meets Shalini on her sister's engagement day.,"['Romance', 'Drama']",[],"['Mamitha Baiju', 'Ashwin Jose', 'Midhun Venugopal', 'Pranav Yesudas', 'Anju Mary Thomas']",['Nahas Hidayath'],['Nahas Hidayath'],['Malayalam'],[],0.0,0,0.226,28,https://image.tmdb.org/t/p/w500/9YWm263sSeEfsusTgZhEmdJHxIE.jpg
1098424,1921: Puzha Muthal Puzha Vare,2022-08-13,Islamic extremist Variyankunnath Kunjahammad Haji spurs the Malabar riots of 1921 and the Hindu genocide.,"['War', 'History']",[],"['Thalaivasal Vijay', 'Joy Mathew', 'R L V Ramakrishnan', 'Dinesh Panicker', 'Vijay Menon']",['Ramasimhan Aboobakker'],"['Ramasimhan Aboobakker', 'Ramasimhan Aboobakker']",['Malayalam'],[],3.5,2,0.1987,192,https://image.tmdb.org/t/p/w500/wJYrYyMCuGPe7BvbYEkjhpDmZhn.jpg
822563,Priyappettavar,2019-03-22,"NRI Gopinatha Menon returns to his ancestral home after a long time. He starts to plant trees, buy land, end alcoholism, abduct children, promote religious harmony and a lot more, so he could finally achieve mental peace. All the while, his younger son tries to create more problems as he is after Gopinath Menon's immense wealth that is spread across the United States, Canada and South India.",['Drama'],"['tree', 'patriotism', 'mental peace', 'one love']","['Rajasenan', 'M R Gopakumar', 'Yathikumar', 'Dr. M M Basheer', 'Vanjiyoor Praveen Kumar']",['Khader Moidu'],['Radhesh Nair'],['Malayalam'],[],0.0,1,0.3072,124,https://image.tmdb.org/t/p/w500/9ZPdfxlgYhJrHBpYLmWsRp9aykG.jpg
850199,Kuttiyappanum Daivadhootharum,2020-01-03,"Stories of two strangers, Kuttiyappan and Giri, and how the relationship with their respective daughters brings them closer. The portrayal of their connection throws light on a socially relevant issue.","['Family', 'Drama']",[],"['Dhanil Krishna', 'Lal Jose', 'V. Suresh Thampanoor', 'Dr Rajkumar', 'Devika Santhosh']",['Gokul Hariharan'],"['Venkitesh Venki', 'Santhosh Rajan']",['Malayalam'],[],0.0,0,0.1942,100,https://image.tmdb.org/t/p/w500/f49CVgJOh4wOvvgos1jMP3DnQb9.jpg
460207,Pareeth Pandari,2017-03-17,"The film is all about the life of famous biryani chef 'Pandari Pareeth' and this wife Howrah Beevi, discussing all recent problems relating to the marriage and dowry throughout the life.","['Drama', 'Family']",[],"['Kalabhavan Shajon', 'Joy Mathew', 'Sajitha Madathil', 'Ansiba Hassan', 'Jaffer Idukki']",['Gafoor Elliyas'],[],['Malayalam'],[],7.0,1,0.2016,112,https://image.tmdb.org/t/p/w500/n4Oxn5U45bM1rUtqBltOoQ2vul7.jpg
860759,Meri Awas Suno,2022-05-13,"RJ Shankar’s voice, style and dialogues have won him many admirers, but an unfortunate event turns his life and that of his family upside down",['Drama'],[],"['Jayasurya', 'Manju Warrier', 'Sshivada', 'Johny Antony', 'Gauthami Nair']",['Prajesh Sen'],['Prajesh Sen'],['Malayalam'],"['JioHotstar', 'VI movies and tv']",5.8,4,0.2598,130,https://image.tmdb.org/t/p/w500/pJ4A6j53P3XuUbQpQdKMPOZ5o8A.jpg
758800,Oru Rathri Oru Pakal,2019-12-02,Daytime. A pair of lovers enter a house deserted by a flood. She has run away from home. He is not in a condition to start a life with her. The wind blows heavy in the fields of long grass.,['Drama'],['honor killing'],"['Yamuna Chungappalli', 'Mari']",['Prathap Joseph'],['Prathap Joseph'],['Malayalam'],[],4.0,1,0.2336,76,https://image.tmdb.org/t/p/w500/ofPydtRfzqy75isFPu6Mwi1SoLC.jpg
490769,Goodalochana,2017-11-03,"A group of four friends take the easy route to accomplish their dreams. Even when things go haywire, they try to find an easy way out but, fate has other plans for them and all hell breaks loose when their decisions go wrong.",['Comedy'],[],"['Dhyan Sreenivasan', 'Niranjana Anoop', 'Aju Varghese', 'Sreenath Bhasi', 'Hareesh Perumanna']",['Thomas Sebastian'],"['Anoop Joseph', 'Dhyan Sreenivasan']",['Malayalam'],['Sun Nxt'],4.8,3,0.2252,148,https://image.tmdb.org/t/p/w500/pU2iXOEw6SJNs9oD3ABk3qQrzYy.jpg
1135447,Apoorva Puthranmar,2025-07-11,"When two brothers attempt to honour their father's dying wish, their actions cause widespread chaos.","['Comedy', 'Drama']",[],"['Vishnu Unnikrishnan', 'Bibin George', 'Lalu Alex', 'Ashokan', 'Dharmajan Bolgatty']","['Rejith RL', 'Sajith S']","['Siva Anchal', 'Rejith RL', 'Sajith S']",['Malayalam'],"['Amazon Prime Video', 'ManoramaMax', 'ManoramaMAX Amazon Channel', 'Amazon Prime Video with Ads']",6.3,3,0.2203,142,https://image.tmdb.org/t/p/w500/9nCoImTw1ACcXnxH4rJRi1lZs0m.jpg
1020358,Corona Dhavan,2023-07-28,A village reliant on a consistent supply of alcohol is rocked by the Coronavirus pandemic lockdowns.,['Comedy'],"['alcohol problems', 'covid-19', 'coronavirus']","['Lukman Avaran', 'Sreenath Bhasi', 'Sarath Sabha', 'Johny Antony', 'Bitto Davis']",['C.C. Nithin'],['Sujai Mohanraj'],['Malayalam'],"['Amazon Prime Video', 'Amazon Prime Video with Ads']",4.5,4,0.2428,130,https://image.tmdb.org/t/p/w500/mSTP9tOzoKdlFvIiIXvVnzItbou.jpg
495568,Chakkara Maavin Kombathu,2017-11-17,"Uthaman and Jentry, who folloow Aalimammookka, a kind and helpful soul who loves the village and village folk. Both Uthaman and Jentry have a troubled childhood, whilst the former who comes from a very poor family aspires to enjoy luxuries, the latter yearns for parental love. The story takes a twist when Uthaman's father, Dasan tells him that Aalimammookka has many treasures and as Uthaman goes in the pursuit of the treasure, a series of interesting events unfold.","['Comedy', 'Drama', 'Family']",[],"['Gourav Menon', 'Joy Mathew', 'Harisree Ashokan', 'Meera Vasudevan', 'Anjali Aneesh Upasana']",['Tony Chittettukalam'],['Arshad Bathery'],['Malayalam'],[],0.0,0,0.2267,119,https://image.tmdb.org/t/p/w500/pbgJdjcMgsKMA9STwX6aj54S6RA.jpg
841808,Cherathukal,2021-06-17,"Six stories, each painting different shades of love.",['Drama'],[],"['Adil Ibrahim', 'Maala Parvathi', 'Shivaji Guruvayoor', 'Devaki Rajendran', 'Parvathy Arun']","['Jayesh Mohan', 'Shajan S. Kallai', 'Sreejith Chandran', 'Shanoob Karuvath', 'Anu Kurisinkal', 'Fawaz Mohamed']","['Jayesh Mohan', 'C. V. Balakrishnan', 'Shanoob Karuvath', 'Sarath Sasi', 'Jebin James', 'Sreejith Chandran']",['Malayalam'],[],4.7,3,0.1333,140,https://image.tmdb.org/t/p/w500/gcQ25pig5Bsl5dBxsHzisUoWSgN.jpg
496009,Sadrishavakyam 24:29,2017-12-01,"The deceit of her father's personal manager had left a young Anna Wilfred orphaned and penniless years ago. Now, the time has come for her to avenge the untimely demise of her family, and win back all the fortune that is rightfully hers. But in order to achieve her goal, Anna will have to cleverly scheme her way through the same web of deceit her parents fell prey to.","['Family', 'Crime', 'Drama']",[],"['Sheelu Abraham', 'Manoj K Jayan', 'Siddique', 'Meenakshi Anoop', 'Vijay Babu']",['M. Prasanth'],"['Suru G. Nair', 'Shiju Nambiath']",['Malayalam'],[],0.0,0,0.1791,128,https://image.tmdb.org/t/p/w500/cmN32WGkUdrZPjXE1oJSIQC6bUP.jpg
462634,Pokkiri Simon,2017-09-22,"Simon, a charming young Malayalee boy, is a die-hard fan of the Tamil superstar Vijay. However, his parents, who dream of a successful career for him, soon get worried about Simon's craze for Vijay becomes his obsession, which in turn affects his life negatively. However, Simon's addiction adds dramatic and interesting experiences to his life.",['Comedy'],[],"['Sunny Wayne', 'Sarath Kumar', 'Prayaga Martin', 'Jacob Gregory', 'Anjali Aneesh Upasana']",['Jijo Antony'],['K. Ampady'],"['Malayalam', 'Tamil']",[],4.0,5,0.2022,146,https://image.tmdb.org/t/p/w500/wILaiDW34D2fu66fv6ijcZpjWQE.jpg
1570902,Madura Kanakku,2025-12-04,A teacher's life unravels when he falls into debt after mortgaging his house to pay for his daughter's wedding.,['Drama'],[],"['Hareesh Peradi', 'Indrans', 'Hareesh Perumanna', 'Vishnu Peradi', 'Amina Nijam']",['Radheshyaam V'],['A Santhakumar'],['Malayalam'],[],2.0,1,0.2215,108,https://image.tmdb.org/t/p/w500/7kCZoAT0QKBM9RkyX8PSVsWoSeV.jpg
1255992,Anakku Enthinte Keda,2023-08-04,The film is a representation of the mental tensions and isolation experienced by a marginalized community. Feel Good Family Entertainer.,['Drama'],[],"['Saikumar', 'Kailash', 'Sneha Ajith', 'Bindu Panicker', 'Sudheer Karamana']",['Shameer Bharathannoor'],['Shameer Bharathannoor'],['Malayalam'],[],7.0,1,0.1357,129,https://image.tmdb.org/t/p/w500/oktHRMYdIBRo2dNqoF746Te5nNa.jpg
582145,MASK,2019-06-07,Mask tells the story of a police inspector who sets out to track down a thief.,"['Thriller', 'Comedy']",[],"['Chemban Vinod Jose', 'Shine Tom Chacko', 'Manoj Guinness', 'Nirmal Palazhi', 'Priyanka Nair']",['Sunil Hanif'],"['Fasal', 'Sunil Hanif']",['Malayalam'],[],3.5,2,0.2599,131,https://image.tmdb.org/t/p/w500/qsH0xHspimqOI5PnYBLaRZCvG3P.jpg
900808,Djibouti,2021-12-31,"Hannah, a Djiboutian girl visits Kerala. She becomes friends with Loui and Aby who are living in Idukki district of Kerala. She arranges job for her friends in Djibouti, an African country. The problems faced by them there and how they plan to escape to their hometown becomes the premise of the movie.","['Comedy', 'Action']","['kerala', 'djibouti']","['Amith Chakalakkal', 'Shagun Jaswal', 'Dileesh Pothan', 'Anjali Aneesh Upasana', 'Alencier Ley Lopez']",['S J Sinu'],"['S J Sinu', 'Afsal Abdul Latheef', 'S J Sinu']",['Malayalam'],[],6.5,2,0.2088,140,https://image.tmdb.org/t/p/w500/cVvzLCyTmijhh7FxZIV0SvViLrl.jpg
894095,Meow,2021-12-24,"Follows Dasthakeer and Sulekha, a married couple that moves to Dubai with their three children for a better living.","['Drama', 'Comedy']",[],"['Soubin Shahir', 'Mamta Mohandas', 'Salim Kumar', 'Bhagath Abrid', 'Harisree Yousuf']",['Lal Jose'],['Iqbal Kuttippuram'],['Malayalam'],"['Amazon Prime Video', 'ManoramaMax', 'Amazon Prime Video with Ads']",6.5,8,0.2735,145,https://image.tmdb.org/t/p/w500/mZCp9z5LCrMCTSnjmHuyBQ8k8aW.jpg
582134,Argentina Fans Kaattoorkadavu,2019-03-22,Set on the background of an Argentina football team fan Vipinan between their reign from the 2010 to 2018 FIFA world cups.,"['Comedy', 'Drama']",[],"['Kalidas Jayaram', 'Aishwarya Lekshmi', 'Austin Dan', 'Aneesh Gopal', 'Syam Cargoz']",['Midhun Manuel Thomas'],"['Asokan Charuvil', 'John Manthrickal', 'Midhun Manuel Thomas']",['Malayalam'],"['Sun Nxt', 'VI movies and tv']",4.8,9,0.1838,122,https://image.tmdb.org/t/p/w500/yQUnVGtPszT1XlDJ8Yavo1uVWAH.jpg
1418461,Nayakan Prithvi,2024-10-18,"Ratheesh, who arrives at a rural village named Kuyilimala to work on a hill highway project. But, the villagers refuse the idea of the project, protesting against its construction. From then onwards,unexpected events occur.",['Drama'],[],"['Sreekumar R Nair', 'Priya Balan', 'Pinesh Yesudas', 'Sabu Pala']",['Prasad G Edward'],['Prasad G Edward'],['Malayalam'],[],1.0,1,0.2057,104,https://image.tmdb.org/t/p/w500/lyG5N8VddhNbJnzq0pkkQHMXvNo.jpg
1298513,Big Ben,2024-06-28,"Lovely and Jean Antony, living in separate countries, face a legal crisis when Jean visits Lovely in London with their infant daughter. Despite their unfamiliarity with local laws, will they overcome the challenges and reunite?",['Drama'],[],"['Anu Mohan', 'Vinay Forrt', 'Vijay Babu', 'Aditi Ravi', 'Miya George']",['Bino Augustine'],['Bino Augustine'],['Malayalam'],['Sun Nxt'],4.0,2,0.3813,128,https://image.tmdb.org/t/p/w500/cwm8SyLqCKLVwrDWOXFvO8aBmKo.jpg
606525,Ave Maria,2019-01-14,"In the Marian pilgrimage town of Velankanni, taxi driver Rex meets staunchly Catholic Maria. A chance encounter turns into something much more when Maria asks him for help.",['Drama'],[],"['Reshma Malayath', 'Mekha Rajan', 'Ashand Raju', 'Sabumon Abdusamad', 'Arokia Mary Stella']",['Vipin Radhakrishnan'],"['Vipin Radhakrishnan', 'Vipin Radhakrishnan']","['Malayalam', 'Tamil']",[],4.0,3,0.1245,74,https://image.tmdb.org/t/p/w500/8trjDenxuoiNWUs9GYUUpAw0g2o.jpg
569806,Samaksham,2018-11-23,Shivaram is shattered by two deaths he witnessed as a doctor. He then starts questioning the prevalent medical practises and the wide use of pesticides. Samaksham is his quest for answers and the lengths he is willing to go to find a solution.,['Drama'],[],"['Kailash', 'Gayathri Krishna', 'Sohan Seenulal', 'Dinesh Prabhakar', 'Dileesh Pothan']","['Anwar Abdulla', 'Aju K. Narayanan']",[],['Malayalam'],[],0.0,0,0.2724,120,https://image.tmdb.org/t/p/w500/ayeVWu6JMIdJyZpJ3gf1VmBLG4K.jpg
514769,Orayiram Kinakkalal,2018-04-06,"Sreeram, an ex NRI, along with few other people, gets involved in an easy money-making plan and finds himself amidst unexpected situations. In this unusual ride, each one ends up showing different shades of their personality, revealing how far they are willing to go to fulfill their dreams.","['Comedy', 'Thriller']",[],"['Biju Menon', 'Sakshi Agarwal', 'Sharu P Varghese', 'Roshan Mathew', 'Kalabhavan Shajon']",['Pramod Mohan'],"['Pramod Mohan', 'Pramod Mohan']",['Malayalam'],['Sun Nxt'],6.056,9,0.2065,135,https://image.tmdb.org/t/p/w500/xEKJObXahTpvPLIEZUm0tBfxLUU.jpg
1228940,Chekkan,2022-06-10,The story of the survival of a tribal student singer. It discusses the neglect and resistance of our society.,"['Music', 'Drama']",[],"['Karthik Vishnu', 'Thezni Khan', 'Vinod Kovoor', 'Nanjiyamma', 'Abu Salim']",['Shafi Eppikkad'],"['Shafi Eppikkad', 'Shafi Eppikkad']",['Malayalam'],[],2.0,1,0.21,75,https://image.tmdb.org/t/p/w500/6o1z566GmKoyPij8Ew203S7pZXz.jpg
398566,Love Land,2015-02-13,Love Land is a malayalam movie directed by Haja Moinu and the movie produced by A Krishnakumar.Malayalam cine seriel actress Surabhi Lakshmi lead role of the movie.,[],[],"['Surabhi Lakshmi', 'Kollam Thulasi', 'Balaji Sarma']",['M Hajamoinu'],['M Hajamoinu'],['Malayalam'],[],0.0,0,0.2018,114,https://image.tmdb.org/t/p/w500/x9qyoiAB3KJvW2sDCM0q6x3tCEG.jpg
496968,Carbon,2018-01-19,"Siby is unmindful of his duties towards his family, but is in the pursuit of making some easy money via various fraudulent means. To escape one of the troubles he courted, he goes on an assignment to an old palace in a forest-ridden Cheenkannippara, which has a never-before effect on him.","['Adventure', 'Fantasy']","['manager', 'forest', 'mansion', 'jobless', 'lost treasure']","['Fahadh Faasil', 'Mamta Mohandas', 'Manikandan Achari', 'Chethan Jayalal', 'Nedumudi Venu']",['Venu'],['Venu'],['Malayalam'],"['Zee5', 'VI movies and tv']",6.7,20,0.236,146,https://image.tmdb.org/t/p/w500/5haI0Pspo9ADssV5sigxQfKGneZ.jpg
1235446,Mayavanam,2024-01-19,"Four medical school friends hike into remote backcountry, hoping for adventure, but soon find themselves in a desperate fight for survival, encountering one crisis after another.",['Action'],[],"['Alencier Ley Lopez', 'Jaffer Idukki', 'Sudhi Koppa', 'Akhila Anoki', 'Senthil Krishna Rajamani']",['Jagathlal Chandrashekharan'],['Jagathlal Chandrashekharan'],['Malayalam'],[],0.0,0,0.2579,103,https://image.tmdb.org/t/p/w500/mdDhPTSqpz6H7IqqN5dt3fu3xO.jpg
1023224,Vamanan,2022-12-16,"Vamanan buys an old property at a cheap rate near his workplace and moves in with his family. All is well, until they start experiencing paranormal activities in a house nearby. Will Vamanan be able to get to the root of the problem?","['Horror', 'Thriller']",[],"['Indrans', 'Baiju Santhosh', 'Hareesh Perumanna', 'Seema G Nair', 'Dilshana Dilshad']",['A B Binil'],['A B Binil'],['Malayalam'],"['ManoramaMax', 'ManoramaMAX Amazon Channel']",1.0,1,0.1491,98,https://image.tmdb.org/t/p/w500/3Ke8HWbc9XyTuDAdzmTAhqNi261.jpg
813808,Kuruthi,2021-08-11,"Ibrahim, a widower, grieves the loss of his wife and child and lives in a secluded area. However, his life turns upside down after a policeman comes knocking at his door with a criminal.","['Thriller', 'Action']",[],"['Prithviraj Sukumaran', 'Roshan Mathew', 'Mamukkoya', 'Naslen K. Gafoor', 'Srindaa']",['Manu Warrier'],['Anish Pallyal'],['Malayalam'],"['Amazon Prime Video', 'Amazon Prime Video with Ads']",7.174,23,0.3513,122,https://image.tmdb.org/t/p/w500/ArCY77ZQOrzW44OzPmYP99piiFW.jpg
466670,Hadiyya,2017-07-14,"Hadiyya is mainly a story of a man and two women from different parts of India. Some interesting common elements, coupled with a few twists and turns in their life bring them together.",['Drama'],[],"['Nishan K. P. Nanaiah', 'Ragini Nandwani', 'Leona Lishoy', 'Ameer Niyaz', 'Sudheer Karamana']",['Unni Pranavam'],['P P Abdul Razak'],['Malayalam'],[],0.0,0,0.2186,144,https://image.tmdb.org/t/p/w500/8Pxg9b5FQU1b9OC27ETdAKjgpjZ.jpg
687314,Patham Classile Pranayam,2019-12-06,Vivek and Sambhu are rival classmates. Both are infatuated with Meera but Meera is only interested in studies. Will Meera choose anyone? Their final exams are approaching fast,['Romance'],[],"['Jayan Cherthala', 'Kiran Raj', 'Sunil Sukhada', 'Kalabhavan Haneef', 'Pradeep Kottayam']",['Nitiheesh K Nair'],['Nitiheesh K Nair'],['Malayalam'],[],3.0,2,0.2187,121,https://image.tmdb.org/t/p/w500/oszRcwgQlcdtEPsRsE21HUGRuEZ.jpg
786128,Freedom @ Midnight,2021-01-09,"On a rainy evening, Chandra decides to reveal an intimate matter to her husband, Das. It would change their worlds forever shattering whatever they had known about each other. Would they be having the strength to continue their lives as usual after realizing that truth?",['Drama'],[],"['Anupama Parameswaran', 'Hakkim Shajahan']",['R.J. Shaan'],['R.J. Shaan'],[],[],6.2,3,0.21,30,https://image.tmdb.org/t/p/w500/mJvIDpJmslIWpDjJgERQCrNIooX.jpg
859026,Scissors,2020-07-10,"Casteism and racism are not stories from remote past. In Indian society, these evils take a peculiar shape at the intersection of 'class'. ""Kathrika"" features the happenings inside a beauty salon, giving sneak peak to the ugly side of discrimination in our times.",['Drama'],"['caste system', 'caste violence']","['Unni Raja', 'Arun Kumar', 'Thamban Kodakkad', 'Ashwin Thayineri', 'Vivek Raghunadhan']",['Darshan K'],[],['Malayalam'],[],3.0,1,0.2308,10,https://image.tmdb.org/t/p/w500/a0cyaEuoeOhjvQu11JpCMn3UyPM.jpg
1050577,Abhyuham,2023-07-21,"After learning his father has been wrongfully imprisoned for more than a decade, Jayarajan sets out to get the case reopened. His path crosses with ACP Dennis Joseph, who is investigating the recent homicide of a police officer.","['Crime', 'Mystery', 'Thriller']",[],"['Ajmal Ameer', 'Rahul Madhav', 'Jaffer Idukki', 'Athmeeya Rajan', 'Kottayam Nazeer']",['Akhil Sreenivas'],['Akhil Sreenivas'],['Malayalam'],[],2.0,1,0.2089,98,https://image.tmdb.org/t/p/w500/xrtwQG0Mqb2KQ0xj9nnJYm8wsxl.jpg
682384,Munthiri Monchan,2019-12-01,"Munthiri Monchan is a feel good urban romantic comedy revolves around Vivek Viswanath, a young marketing guy working in an cinema advertising firm and his accidental meeting with Ima Rajiv, who runs an online lending library startup. Deepika enters their life as the third person on a train trip to Mumbai.","['Comedy', 'Romance']","['grape', 'frog']","['Manesh Krishnan', 'Gopika Anil', 'Salim Kumar', 'Devan', 'Saleema']",['Vijith Nambiar'],['Manu Gopal'],['Malayalam'],[],6.5,2,0.2313,130,https://image.tmdb.org/t/p/w500/t58lB4AJER3q2YaTxxxoGh6RbYI.jpg
937323,Priyan Ottathilaanu,2022-06-24,"Dr. Priyadarshan, a middle class man, silently goes through the pangs of hyperactivity and ADHD that entangles him into a series of coincidental events. He then meets Priscilla, a feisty, constantly doubtful and depressed girl.","['Comedy', 'Family']",[],"['Sharafudheen', 'Nyla Usha', 'Aparna Das', 'Biju Sopanam', 'Sudhi Koppa']",['Antony Sony'],"['Abhayakumar', 'Anil Kurian']",['Malayalam'],"['ManoramaMax', 'VI movies and tv', 'ManoramaMAX Amazon Channel']",7.2,9,0.2778,140,https://image.tmdb.org/t/p/w500/2gOHHVU4TYV3eQgMp5UQRVcb4bb.jpg
342817,Onnam Loka Mahayudham,2015-03-06,"A doctor, a police officer and a bunch of gangsters are involved in a deal worth 40 million, which goes awry.",['Thriller'],[],"['Aparna Gopinath', 'Tovino Thomas', 'Chemban Vinod Jose', 'Joju George', 'Santhosh Keezhattoor']",['Sree Varun'],"['Hari Prasad', 'Rishi Surya']",['Malayalam'],['Zee5'],3.7,3,0.2303,120,https://image.tmdb.org/t/p/w500/rqdIuVphz97r0Z9PFKEqiE4QX4v.jpg
509329,Maanasaandarapetta Yezdi,2016-04-01,"Mechanic brothers Pappi and Chethanappi runs competing shops and frequently quarrel with each other. Their favorite Yezdi bike, used in the bike race to settle their fights comes in the possession of Philipose.","['Comedy', 'Drama']",[],"['K.R. Aromal', 'P Balachandran', 'Jayan Cherthala', 'Indrans', 'Kalesh Kannattu']",['Arun Omana Sadanandan'],['Arun Omana Sadanandan'],['Malayalam'],[],0.0,0,0.2549,138,https://image.tmdb.org/t/p/w500/mkspVu5n485XdVQ1FLLthWFBUWC.jpg
496012,Nilavariyathe,2017-12-08,"Nilavariyathe is a Malayalam movie starring Anumol K Manoharan and Bala Kumar in prominent roles. The movie also stars Santhosh Keezhattoor, Indrans, Kalasala Babu and Sajitha Madathil. It is a drama directed by Uthpal V Nayanar with Kanjangad Ramachandran as musician, forming part of the crew.",['Drama'],[],"['Bala', 'Anumol', 'Shivani Bhai', 'Santhosh Keezhattoor', 'Sudheer Karamana']",['Utpal V Nayanar'],['Suraj Mavila'],['Malayalam'],[],0.0,0,0.1786,133,https://image.tmdb.org/t/p/w500/zGPHUSlmEE3GV35lwm4gAFqyZnt.jpg
1388913,Avakasikal,2023-08-17,A film about avakashikal,['Drama'],[],"['Irshad', 'T G Ravi', 'Anju Aravind', 'Saju Navodaya', 'Nishad M A']",['N Arun'],['N Arun'],['Malayalam'],[],1.0,1,0.1921,94,https://image.tmdb.org/t/p/w500/x7mjsOwIhIYL1Q17xSQe2ojMcAI.jpg
998106,Pulli,2023-12-08,"Serving his second sentence in a central jail, Stephen finds himself in a dangerous situation when old enemies from his first term return to settle scores.",['Thriller'],[],"['Dev Mohan', 'Indrans', 'Kalabhavan Shajon', 'Meenakshi Dinesh', 'Senthil Krishna Rajamani']",['Jiju Asokan'],"['Jiju Asokan', 'Jiju Asokan']",['Malayalam'],"['ManoramaMax', 'ManoramaMAX Amazon Channel']",1.0,1,0.2326,150,https://image.tmdb.org/t/p/w500/sm9mgruYqieMcVbNctE0Nw3TRWC.jpg
912381,Khedda,2022-12-02,"The changing dynamics between a mother and daughter as they navigate the complexities of life in the digital age, touching on themes of addiction and familial connection.",['Drama'],[],"['Asha Sarath', 'Uthara Sarath', 'Sudheer Karamana', 'Sarayu Mohan', 'Jolly Chirayath']",['Manoj Kana'],"['Manoj Kana', 'Manoj Kana']",['Malayalam'],"['ManoramaMax', 'ManoramaMAX Amazon Channel']",1.0,1,0.2317,94,https://image.tmdb.org/t/p/w500/k5l5kSijA02dRkTf1Ea9q7wFepv.jpg
719800,Salmon 3D,2023-06-30,"When Sarfarosh's wife and daughter leave for a vacation, his friends arrange a surprise party for him. Soon, someone is murdered at the party, and only a mysterious spirit knows the truth.","['Horror', 'Romance', 'Thriller']",[],"['Vijay Yesudas', 'Rajeev Pillai', 'Shiyas Kareem', 'Minakshi Jaiswal', 'Tanvie Kishore']",['Shalil Kallur'],['Shalil Kallur'],"['Arabic', 'Malayalam']",[],1.0,1,0.2277,144,https://image.tmdb.org/t/p/w500/agXQCFOpEJj1VfejJgDGbbsXIAw.jpg
564146,Contessa,2018-11-23,"Chandu gets employed by Jayan, who is a local sand miner. He earns Jayan’s trust quickly, but certain things were waiting to go wrong as well and thus begins the cat-and-mouse game.","['Action', 'Thriller']",[],"['Sarath Kumar', 'Sreejith Ravi', 'Zinil Zainuddin', 'Sunil Sukhada', 'Hareesh Peradi']",['Sudip E S'],['Riyas'],['Malayalam'],[],8.0,1,0.1994,119,https://image.tmdb.org/t/p/w500/q1LjrPWMBUYAmCchcGMxtj9xNxO.jpg
465387,Pretham Undu Sookshikkuka,2017-06-30,"A haunted mansion amidst Kingini Nagar Housing Colony is converted into a police station. Ghosts in the mansion get provoked by the intrusion of the police. To overcome the horrible night duties, cops take the help of Babu, an outlaw yet sincere guy. Will Babu and his gang be able to solve the mystery behind the haunted mansion?","['Comedy', 'Thriller', 'Horror']","['mansion', 'police station', 'ghost']","['Shine Tom Chacko', 'Kalhara', 'Hareesh Perumanna', 'Leena Maria Paul', 'Hareesh Peradi']","['Mohammed Ali', 'Shafeer Khan']","['Mohammed Ali', 'Shafeer Khan']",['Malayalam'],[],0.0,0,0.3274,140,https://image.tmdb.org/t/p/w500/jrhMQIUsrFlwjF61G8Aho959O7O.jpg
453147,Kaviyude Osyath,2017-01-06,"A retired forest officer's sons Abhijith, Abhilash aka Appu along with their mother Padma live happily. One day, they find that their family friend poet Sidharthan has bequeathed his properties to Abhijith aka Allu, the younger boy in the family, in his osyath (will). Suspicion raises in the mind of Appu, who thinks that Allu is the son of the late poet. His doubts create problems in the family and he has to leave the house for certain reasons.",['Drama'],[],"['Prakash Bare', 'Sangeetha Mohan', 'Arun Kumar', 'Kochu Preman', 'Kulappulli Leela']",['Vineeth Anil'],['Vijayakrishnan'],['Malayalam'],[],6.0,1,0.3507,0,https://image.tmdb.org/t/p/w500/7JA4IVZ0F6suSbAzk1DxdqodHOG.jpg
599334,Sisterleaf,2019-03-08,"An unusual bond grows between 60-year-old Dalit worker Azhagan and eight-year-old middle class girl Radha. However, Azhagan's proximity to Radha and her mother doesn't go down well with Radha's father.",['Drama'],[],"['Lal', 'Akshara Kishor', 'Narain', 'Renji Panicker', 'Iniya']",['T. V. Chandran'],['T. V. Chandran'],['Malayalam'],"['ManoramaMax', 'ManoramaMAX Amazon Channel']",5.0,2,0.2139,111,https://image.tmdb.org/t/p/w500/6I5AZkHLdyfP5wjt1w7gV4zsu89.jpg
620015,Margamkali,2019-08-02,"Unable to forget his first love, Sachi decides never to love anyone in his life. That’s when Oormila enters his life. Will he reconsider his decision?","['Romance', 'Comedy']",[],"['Bibin George', 'Namitha Pramod', 'Shanthi Krishna', 'Siddique', 'Baiju Santhosh']",['Sreejith Vijayan'],"['Sasankan Mayyanad', 'Sasankan Mayyanad']",['Malayalam'],"['Sun Nxt', 'VI movies and tv']",3.1,4,0.1983,142,https://image.tmdb.org/t/p/w500/9NG8Z5f6xo8ZZ9gVvgI8ZygSYrU.jpg
418770,Pa.Va,2016-07-22,"Pa.Va or Pappanekkurichum Varkeyekkurichum focuses on existential aspects of life in two close octogenarian friends Pappen and Varkey. The movie narrates the love and friendship shared between two close friends - Pappen and Varkey, in the backdrop of Christian families in Central Travancore.","['Comedy', 'Drama']",['death'],"['Murali Gopy', 'Anoop Menon', 'Prayaga Martin', 'Jose', 'Renji Panicker']",['Sooraj Tom'],"['Ajish Thomas', 'Ajish Thomas']",['Malayalam'],[],5.5,3,0.1842,122,https://image.tmdb.org/t/p/w500/jrQ3quGQxTzF8beUeyJs8lWwem.jpg
456657,Kadhantharam,2016-01-22,"Rajaram, a writer and an orator has been fondling a dream around his son Sidharth. While the father is ensconced in these thoughts, the son Sidharth perceives such thoughts to be selfish and imprudent and dismisses them with contempt.",['Drama'],"['dreams', 'parent child relationship', 'doctor', 'writer', 'orator']","['Nedumudi Venu', 'Rahul Madhav', 'Vishnu Priya', 'Indrans', 'Pradeep Kottayam']",['K.J. Bose'],['Murali K. Menon'],['Malayalam'],[],0.0,0,0.2095,0,https://image.tmdb.org/t/p/w500/3cGwUEx5jZypjfIfvezeHo9ryto.jpg
1014014,Tholvi F.C.,2023-11-03,Life turns topsy turvy for the Kuruvila family when each of them face failures in their lives. Will they overcome it or will they go into disarray?,"['Drama', 'Comedy']",[],"['Sharafudheen', 'Johny Antony', 'George Kora', 'Asha Madathil Sreekanth', 'Meenakshi Raveendran']",['George Kora'],['George Kora'],['Malayalam'],"['Amazon Prime Video', 'Amazon Prime Video with Ads']",5.0,6,0.2666,120,https://image.tmdb.org/t/p/w500/sIAPJGOhKw9lZG85bkIHj8V0BwC.jpg
599801,Kerala Today,2015-08-14,"Kerala Today is a 2015 Malayalam movie directed by Kapil Chazhoor starring Maqbool Salmaan, Sreejith Ravi, Sunil Sukhada and Acharya. The movie is produced by AS Mithun and Sujeesh Kallupalam and the music composed by Shainu.",[],['kerala'],"['Maqbool Salmaan', 'Sreejith Ravi', 'Sunil Sukhada', 'Chembil Ashokan', 'Kalabhavan Mani']",[],[],[],[],0.0,0,0.1953,0,https://image.tmdb.org/t/p/w500/6MIbYTycEPNYWcNVQTuNDlBaKeX.jpg
935520,Panthrand,2022-06-24,"A gang of 12 members including two brothers, in a peculiar circumstance the elder brother, the gang leader withdraws himself from all the criminal activities and becomes a fisherman, his original job, the reason behind his transformation and the tussle between the brothers on this decision is the story of Panthrand.","['Drama', 'Action', 'Mystery']",[],"['Shine Tom Chacko', 'Dev Mohan', 'Vinayakan', 'Lal', 'Srindaa']",['Leo Thaddeus'],['Leo Thaddeus'],['Malayalam'],"['Amazon Prime Video', 'Amazon Prime Video with Ads']",5.7,3,0.2235,146,https://image.tmdb.org/t/p/w500/a6CLXaIOkVla42ZwurjczzEuCYp.jpg
835030,Peace,2022-08-26,"When fate turns out chaotic for a bunch of connected lives in their pursuit of pleasure, survival and greed-peace becomes the absolute necessity of life and karma boomerangs.","['Drama', 'Thriller', 'Comedy']",[],"['Joju George', 'Siddique', 'Asha Sarath', 'Aditi Ravi', 'Shalu Rahim']",['Sanfeer K'],"['Ramesh Girija', 'Sanfeer K', 'Safar Sanal']",['Malayalam'],[],6.3,3,0.2645,128,https://image.tmdb.org/t/p/w500/gUkrXgMmkMXHS6qEFnTJzbbLArR.jpg
1268174,Matinee,2024-03-14,A matinee draws a young man into desire and fear.,['Drama'],"['cruising', 'film in film', 'male homosexuality', 'sexual desire', 'lgbt', 'projectionist', 'malayalam', 'gay theme', 'theatre', 'afternoon', 'film inside film', 'film projector']","['ADARSH SABU', 'Ceion Joseph', 'Sunil Nambu']",['Hazmil Hussain'],['Hazmil Hussain'],['Malayalam'],[],0.0,0,0.2823,5,https://image.tmdb.org/t/p/w500/1TTa1XtRAugiC6g679fFFwfj6B3.jpg
580395,The Gambinos,2019-03-08,"The film revolves around a mother and her four sons and their life of crime. Things take a turn with the arrival of a young man called Mustafa, bringing unexpected twists and turns to the tale.",['Crime'],[],"['Radikaa Sarathkumar', 'Vishnu Vinay', 'Sampath Raj', 'Sijoy Varghese', 'Sreejith Ravi']",['Girish Panicker Mattada'],['Sakkir Madathil'],['Malayalam'],"['ManoramaMax', 'VI movies and tv', 'ManoramaMAX Amazon Channel']",1.0,1,0.2363,122,https://image.tmdb.org/t/p/w500/kmuzGvWFNqx1eAFjlmKNyuEmFlV.jpg
1001342,Enkilum Chandrike,2023-02-17,"Pavithran, Abhilash, and Kiran who take desperate measures to prevent a wedding from happening. The story takes you through their ideas and plans to stop the marriage and the problems they get into when these plans collide and intervene.","['Drama', 'Comedy', 'Romance']",[],"['Suraj Venjaramoodu', 'Basil Joseph', 'Saiju Kurup', 'Tanvi Ram', 'Niranjana Anoop']",['Adithyan Chadrashekar'],['Adithyan Chadrashekar'],['Malayalam'],"['ManoramaMax', 'ManoramaMAX Amazon Channel']",4.3,3,0.2978,119,https://image.tmdb.org/t/p/w500/j2FTzkIFskLXRoEPorfaJcGRsv2.jpg
405051,John Honai,2015-11-12,"After getting involved in an accident with a rich merchant, Devanarayanan, John receives a blank cheque from him. John, who is in big debt witdraws a huge sum using the check, and trouble follows him.",['Comedy'],"['friends', 'debt', 'money problems']","['Siddique', 'Rizabawa', 'Mukesh', 'Jagadish', 'Kalabhavan Navas']",['TA Thaufeek'],"['Fazal', 'Fazal']",['Malayalam'],[],1.0,1,0.3482,121,https://image.tmdb.org/t/p/w500/kozBGt1TWyenU6kjhBEDCy0MYI7.jpg
626059,"1956, Central Travancore",2019-09-10,"Kora and his brother Onan gather four men to go on a gaur hunt in order to make some quick money. Their journey progresses through their dreams, desires, fears, fantasies and struggles. Distanced from their families and loved ones, sharing stories help them remember and appreciate their inescapable pasts and make bonds. When the real and imagined nature turn out to be larger than their will and strength could handle, they learn the harsh realities of the endeavor they have taken up.",['Drama'],[],"['Jain Andrews', 'Assif Yogi', 'Krishnan Balakrishnan', 'Kani Kusruti', 'Pradeep Kumar']",['Don Palathara'],['Don Palathara'],['Malayalam'],[],5.3,3,0.2267,94,https://image.tmdb.org/t/p/w500/8MfCsiAmMgci0WQOtas3zizZdvy.jpg
680338,Love FM,2020-02-28,Love FM revolves around a radio that plays a crucial role in the love story. It is a romantic movie where it touches upon the love stories of two generations.,"['Romance', 'Drama']",[],"['Sarath Kumar', 'Tito Wilson', 'Malavika Menon', 'Devan', 'Boban Alummoodan']",['Sreedev Kappur'],"['P Jimshar', 'P Jimshar', 'Saju Kodiyan']",['Malayalam'],['ManoramaMax'],2.0,2,0.2922,120,https://image.tmdb.org/t/p/w500/i43UxMA5eEKzvB4P5R4n3vyr9G3.jpg
1465909,Red Balloon and a Peacock's Feather,2025-04-17,"On his daughter’s birthday, Das chooses not to return home. Instead, he visits Yakob—an elderly man slowly losing his memory. Introducing himself as Yakob’s long-lost son, Yusuf, Das spends the day with him, carefully nurturing conversations and reliving borrowed memories. As they walk, talk, and share quiet moments, a fragile bond begins to form—tender, unexpected, and deeply human.","['Drama', 'Family']","['dementia', 'father', 'slice of life', 'memory loss', 'guilt', 'slow burn', 'emotional drama', 'one day story']","['Narayanan M V', 'Rahulkrishna Pillai']",['Vinayak Divakaran'],['Vinayak Divakaran'],['Malayalam'],[],0.0,0,0.2738,14,https://image.tmdb.org/t/p/w500/6ZliltSUI8KUyluxjpdlhYZZQ4X.jpg
454826,Villain,2017-10-27,"ADGP Mathew Manjooran, returns to work after a seven-month sabbatical, only to take voluntary retirement. His last day has him investigating a case involving triple murder, including a police officer. Soon a pattern emerges and each clue also links Mathew. How is the veteran police officer tied to the murders and who is the real villain?","['Action', 'Crime', 'Thriller']","['ex-cop', 'serial killer', 'murder investigation']","['Mohanlal', 'Vishal Krishna', 'Hansika Motwani', 'Manju Warrier', 'Athira Patel']",['B. Unnikrishnan'],"['B. Unnikrishnan', 'B. Unnikrishnan']","['Tamil', 'Malayalam']","['Sun Nxt', 'VI movies and tv']",6.0,22,0.2777,143,https://image.tmdb.org/t/p/w500/1l9Ro7yuBOl5ROsm6UwPOVAwq2b.jpg
532206,Kaitholachathan,2018-05-25,Themovie is based on the life of Prakashan. It showcases his journey through different mysterious elements and his encounters with Kaitholachathan and Iruttu Gulikan.,"['Fantasy', 'Comedy']",[],"['Levin Simon Joseph', 'Kalabhavan Shajon', 'Vinod Kedamangalam', 'Mamukkoya', 'Jayan Cherthala']",['Sumeesh Ramakrishnan'],['Sumeesh Ramakrishnan'],['Malayalam'],[],0.0,0,0.1676,128,https://image.tmdb.org/t/p/w500/e58jY4PS8FG95aQTJzInIRRe1HY.jpg
457268,Ramante Edanthottam,2017-05-12,Ram Menon is a nature lover who runs a resort in the middle of the forest to cater to people who wants to get away from their busy lives. Malini is an urban housewife who's having issues with her husband Elvis. She visits the resort for peace of mind and instantly falls in love with the place and eventually the owner.,"['Drama', 'Romance']","['dancer', 'vacation', 'forest', 'resort', 'relationship', 'nature', 'marital tensions', 'forest resort']","['Anu Sithara', 'Kunchacko Boban', 'Joju George', 'Ramesh Pisharody', 'Sreejith Ravi']",['Ranjith Sankar'],['Ranjith Sankar'],"['English', 'Malayalam']",['Sun Nxt'],5.5,11,0.3185,122,https://image.tmdb.org/t/p/w500/oAQMUnxYiu2or1rHfAxtA4UCgcC.jpg
467003,Varnyathil Aashanka,2017-08-04,"A group of four men plan a jewellery heist during a hartal day in Thrissur. After a drunk man unwittingly joins the group, commotion and hilarity ensues.",['Comedy'],['heist'],"['Suraj Venjaramoodu', 'Kunchacko Boban', 'Chemban Vinod Jose', 'Manikandan Achari', 'Shine Tom Chacko']",['Sidharth Bharathan'],['Thrissur Gopalji'],['Malayalam'],['Sun Nxt'],6.7,10,0.2594,137,https://image.tmdb.org/t/p/w500/xAKwxrDGPjxbrGdbMoK7OuqWYhk.jpg
832977,The Last Two Days,2021-05-27,Two months have passed since the three youngsters have gone missing. One of whom is a designated candidate in the upcoming election. Circle Inspector Srikanth Sharma aided by constable Aby Mathew is in a last-ditch effort to solve the mystery.,['Thriller'],[],"['Deepak Parambol', 'Major Ravi', 'Nandan Unni', 'Dharmajan Bolgatty', 'Harikrishnan']",['Santhosh Lakshman'],"['Santhosh Lakshman', 'Santhosh Lakshman', 'Navaneeth Reghu']",['Malayalam'],[],5.5,5,0.1836,74,https://image.tmdb.org/t/p/w500/flTLLmPofc8p5XzI8rI2UwoyY6T.jpg
504504,Nellikka,2015-03-06,"Balu is an engineer, who is out of a job and returns home to attend his sister's wedding. His life takes an unexpected turn when he helps a friend caught in some illegal activities",['Thriller'],[],"['Atul Kulkarni', 'Deepak Parambol', 'Mamukkoya', 'Bhagath Manuel', 'Sunil Sukhada']",['Bijith Bala'],['P. R. Arun'],['Malayalam'],[],3.0,1,0.2579,141,https://image.tmdb.org/t/p/w500/dnZLiggoGPBDzkIWBNX9jGFDp8F.jpg
493574,Randuper,2018-02-04,"An unexplained break up from a five-year-old relationship over a night deeply disturbs the protagonist. To overcome this, he decides to document the night with hidden cameras; an act which has roots in his long but unfulfilled dream to become a film maker. But the night turns eventful.Ironically these events happen in the backdrop of the sudden and unexpected announcement of demonetisation.","['Drama', 'Thriller']","['hidden camera', 'travel', 'break-up']","['Bipin Basil Paulose', 'Santhy Balachandran', 'Suraj Venjaramoodu', 'Alencier Ley Lopez', 'Sunil Sukhada']",['Prem Shankar'],['Prem Shankar'],['Malayalam'],[],3.0,1,0.268,110,https://image.tmdb.org/t/p/w500/4VaL4Yj9DBzbtjcaFcQtcTiYckp.jpg
924121,Prappeda,2022-01-26,"A plane drops an atomic bomb, after which the pilot is ordered into hiding by the command centre. They have even rented a piece of jungle for him, where he starts a micro-community. However, a power struggle ensues between his half-blind granddaughter Ruby, the insomniac bodyguard, the priest appointed as her guardian by the pilot, and a policeman who says he is family. Things explode when Ruby befriends a mysterious stranger.","['Science Fiction', 'War', 'Drama']","['anti war', 'prappeda', ""hawk's muffin""]","['Ketaki Narayan Kulkarni', 'Nithin George', 'Rajesh Madhavan', 'Mano Jose', 'Neena Kurup']",['Krishnendu Kalesh'],['Krishnendu Kalesh'],['Malayalam'],[],6.0,2,0.2159,116,https://image.tmdb.org/t/p/w500/n99TO3VrgqV5LoIGnCQaIftgsdz.jpg
911246,Santhosham,2023-02-24,"Portrays the profound connection between kin, family values alongside a delicate dash of humor and an affection track that disagreement equal.",['Drama'],[],"['Anu Sithara', 'Kalabhavan Shajon', 'Mallika Sukumaran', 'Amith Chakalakkal', 'Asha Aravind']",['Ajith V Thomas'],['Arjun TS'],['Malayalam'],[],6.8,2,0.2857,118,https://image.tmdb.org/t/p/w500/r8PHuV8U8pQPTxWduVFdhR6JPu9.jpg
1036005,Theeppori Benny,2023-09-22,It revolves around the lives of Benn and his father Vattakuttayil Chettayi who is a selfless communist.,['Comedy'],[],"['Arjun Ashokan', 'Femina George', 'Tony Jose', 'Jagadish', 'Aswathy Sreekanth']","['Raajesh Mohan', 'Joji Thomas']","['Raajesh Mohan', 'Joji Thomas']",['Malayalam'],"['Amazon Prime Video', 'Amazon Prime Video with Ads']",2.0,2,0.1864,121,https://image.tmdb.org/t/p/w500/lBNOkdQdikCS6Apv1AtZZzhKLUi.jpg
1218605,Oru Kadath Naadan Katha,2023-12-15,"Movie portrays a single day in the life of Shanu, an engineering dropout in dire need of money for his mother's surgery - who is also on the run from a fearsome gang.","['Action', 'Crime', 'Drama']",[],"['Shaheen Siddique', 'Pradeep Ram Singh Rawat', 'Salim Kumar', 'Sudheer Karamana', 'Abhishek Raveendran']",['Peter Sajan'],"['Peter Sajan', 'Anoop Madhav']",['Malayalam'],[],3.0,1,0.2194,124,https://image.tmdb.org/t/p/w500/6GMGemx4uyHRcUq7FLV6TLq7Hzf.jpg
1030101,Dhoomam,2023-06-23,"Avinash wants to quit his marketing job at a top cigarette company, but it comes with consequences","['Thriller', 'Drama']",[],"['Fahadh Faasil', 'Achyuth Kumar', 'Aparna Balamurali', 'Joy Mathew', 'Dev Mohan']",['Pawan Kumar'],['Pawan Kumar'],['Malayalam'],['aha'],3.1,8,0.2427,143,https://image.tmdb.org/t/p/w500/zZ4qJFfv6UXqb6otLBW2qzOQu4C.jpg
495890,Street Lights,2018-01-26,"The story of Street Lights is based on the life of a Crime Branch police officer, James, who in his pursuit to solve a certain mystery, crosses path with several people and encounters various thrilling events. Will James succeed or fail in his mission and how will he react to the outcome, forms the crux.","['Crime', 'Thriller']","['burglary', 'police officer', 'crime investigation', 'bilingual']","['Mammootty', 'Lijomol Jose', 'Soubin Shahir', 'Hareesh Perumanna', 'Dharmajan Bolgatty']",['Shamdat Sainudeen'],['Fawaz Mohamed'],"['Malayalam', 'Tamil']",['VI movies and tv'],5.0,9,0.2386,129,https://image.tmdb.org/t/p/w500/vL5VVz0NGnLWV5MzhTV86dVKaJw.jpg
1197846,Woodpeckers were the first to know,2023-12-02,"Maanish belongs to a group of tree cutters. While returning home, he accidentally lost an axe he was supposed to hold onto. Despite all his efforts, he can't recover the axe. Maanish is then approached by a bizarre creature named Maramkothy, who promises to help him retrieve the lost axe.","['Fantasy', 'Drama']","['forest', 'creature', ""aesop's fables"", 'magical creature', 'folk tale', 'kvvaam']","['Aswin Krishna', 'Vishnu Narayanan N', 'Thamban Kodakkad', 'Edwin Tomy', 'Alpha Maria Tom']",['Ashin Jose'],['Ashin Jose'],['Malayalam'],[],4.0,1,0.1709,96,https://image.tmdb.org/t/p/w500/2XRvsWF4wg4v1UJQIx8dBxxvGzC.jpg
1388901,Manas,2024-02-16,"MANAS is a 2024 Indian Malayalam film, directed by Babu Thiruvalla and produced by Babu Thiruvalla and Lee Philip. The film stars Sheelu Abraham, Ashokan, Manoj k Jayan, Karthik shankar in the lead roles.",['Drama'],[],"['Manoj K Jayan', 'Ashokan', 'Sheelu Abraham', 'Krittika Pradeep', 'Kaarthik Shankar']",['Babu Thiruvalla'],['Babu Thiruvalla'],['Malayalam'],[],4.0,1,0.1919,97,https://image.tmdb.org/t/p/w500/xgG90PeE67QCDkcYuWEW4whxiQM.jpg
855358,Adithattu,2022-07-01,Adithattu denotes the 'lower strata in the society and the fishing community falls under this stratum. Adithattu will also explore the problems and livelihood of the fishermen community and will be a thriller subject.,"['Action', 'Thriller']",[],"['Sunny Wayne', 'Shine Tom Chacko', 'Prasanth Alexander', 'Murugan Martin', 'V. I. S. Jayapalan']",['Jijo Antony'],['Khais Millen'],['Malayalam'],[],3.0,2,0.2298,93,https://image.tmdb.org/t/p/w500/abzkj3UiYazVFZmLze90l8yOOm5.jpg
1590858,Together,2026-02-14,"“Together” follows a quiet young man who finds comfort in the gentle rituals of a café, where love blooms in silence and familiarity. In the warmth of repeated moments, he holds on to a presence that feels real, even if the world around him never sees it. It’s a tender story of longing, memory, and the kind of love that lives deeply inside — whether shared or not.","['Romance', 'Drama', 'Mystery']","['malayalam', 'short film', 'romantic drama', 'together']","['Abin Krishna', 'Aparna', 'Nandakishor']",['Sabarinath'],"['Sabarinath', 'Nandakishor', 'Nandakishor']",['Malayalam'],[],0.0,0,0.1659,30,https://image.tmdb.org/t/p/w500/4SgNX5gSpRQ1xTafst9LHNr13w1.jpg
796816,Yuvam,2021-02-12,"Aby and his friends are happy-go-lucky lawyers, who take up a social task when they find out that their irresponsibility leads to a loss of life. Will they succeed in this endeavour?",['Drama'],[],"['Amith Chakalakkal', 'Abhishek Raveendran', 'Nirmal Palazhi', 'Saikumar', 'Indrans']",['Pinku Peter'],['Pinku Peter'],['Malayalam'],"['ManoramaMax', 'ManoramaMAX Amazon Channel']",5.2,4,0.1673,119,https://image.tmdb.org/t/p/w500/vo1TfxITj6YLZy0JlAjVMBt2ckf.jpg
423335,Thoppil Joppan,2016-10-07,"Joppan's failed romance excuses him to be an alcoholic. Hoping to start a new life, he seeks out for some love but would fate favor him this time?",['Comedy'],"['ex-lover', 'marriage', 'doctor', 'alcoholic', 'kabbadi']","['Mammootty', 'Andrea Jeremiah', 'Mamta Mohandas', 'Kaviyoor Ponnamma', 'Sudheer Sukumaran']",['Johny Antony'],['Nishad K.Koya'],['Malayalam'],"['Sun Nxt', 'VI movies and tv']",5.2,16,0.1904,129,https://image.tmdb.org/t/p/w500/qIVko33XkOWk79P6cHHhuLZv9Oj.jpg
542109,Chandragiri,2018-08-03,"The film centers on Chandragiri, a village locality in Kasaragod, Kerala. It focuses on how a school was forced to give up their identity to anti-social thoughts and how a teacher fights against this.",['Drama'],[],"['Lal', 'Sajitha Madathil', 'Joy Mathew', 'Nandhu', 'Hareesh Peradi']",['Mohan Kupleri'],[],['Malayalam'],['Eros Now Select Apple TV Channel'],0.0,0,0.2306,142,https://image.tmdb.org/t/p/w500/qhWjzyRXh5OUXHdyVaydHKYkp9o.jpg
1202206,Uschool,2023-04-14,"A group of school students are caught in a dangerous situation when they decide to sneak into their school after hours. The film explores themes of friendship, loyalty, and the consequences of our actions.","['Comedy', 'Drama']","['friendship', 'loyalty', 'school', 'consequences', 'sneaking out']","['Abijith Ravi', 'Archana Vinod']",['P.M. Thomas Kutty'],"['P.M. Thomas Kutty', 'P.M. Thomas Kutty']",['Malayalam'],[],0.0,0,0.1786,103,https://image.tmdb.org/t/p/w500/anI6OlJtDpyfZJAh9jayPkLfwim.jpg
1110288,Cabin,2021-10-21,"Cabin revolves around Devaraj, a truck driver from Tamilnadu, who gets involved in an unforeseen incident with a family moving to Kerala.","['Drama', 'Action']","['cabin', 'road movie', 'ooty']","['Sukanyeah Krishna', 'Kailash', 'Joy Mathew', 'Mamukkoya', 'Ambika Mohan']",['Pulari Basheer'],[],[],[],0.0,0,0.1773,133,https://image.tmdb.org/t/p/w500/bojXxCGVCaP4986KYl6LnsI0Bws.jpg
1027345,Kowpina Shastram,2021-11-05,"Pithambaran, the owner of Gurukripa Catering, accepts to cater the very conservative, Pundarikaksha Kurup’s daughter’s wedding. However, on the eve of the wedding, Pithambaran is drunk beyond saving.",['Comedy'],[],"['Saheer Mohammed', 'Saji Sopanam', 'Reghunath Karamana', 'Sabari Raj', 'Meenakshi Jayan']",['Abhilash Omana Sreedharan'],[],['Malayalam'],[],6.0,1,0.2543,17,https://image.tmdb.org/t/p/w500/o356Yr2Qi5LKmHlE548cIdI0OMM.jpg
1566136,Magic Mushrooms,2026-01-23,Mysterious mushrooms trigger odd events in Kanjikkuzhi village. Friends investigating their origin discover a web of folklore and scientific mysteries that challenge the boundary between natural and supernatural.,"['Drama', 'Comedy']",[],"['Vishnu Unnikrishnan', 'Akshaya Udhayakumar', 'Harisree Ashokan', 'Jaffer Idukki', 'Johny Antony']",['Nadirshah'],['Akash Dev'],['Malayalam'],[],0.0,0,0.2383,137,https://image.tmdb.org/t/p/w500/pKszcXMCZxAut8lkRanpVEJfZLc.jpg
465029,E,2017-08-18,"Attempting to kickstart his career, Karthik makes a documentary on Alzheimer's disease. His subject, Malathi Menon, lives in a small town outside Harippad with her daughter Athira. Karthik and his team arrive at Malathi's place and start noticing Malathi's unexplainable behavior, where she starts speaking in an ancient language and scribbling on certain pictures.","['Horror', 'Thriller']","['supernatural', 'house']","['Gautami Tadimalla', 'Ashiq Ameer', 'Nithya Naresh', 'Balaji Jayaraman', 'Dain Davis']",['Kukku Surendran'],"['Rohan Rajaj', 'Hari Kumar K']",['Malayalam'],[],4.0,1,0.1915,122,https://image.tmdb.org/t/p/w500/fYOA34FH61tNiN5CXlEvwYiOwTp.jpg
1022973,Malikappuram,2022-12-30,8 year old Kallu from Panchalimedu village is unhappy that her pilgrimage to Sabarimala is delayed and decides to go with her friend.,"['Drama', 'Action']",[],"['Devanandha', 'Sreepath', 'Unni Mukundan', 'Saiju Kurup', 'Manoj K Jayan']",['Vishnu Sasi Shankar'],['Abhilash Pillai'],['Malayalam'],['JioHotstar'],6.5,6,0.1951,121,https://image.tmdb.org/t/p/w500/3CFhiwbxJXu7YpOJG3vG1TRB0Zd.jpg
614937,Veyilmarangal,2020-02-28,"After a village in Kerala is flooded, A scheduled caste family which doesn't get any support from government migrates to Himachal Pradesh in search of job & struggles to adapt in a totally new environment conditions.",['Drama'],[],"['Indrans', 'Saritha Cukku', 'Master Govardhan', 'Prakash Bare', 'Krishnan Balakrishnan']",['Bijukumar Damodaran'],['Bijukumar Damodaran'],"['Hindi', 'Malayalam']",[],6.0,2,0.2335,108,https://image.tmdb.org/t/p/w500/2VHT3jLiw6QYDw1fupfcgQJ92pf.jpg
1000065,Maharani,2023-11-24,A man frantically tries to discover the whereabouts of his ex-girlfriend after their breakup.,"['Drama', 'Comedy']",[],"['Roshan Mathew', 'Shine Tom Chacko', 'Balu Varghese', 'Johny Antony', 'Harisree Ashokan']",['G. Marthandan'],['Ratheesh Ravi'],['Malayalam'],[],5.0,3,0.2836,126,https://image.tmdb.org/t/p/w500/yyVZU0gyvRbLyKYdNa23GLF5jje.jpg
800950,Thirike,2021-02-26,"A young crafty man kidnaps his own brother, who has Down Syndrome, from his adoptive parents in an attempt to reclaim his past.","['Drama', 'Family']",[],"['Gopi Krishna Varma', 'George Kora', 'Shanthi Krishna', 'Sarasa Balussery', 'Namita Krishnamurthy']","['Sam Xaviar', 'George Kora']",['George Kora'],['Malayalam'],['ShemarooMe'],6.7,6,0.1786,108,https://image.tmdb.org/t/p/w500/vdJ1YYdUpaBAlXbqFw4CuYcTz7k.jpg
631882,Finals,2019-09-06,"Supported by a devoted father, an ambitious coach and her best friend, cycling prodigy Alice Varghese struggles to maintain a handle on life as she journeys towards an Olympic medal.",['Drama'],[],"['Suraj Venjaramoodu', 'Rajisha Vijayan', 'Niranjan', 'Maniyanpilla Raju', 'Tini Tom']",['P. R. Arun'],['P. R. Arun'],['Malayalam'],"['ManoramaMax', 'ManoramaMAX Amazon Channel']",5.1,3,0.1977,122,https://image.tmdb.org/t/p/w500/6lsMCGKoG7hJResQwBAO9DRKAPz.jpg
368369,Salt Mango Tree,2015-11-06,"Aravindan and Priya, a married couple, are struggling to find a place for their four-year-old son, Ashwin, in a reputed school. They encounter challenges as they fight the education system.","['Comedy', 'Drama']","['village', 'grandparents', 'educational', 'admissions']","['Biju Menon', 'Lakshmi Priyaa', 'Kristian Varkichan', 'Suhasini Maniratnam', 'Sarayu Mohan']",['Rajesh Nair'],"['Rajesh Nair', 'Vinod Vijayakumar', 'Vinod Jayakumar']",['Malayalam'],"['ManoramaMax', 'ManoramaMAX Amazon Channel']",6.2,17,0.2247,123,https://image.tmdb.org/t/p/w500/eNg9YGqmHegWwSGG2odjuKbdP1f.jpg
1298418,Kudumba Sthreeyum Kunjadum,2024-05-31,"A police officer pursues a gang of thieves. Meanwhile a husband returns from overseas with his wife, leading to marital complexities.","['Comedy', 'Crime']",[],"['Dhyan Sreenivasan', 'Anna Reshma Rajan', 'Kalabhavan Shajon', 'Jaffer Idukki', 'Maniyanpilla Raju']",['Mahesh P. Sreenivasan'],['Sree Kumar Arackal'],['Malayalam'],['Sun Nxt'],2.0,1,0.1933,150,https://image.tmdb.org/t/p/w500/3wqMK6Rt8gOWpicv81Eq4NojUPo.jpg
510770,Mattancherry,2018-03-09,,['Action'],[],"['Lal', 'I. M. Vijayan', 'Kottayam Nazeer', 'Kalesh Kannattu', 'Gopika Anil']",['Jayesh Mynagappally'],['Shaji N Jaleel'],['Malayalam'],[],0.0,0,0.1222,123,https://image.tmdb.org/t/p/w500/ourWfZQWxVEZVI7e6JnMy7psmMu.jpg
368377,Kanal,2015-10-22,"John David, a workingman hit by the recession, enlists the help of Ananthraman, a fellow traveller, to con a builder. He asks Ananthraman to pose as his associate while he pretends to be an architect.","['Thriller', 'Drama']",[],"['Mohanlal', 'Anoop Menon', 'Atul Kulkarni', 'Jose', 'Prathap Pothan']",['Padmakumar M'],['Suresh Babu'],['Malayalam'],"['Sun Nxt', 'VI movies and tv']",4.7,5,0.2321,157,https://image.tmdb.org/t/p/w500/tLji5rhGaUW4h8dFPppeo3mb47h.jpg
599083,Ottam,2019-03-08,"Set in Trivandrum, the story of Ottam unfolds in a day, and progresses through the lives of two youngsters - Abhi and Vinay. What does destiny have in store for these young men?",['Drama'],[],"['Nandu Anand', 'Roshan Ullas', 'Renu Soundar', 'Manikandan Achari', 'Alencier Ley Lopez']",['Zam'],"['Rajesh K. Narayan', 'Rajesh K. Narayan']",['Malayalam'],"['Amazon Prime Video', 'Amazon Prime Video with Ads']",4.0,2,0.162,120,https://image.tmdb.org/t/p/w500/8jh1rKWivbrztzbQZc0K9ebyc4B.jpg
1583828,Samalraajinte Swapnangal,2025-08-26,"""Samalraajinte Swapnangal"" is a Malayalam short film directed by Ajmal Akbar, produced by Bunny Cinema Productions","['Comedy', 'Romance']",[],"['Amina Nijam', 'Vaisakh Vijayan', 'V. T. Vijilesh', 'Bitto Davis', 'Noufiya Kadher']",['Ajmal Akbar'],['Ajmal Akbar'],['Malayalam'],[],0.0,0,0.2396,31,https://image.tmdb.org/t/p/w500/1DkRjD0yagnerFotjbZjCMPfPjl.jpg
1410632,Parannu Parannu Parannu Chellan,2025-01-31,"Jiju Janardhanan is in love with Sandhya, she belongs to an old traditional family. Their annual pooja ritual along with Jiju and Sandhya's love and her intention to elope from home seems to be do or die situation. The large family is against their love and that complication leads to more interesting things to follow.","['Comedy', 'Drama', 'Romance']",[],"['Unni Lalu', 'Sidharth Bharathan', 'Vijayaraghavan', 'Sajin Cherukayil', 'Sreeja Das']",['Jishnu Harindra Varma'],"['Vishnu Raj', 'Vishnu Raj']",['Malayalam'],"['Amazon Prime Video', 'ManoramaMax', 'ManoramaMAX Amazon Channel', 'Amazon Prime Video with Ads']",1.0,1,0.2003,120,https://image.tmdb.org/t/p/w500/jsbsykJvP8qsUG17awUFwFn6wqq.jpg
398625,Onnum Onnum Moonu,2015-09-08,"Onnum Onnum Moonu' set in the backdrop of Alappuzha picturizes the scenic beauty of Alappuzha and Kuttanadu. 'Onnum Onnum Moonu' hilariously narrates the goof ups of Alexander who comes to enjoy the beauty of Alappuzha. An autorickshaw driver and a hotel manager try to cheat Alexander and the resulting events are plotted in 'Onnum Onnum Moonu'. Riyaz, who has done a notable role in 'Flat No 4 B', does the role of Alexander. Amir Niyaz, Abhishek, Surya Sankar, Arun, M R Gopakumar, Irshad, and Sathar also include the cast. 'Onnum Onnum Moonu' is directed by Abhilash SB and the film is written by Fais Umer. Cinematography is by Santhosh K Lal and music by Muralee Krishna and Shibu Joseph with lyrics by Philipose Thathampally and Santhosh Kodanadu.","['Drama', 'Comedy']",['anthology'],"['Kalabhavan Mani', 'Leona Lishoy', 'Arun', 'Indrans', 'Irshad']","['Sreekanth V.S', 'Abhilash S.B']",['Fais Umer'],['Malayalam'],[],7.0,1,0.2238,0,https://image.tmdb.org/t/p/w500/vVy5o2gBvU6MdZqzVghaeHNquhP.jpg
398624,Maalgudi Days,2016-01-08,The movie is set in the backdrop of an imaginary school named Malgudi Residential School. The movie revolves around a mysterious man Zephan Solomon(Anoop Menon) and two students of this school.,[],[],"['Anoop Menon', 'Bhama', 'Vishal Krishna', 'Priyanka Nair', 'Saiju Kurup']","['Visakh Sreekumar', 'Vinod Sreekumar', 'Vivek Sreekumar']",[],['Malayalam'],"['Amazon Prime Video', 'Amazon Prime Video with Ads']",5.8,2,0.1665,0,https://image.tmdb.org/t/p/w500/u5ap8pQcWEMB73k4f1Qq2WEQqN3.jpg
911237,Pallimani,2023-02-24,"A husband, his pregnant wife and two kids are forced to take shelter in an abandoned church in the middle of the night because they are being hunted by a serial killer. Can they escape the serial killer with a dark past?",['Horror'],[],"['Kailash', 'Shweta Menon', 'Nithya Das', 'Harikrishnan', 'Dinesh Panicker']",['Anil kumbazha'],['K.V. Anil'],['Malayalam'],[],1.0,1,0.2682,92,https://image.tmdb.org/t/p/w500/gcDBe82K7wHq1BDiJiPE66dM72w.jpg
405074,Ariyathe Ishtamai,2015-12-11,"excellent movie.. awesome cinematography's. undeniable performance . a movie for all generations, seasons and everything. very few ppl might watch this movie but its their loss",[],[],"['Renjith Raj', 'Cindrella', 'Kalasala Babu', 'Sasi Kalinga']",['Pradip Raj'],[],['Malayalam'],[],0.0,0,0.1709,0,
1231978,Samadhana Pusthakam,2024-07-19,"The film is set against the backdrop of a school and the story is set in two different periods—2000 and 2023. Alex (Siju Wilson), a business magnate, is invited by his school as chief guest for its 75th anniversary. Upon his visit to the school, he realises that students aren't given freedom even in modern times","['Comedy', 'Drama', 'Family']",[],"['Siju Wilson', 'Mathew Thomas', 'Leona Lishoy', 'Meghanathan', 'James Eliya']",['Raveesh Nath'],"['Arun D Jose', 'Raveesh Nath', 'Sivan C.P']",['Malayalam'],[],4.0,2,0.2287,123,https://image.tmdb.org/t/p/w500/c7e2CdlhOANd0qCNKUhpusaLSy8.jpg
937846,Pariwar,2025-03-07,"Bhaskara Pillai (99) lies bedridden, awaiting his final moments, while his four sons, having secured their own fortunes, fixate on one thing-the diamond ring on his finger.","['Family', 'Comedy']",[],"['Jagadish', 'Prasanth Alexander', 'Indrans', 'Sohan Seenulal', 'Pramod Veliyanad']","['Ulsav Rajeev', 'Fahad Nandu']","['Ulsav Rajeev', 'Fahad Nandu']",['Malayalam'],"['Amazon Prime Video', 'Amazon Prime Video with Ads']",5.7,3,0.3409,117,https://image.tmdb.org/t/p/w500/6IO4TLGEYkZDhmcBvtXeJmuBKL7.jpg
1046714,Janaki Jaane,2023-05-12,"Struggling with panic disorder, Janaki is ecstatic when Unni Mukundan proposes to marry her. Things go south when Janaki's fears land her in serious trouble.","['Drama', 'Comedy', 'Family']",[],"['Saiju Kurup', 'Navya Nair', 'Sharafudheen', 'Johny Antony', 'Kottayam Nazeer']",['Aneesh Upasana'],"['Aneesh Upasana', 'Anil Narayanan', 'Rohan Raj']",['Malayalam'],[],4.5,4,0.2785,122,https://image.tmdb.org/t/p/w500/2YrXfW28FDIfJr4AOooMVp61x4Y.jpg
431596,Appuram Bengal Ippuram Thiruvithamkoor,2016-03-04,"2016 Malayalam Movie Three friends live in a room in a rented house owned by a politician. In another part of this rented house, comes a Bengali family. The arrival of the Bengali family disrupts the happy life of the three friends.",['Comedy'],[],"['Maqbool Salmaan', 'Ansiba Hassan', 'Shammi Thilakan', 'Idavela Babu', 'Charulatha']",['Sennan'],[],['Malayalam'],[],0.0,0,0.2707,124,https://image.tmdb.org/t/p/w500/90CwOQqlvu7R8AOazEl49M4cIGe.jpg
1288349,Gu,2024-05-17,"Gu follows the fearless eight-year-old Minna on her first visit to her dads ancestral home where she becomes enthralled by the legend of Gulikan, a spectral presence rumored to appear anytime, day or night.  When her cousin Paru falls under the grip of an evil entity, Minna and her cousins embark on a courageous mission to banish the malevolent force","['Drama', 'Horror']",[],"['Devanandha', 'Saiju Kurup', 'Niranjan', 'Vijay Nelliz', 'Aswathy Manoharan']",['Manu Radhakrishnan'],['Manu Radhakrishnan'],['Malayalam'],[],0.0,0,0.142,127,https://image.tmdb.org/t/p/w500/64Jg10s5g215yCMjtrPCI8oXwvo.jpg
400067,Thilothama,2015-11-27,Rosy is a woman of enchanting beauty who sings and dances in a 5 star hotel in the town. She happens to be an eyewitness to a murder that happens in the hotel.,['Comedy'],"['dancer', 'nun', 'fake identity', 'singer', 'murder']","['Rachana Narayanankutty', 'Siddique', 'Manoj K Jayan', 'Devi Chandana', 'Anoop Chandran']",['Preethi Panicker'],"['Preethi Panicker', 'Preethi Panicker']",['Malayalam'],[],1.0,1,0.1671,141,https://image.tmdb.org/t/p/w500/s9R24XSSXC8mY7nYdfiBwOqQ5DD.jpg
1002825,Kuri,2022-07-22,A middle-aged man wins a lottery and a group of people aim at this prize money. The plot is unveiled through a lot of twists and turns giving an unexpected twist to the thrilling tale.,"['Drama', 'Thriller']",[],"['Vishnu Unnikrishnan', 'Aditi Ravi', 'Surabhi Lakshmi', 'Vishnu Govindan', 'Pradeep Kottayam']",['K R Praveen'],"['K R Praveen', 'K R Praveen']",['Malayalam'],[],6.0,3,0.2534,106,https://image.tmdb.org/t/p/w500/6PFlIYNynzJTevfden3BHvlxtLR.jpg
428796,Aalroopangal,2016-01-08,Aalroopangal narrates the effects of hartal in the life of common man. Nandu does the lead role as a roadside food vendor.The film plots how an unexpected declaration of hartal changes his life.,['Drama'],[],"['Nandhu', 'Maya Viswanath', 'Sudheer Karamana', 'Raghavan', 'Kainakary Thankaraj']",['C.V. Premkumar'],['C.V. Premkumar'],['Malayalam'],[],7.0,1,0.1522,135,https://image.tmdb.org/t/p/w500/Af3s0MiQH4isec3Wf7aeKmoVb48.jpg
1066436,Kaipola,2023-04-07,Eby and his lover Jeny have come a long way since the day they began their journey of assembling a wheelchair cricket team. Can they defeat an established state team and become the state`s official team?,"['Drama', 'Family', 'Romance']",[],"['Sajal Sudarshan', 'Indrans', 'Samriddhi Tara', 'Sreejith Ravi', 'Kalabhavan Shajon']",['K G Shyju'],[],['Malayalam'],[],0.0,0,0.1482,125,https://image.tmdb.org/t/p/w500/8FCaZ2pVHwzmcwzPc7wAr1D1haz.jpg
618425,A for Apple,2019-07-19,"Achu, a runaway orphan, comes back looking for his childhood sweetheart, Vishnupriya. But time has changed her and he will have to win her over. Meanwhile Vishnupriya, now a rebel activist, is looking for answers from her past, has her own demons to deals with and has no time for love. So, Achu joins her in her quest to find answers from her past.","['Drama', 'Romance']",[],"['Janvi Baiju', 'Tony Sijimon', 'Nedumudi Venu', 'Sheela', 'Salim Kumar']",['Madhu S Kumar'],"['P. F. Mathews', 'Rajesh Jayaraman']",['Malayalam'],[],0.0,0,0.2021,140,https://image.tmdb.org/t/p/w500/6P6hgpAJ1SGGbKlyY71VE5zfnS6.jpg
1144289,Iru,2023-01-06,"During their campus life, classmates Rishi and Priya fall in love. Priya's father does not approve their relation based on caste differences. Ravindran, a friend of Priya's father, comes up with a plan to free Priya from Rishi.",['Drama'],[],"['Rajeev Rajan', 'Nayana Elza', 'Dain Davis', 'Jaffer Koduva', 'Pradeep Kottayam']",['Varghese Lal'],['Jose K. Manuel'],['Malayalam'],[],0.0,0,0.1593,0,
534781,Pettilambattra,2018-06-29,A story of four friends who leave their jobs as painting laborers and venture into the world of fisheries with the help of an old Lambretta scooter.,['Comedy'],[],"['Levin Simon Joseph', 'Indrans', 'Jenson Alappat', 'Irshad', 'Chembil Ashokan']",['Syam Lenin'],['Syam Lenin'],['Malayalam'],[],6.0,1,0.1898,122,https://image.tmdb.org/t/p/w500/htnUbmsqGOSfvp4X5MTO5tH9jSS.jpg
1321808,L - Learning to Love,2024-07-27,"Hari, a nursing dropout who runs a driving school, going through grief after his breakup trying to figure out the reason and move on.",['Drama'],"['romance', 'break-up', 'village love']","['Unnimaya Nalappadam', 'Jithin Kannan', 'Ashwin E Thayneri']",['Darshan K'],"['Nandu Nileshwar', 'Adithyan Neelamana']",['Malayalam'],[],0.0,0,0.2196,25,https://image.tmdb.org/t/p/w500/2dYsAkuS03wambCDmRaiWQqAaaT.jpg
979356,Family,2024-02-22,"Sony is a kind man, a good Christian. He is always willing to lend his fellow villagers a helping hand, assist struggling children with their school lessons or organise volunteer activities. When an outcast family is struck by tragedy, he negotiates with the Church to rehabilitate them financially. Sony is not just the connective tissue, but the beating heart of this small Catholic village. Under his genial exterior, however, lurks something dark.",['Drama'],[],"['Vinay Forrt', 'Divya Prabha', 'Mathew Thomas', 'Nilja K. Baby', 'Abhija Sivakala']",['Don Palathara'],"['Don Palathara', 'Sherin Catherine']",['Malayalam'],"['MUBI', 'ManoramaMAX Amazon Channel']",5.5,2,0.1887,111,https://image.tmdb.org/t/p/w500/9oCMBR9unhw5q7O6lveY6pBS9oR.jpg
569898,Ippozhum Eppozhum Sthuthiyayirikatte,2018-11-23,,['Drama'],[],"['Devan', 'Archana Suseelan', 'Kottayam Nazeer', 'Geetha Vijayan', 'Jaffer Idukki']",['Rajeev Balakrishnan'],['Chithran Vellanchira'],['Malayalam'],[],0.0,0,0.1218,122,https://image.tmdb.org/t/p/w500/tpTm2f3JOxwCYFQIjsGyMqIPm3k.jpg
471714,Lechmi,2017-08-25,The main theme of the movie revolves around four bachelors. The story follows an incident that leads to unforeseen and dramatic changes in their lives,"['Thriller', 'Horror', 'Comedy']",['bachelor'],"['Parvathy Ratheesh', 'Maanav', 'Biju Sopanam', 'Sajeer Ahammed', 'Deepu Parassala']",['B.N. Shajeer Sha'],"['B.N. Shajeer Sha', 'Sajeer Ahammed']",['Malayalam'],[],4.5,2,0.2038,150,https://image.tmdb.org/t/p/w500/wjlJln4FKhUA75X99ZM2hCI6Q7z.jpg
606779,Thottappan,2019-06-05,"When his partner in crime goes missing, a small-time crook’s life is transformed as he dedicates himself to raising the daughter his friend left behind.",['Drama'],"['thief', 'father daughter relationship']","['Vinayakan', 'Roshan Mathew', 'Priyamvada Krishna', 'Lal', 'Dileesh Pothan']",['Shanavas K Bavakkutty'],"['P S Rafeeque', 'Francis Noronha']",['Malayalam'],['Netflix'],5.0,3,0.33,140,https://image.tmdb.org/t/p/w500/a8wuWwq1sSkImlJkwz5zfFUDoAJ.jpg
939464,Olam,2023-08-11,,[],[],"['Lenaa', 'Arjun Ashokan', 'Binu Pappu', 'Harisree Ashokan', 'Noby Marcose']",['V S Abhilash'],['V S Abhilash'],['Malayalam'],[],0.0,0,0.1865,0,https://image.tmdb.org/t/p/w500/l5y38ZGQDPbCZfOvxr85gS15y4p.jpg
855133,Adi,2023-04-14,"Nandu, has been earning a living in Saudi and is engaged to Geethika. They get married but while returning from the church they get in a fight with two men on a bike.","['Comedy', 'Drama', 'Family']",[],"['Shine Tom Chacko', 'Ahaana Krishna', 'Dhruvan', 'Bitto Davis', 'Sreekanth Dasan']",['Prasobh VIjayan'],['Ratheesh Ravi'],['Malayalam'],['Zee5'],4.8,4,0.1618,131,https://image.tmdb.org/t/p/w500/7md5bWSbJpN97wbL4DtL6QC8zrz.jpg
409204,Anyarku Praveshanamilla,2016-06-17,"Priyadarshan (Tini Tom) is a dubbing artist for TV serials and Ad-Films. He got married to Anjana (Aditi Roy) for 4 years and his family life was peaceful without any Issues. Only worry they had was about not having a child. To overcome that, they started engaging themselves in socializing and mixing with their friends without realizing where to control and restrict their friends in their personal family space. Priyadarshan and Anjana are such couple who openly speaks their issues each other and resolve the same.","['Thriller', 'Comedy']",[],"['Tini Tom', 'Aditi Rai', 'Suraj Venjaramoodu', 'Sunil Sukhada', 'Sreejith Ravi']",['V.S Jayakrishna'],"['Hari Madai', 'Jayaraj Madai']",['Malayalam'],[],0.0,0,0.2226,135,https://image.tmdb.org/t/p/w500/k3Dqvv3fpRVUgdUMmvxs5RVPqyf.jpg
505473,Ankarajyathe Jimmanmar,2018-02-16,"Prakashan wishes to be a filmmaker. He leaves his wife and kid behind in the village and goes to Kochi to meet his friend Kichu, who, he believes, has earned a name for himself in the industry.",['Comedy'],[],"['Roopesh Peethambaran', 'Rony David Raj', 'Rajeev Pillai', 'Anu Mohan', 'Mareena Michael']",['Praveen Narayanan'],['Praveen Narayanan'],['Malayalam'],[],0.0,0,0.1834,146,https://image.tmdb.org/t/p/w500/6fKPDa3o70hgEhYmR6uMV7Gpqac.jpg
657716,Prathi Poovankozhi,2019-12-20,Madhuri is assaulted on a bus one day and won't rest till she hits back at the man,['Drama'],[],"['Manju Warrier', 'Anusree Nair', 'Rosshan Andrrews', 'Saiju Kurup', 'Grace Antony']",['Rosshan Andrrews'],"['Unni R.', 'Unni R.']",['Malayalam'],['Zee5'],6.1,11,0.1874,102,https://image.tmdb.org/t/p/w500/d8JgG1TyenE5e02IyQM1AYUmzZi.jpg
1244756,Jananam 1947 Pranayam Thudarunnu,2024-03-15,"The film tells the story of Gowri, an elderly woman living in an old age home, who decides to leave with Shivan, a caretaker. Their journey together turns into a tale of companionship and love in their twilight years.",['Drama'],[],"['Jayaraj Kozhikode', 'Leela Samson', 'Anu Sithara', 'Deepak Parambol', 'Noby Marcose']",['Abijith Asokan'],['Abijith Asokan'],['Malayalam'],['VI movies and tv'],4.0,1,0.2183,106,https://image.tmdb.org/t/p/w500/orjHDpKa5Cj26I2sMSht8f5J2dd.jpg
476882,LavaKusha,2017-10-12,"Two semi-jobless Malayali men meet in Chennai and become friends. When they sense their common interest to be cops, after inadvertently get involved in a police encounter, they decide to stick together. What awaits them is a cauldron of crimes and outlaws.","['Comedy', 'Drama']","['friendship', 'strangler']","['Neeraj Madhav', 'Aju Varghese', 'Biju Menon', 'Deepti Sati', 'Major Ravi']",['Gireesh Mano'],['Neeraj Madhav'],"['Malayalam', 'Tamil']",[],6.4,10,0.2065,151,https://image.tmdb.org/t/p/w500/ikP7bxuHZ3IKFPjWMTJch91QtC9.jpg
521381,Jaadayum Mudiyum,2015-09-11,"A social satire that revolves around the life of a young unemployed graduate named Subhash. The short film focuses on the influence of social media,fashion and modern day friendships on the lives of youth.",['Drama'],['short film'],"['Shaalin Zoya', 'Ajith Sivadas', 'Rejo Mammen', 'Shabin Paul']",['Abhai Asokan'],"['Lijo Pavaratty', 'Abhai Asokan']",['Malayalam'],[],0.0,0,0.1634,22,https://image.tmdb.org/t/p/w500/laqWbtFW2C7mH1kCofqa5Gqp7HD.jpg
641823,Nalpathiyonnu,2019-11-08,An atheist goes on a pilgrimage to Sabarimala. What will he get out of the experience? The film features Biju Menon and Nimisha Sajayan in the lead roles and was shot in Thalaserry.,['Drama'],['nalpathiyonu'],"['Biju Menon', 'Sharanjith', 'Nimisha Sajayan', 'Dhanya Ananya', 'Suresh Krishna']",['Lal Jose'],['P.G.Prageesh'],['Malayalam'],"['Sun Nxt', 'VI movies and tv']",6.5,2,0.2215,134,https://image.tmdb.org/t/p/w500/rxRoDCTpVhjYAPIZTLCjEdcaKYs.jpg
1493335,Thug CR 143/24,2025-06-06,"Thug CR 143/24 is a gripping Malayalam investigation thriller that unfolds over two high-stakes days. A murder case spirals into a web of shifting narratives, where every character-investigators, suspects, and shadowy figures-adds a new twist to the truth. With no clear hero, the film blurs the lines between guilt and innocence, leaving one haunting question: Who is the real thug?","['Crime', 'Mystery', 'Thriller']",[],"['Dhyan Sreenivasan', 'Siddique', 'Saikumar', 'Bindu Panicker', 'Vinaya Prasad']",['Balu S Nair'],['Balu S Nair'],['Malayalam'],"['ManoramaMax', 'ManoramaMAX Amazon Channel']",2.0,1,0.1973,96,https://image.tmdb.org/t/p/w500/hgoyl0TE6p4kECkugyO0SilaHi9.jpg
1327314,Prathi Niraparadhiyaano ?,2022-12-02,"This is a drama movie. The movie stars Aabha Shahjith, Aristo Suresh, Balaji Sharma, and Hareesh Peradi and explores the intricate themes of guilt and innocence within the context of modern society.",['Drama'],[],"['Pradeep Nalanda', 'Indrans', 'Hareesh Peradi', 'Sreejith Ravi', 'Idavela Babu']",['Sunil Pottamal'],[],['Malayalam'],"['ManoramaMax', 'VI movies and tv', 'ManoramaMAX Amazon Channel']",0.0,0,0.1771,127,https://image.tmdb.org/t/p/w500/wd65sQSyMOY9Bej2dgS5A5gVlOD.jpg
361373,Kanyaka Talkies,2015-07-10,A priest has a crisis of faith after hearing strange voices in his church -- which used to be a village's movie theater.,['Drama'],[],"['Murali Gopy', 'Lenaa', 'Alencier Ley Lopez', 'Indrans', 'Maniyanpilla Raju']",['K.R Manoj'],"['K.R Manoj', 'Ranjini Krishnan', 'P. V. Shajikumar']",['Malayalam'],['Zee5'],7.4,4,0.2674,115,https://image.tmdb.org/t/p/w500/j3Uuct7rMkzxuAuUdq46nEHEvBv.jpg
1686046,Aval,2026-05-01,"Aval authentically portrays Prabha's life with a hearing challenge, inspired by a real-life character, resonating with genuine emotion and depth.",['Drama'],[],[],[],[],['Malayalam'],[],0.0,0,0.2653,93,https://image.tmdb.org/t/p/w500/bzoKVgb5YoozTwFRQqCH88Sy8E5.jpg
1277218,Neela Rathri,2023-12-29,"The film depicts a horrific single-night incident in the life of an IT Professional who enjoys a modern and luxurious lifestyle. However, it leads to the discovery of the valuable things he owned and once enjoyed. But is it too late?",['Drama'],['one night'],"['Hima Shankar', 'Bhagath Manuel', 'Baby Vedika', 'Sumesh Surendran', 'Vaigha Rose']",['Asok Nair'],['Asok Nair'],['Malayalam'],[],1.0,1,0.2873,94,https://image.tmdb.org/t/p/w500/ybs6NcV7knketJxTssxj59EQIxl.jpg
836070,Varayan,2022-05-20,The main plot revolves around a priest who beats poor villagers into a bloody pulp.,"['Drama', 'Action']",[],"['Siju Wilson', 'Leona Lishoy', 'Maniyanpilla Raju', 'Vijayaraghavan', 'Bindu Panicker']",['Jijo Joseph'],['Danny Capuchin'],['Malayalam'],"['Amazon Prime Video', 'Amazon Prime Video with Ads']",4.5,4,0.1956,153,https://image.tmdb.org/t/p/w500/mmQrKxfQaWBAlxqapOasLHuy4oE.jpg
1308013,Swakaryam Sambhava Bahulam,2024-05-31,"When Ravi's daughter's husband, Pushparajan, mysteriously disappears, Ravi initially doesn't want to get involved, but eventually starts to investigate. As he digs deeper, he discovers a web of secrets and lies that threaten to tear his family apart.","['Drama', 'Crime', 'Mystery']",[],"['Jeo Baby', 'Sajin Cherukayil', 'Annu Antony', 'Amith Mohan Rajeswari', 'Sudheer Paravoor']",['Naseer Badarudeen'],"['Naseer Badarudeen', 'Naseer Badarudeen']",['Malayalam'],"['ManoramaMax', 'ManoramaMAX Amazon Channel']",6.0,3,0.1979,116,https://image.tmdb.org/t/p/w500/35GI1WRm3FdAHdPZK84NVdMN01F.jpg
1680946,Kidilam Paru,2026-04-25,"Chanthu sees marrying Paru as his chance to move abroad, while Sharath, an aspiring influencer, hopes to connect over shared interests. Things quickly spiral into a series of funny misadventures and unexpected bonds","['Comedy', 'Drama']",[],"['Devi Nandana', 'Arun Lal Kannan', 'Hari Balakrishnan', 'Neeraj Chithrakoodam']",['Sugesh S Achary'],[],['Malayalam'],['ManoramaMAX Amazon Channel'],2.0,1,0.231,145,https://image.tmdb.org/t/p/w500/4DYxdg22ZKi05ZgQLSekcwnL8IQ.jpg
594422,1948 Kaalam Paranjathu,2019-01-04,,[],[],"['Saikumar', 'Bala', 'Devan', 'Sreejith Ravi', 'Anoop Chandran']",['Rajeev Naduvanad'],[],['Malayalam'],[],5.0,1,0.1584,133,https://image.tmdb.org/t/p/w500/xuKMEKMAB8Z1FzaJ7sRKIU8jOvz.jpg
567448,Kottayam,2020-01-24,A crime drama surrounding the death of a female CRPF officer.,"['Crime', 'Drama', 'Romance']",[],"['Aneesh G Menon', 'Chinnu Kuruvila', 'Sangeeth Sivan', 'Nimmy Raphael', 'Pravee Premnath']",['Binu Bhaskar'],"['Sajith Narayanan', 'Binu Bhaskar']",['Malayalam'],[],0.0,0,0.2058,100,https://image.tmdb.org/t/p/w500/xuZkhO7yTxK4u7TSseCoXuW8Pul.jpg
384263,The Corpse,2015-11-28,Thomas Ittikkora is dead. Family and friends gather at his home for the pre-funeral ceremonies.,['Comedy'],['dark comedy'],"['Baiju Balan', 'Francis Borgia', 'Vishnu Dath', 'Deepa Divakar', 'Stanly Edattukaran']",['Don Palathara'],['Don Palathara'],['Malayalam'],[],8.0,5,0.1581,63,https://image.tmdb.org/t/p/w500/4LRYZxRJBoa6dLg8LaY5pZ8W7GP.jpg
523951,Kuttanpillayude Sivarathri,2018-05-11,"Kuttan Pillai, a police constable, loves the jackfruit tree in his compound more than anything else. Tension rises when he gets into an argument with his son-in-law, who wants to cut the tree down.","['Comedy', 'Horror']",[],"['Suraj Venjaramoodu', 'Asha Madathil Sreekanth', 'Biju Sopanam', 'Srindaa', 'Srikant Murali']",['Jean Markose'],"['Joselet Joseph', 'Jean Markose']","['Arabic', 'Malayalam', 'Tamil']",[],5.864,11,0.1886,120,https://image.tmdb.org/t/p/w500/7HPgArrf8m1xd73wNfZF4ybvi8a.jpg
411871,Ithinumappuram,2015-10-09,The story focuses on a woman who marries a man against the wishes of her family only to have him leave her. Will she succeed in bringing up her family all by herself while working at the same factory as her husband?,['Drama'],[],"['Meera Jasmine', 'Riyaz Khan', 'Lakshmipriya', 'Siddique', 'Ambika Mohan']",['Manoj Alunkal'],"['Manoj Alunkal', 'Manoj Alunkal']",['Malayalam'],[],2.0,1,0.1926,129,https://image.tmdb.org/t/p/w500/v2Oud2hfd6mGCpk0OlnK6s6Zjbe.jpg
341025,Nee-Na,2015-05-15,"Vinay leads a happy married life with Nalini until he meets Neena, an alcoholic who falls in love with him. Neena is put in rehab with the help of Vinay, who poses as her husband due to circumstances.","['Romance', 'Drama']",['alcohol'],"['Deepti Sati', 'Ann Augustine', 'Vijay Babu', 'Martin Prakkat', 'Lenaa']",['Lal Jose'],['R. Venugopal'],['Malayalam'],[],5.5,6,0.3389,148,https://image.tmdb.org/t/p/w500/ePWVM4DHdIRPfDjcuwBikdKkyFb.jpg
609624,Ikkayude Shakadam,2019-06-14,"An anthology of two stories centred around hard-core Mammootty fans, Ayyappan, a runaway taxi driver who journeys home to set things right, and Marathakam, a struggling actress.","['Comedy', 'Fantasy', 'Thriller']",[],"['Dominic Dom', 'Sarath Kumar', 'Nandan Unni', 'Geethi Sangeetha']",['Prince Avarachan'],"['Prince Avarachan', 'Prince Avarachan']",['Malayalam'],[],2.0,1,0.1753,100,https://image.tmdb.org/t/p/w500/wSfIeDhQKfW3exZWAKlQ7mhA3yQ.jpg
727821,Eelam,2019-10-13,Shivan revolves around a couple who are very much in love but one day the woman is found dead and the man is found guilty and imprisoned. But once he is in jail he recollects certain memories that change everything.,['Drama'],[],"['Antony Thekkek', 'Kavitha Nair', 'Josekutty Madathil']",['Vinod Krishna'],['Vinod Krishna'],['Malayalam'],[],0.0,0,0.173,0,https://image.tmdb.org/t/p/w500/uSail42EaZYPJNeih8ZPQzLESRu.jpg
988535,Nalla Samayam,2022-12-30,2 perverts fights for justice against 4 drug addicts.,['Comedy'],[],"['Irshad', 'Neena Madhu', 'Norah John', 'Gayathri Shanker', 'Nandana Mahadevan']",['Omar Lulu'],"['Omar Lulu', 'Chitra S']",['Malayalam'],[],1.2,2,0.1542,100,https://image.tmdb.org/t/p/w500/u2WUImijSeeOQ1WajbsezXNRVcP.jpg
515026,Onpatham Valavinappuram,2017-10-27,"Five young men set out on a trip to Karnataka from Calicut. On their way to their destination, a mansion in Karnataka, the boys experience some fun adventures, which are, both, sweet and sour in their own ways.",['Drama'],[],"['Joy Mathew', 'Nancy Jennifer', 'Mamukkoya', 'Sasi Kalinga', 'Nirmal Palazhi']",['V. M. Anil'],[],['Malayalam'],[],9.0,1,0.1588,127,https://image.tmdb.org/t/p/w500/7djJkR1yCg1bNZHLedE6e4hvH6M.jpg
988645,Vela,2023-11-10,"Revolves around a police control room, and the people working there.Revolves around a police control room, and the people working there.","['Crime', 'Drama']",[],"['Sunny Wayne', 'Shane Nigam', 'Sidharth Bharathan', 'MV Namritha', 'Aditi Balan']",['Syam Sasi'],['M. Sajas'],['Malayalam'],[],0.0,0,0.1934,148,https://image.tmdb.org/t/p/w500/5pUA68pyluLreaH6L3xMez7XMyT.jpg
1377377,Feminist Fathima,2025-10-10,"Fathima, a housewife in the coastal town of Ponnani, lives under the strict control of her orthodox husband, Ashraf. When her son wets their old mattress, Fathima’s attempt to replace it sparks conflict. Ashraf blocks her at every turn, despite her back pain and growing frustration. Eventually, Fathima realizes the mattress represents more than just comfort it’s her chance to reclaim her independence. By finally buying it, she takes a bold stand",['Drama'],[],"['Shamla Hamza', 'Kumar Sunil', 'Viji Viswanath', 'Pushpa', 'Praseedha']",['Fasil Muhammed'],['Fasil Muhammed'],['Malayalam'],"['ManoramaMax', 'ManoramaMAX Amazon Channel']",7.0,2,0.2088,99,https://image.tmdb.org/t/p/w500/gtgBl6G6jUDNFiAzGNdJlXiB5kd.jpg
1338801,Kirkkan,2023-07-21,"The death of a village girl in central Kerala sparks suspicion when she is found hanging in a rubber plantation. Led by ASI Kuku, the investigation and interrogations uncover secrets, lies, and a truth far more disturbing than expected.","['Crime', 'Thriller', 'Drama']",[],"['Salim Kumar', 'Kani Kusruti', 'Anarkali Marikar', 'Vijayaraghavan', 'Meera Vasudevan']",['Josh'],"['Josh', 'Josh']",['Malayalam'],['Sun Nxt'],5.0,1,0.1308,121,https://image.tmdb.org/t/p/w500/ka7rrkvPg9x1zD5TB6fk1aZsNbe.jpg
896053,Mission-C,2021-11-05,A group of college students finds their vacation plans go horribly wrong when their tour bus is hijacked by bank-robbing criminals trying to escape the police.,"['Action', 'Thriller']",[],"['Sarath Kumar', 'Meenakshi Dinesh', 'Major Ravi', 'Kailash', 'Jayakrishnan']",['Vinod Guruvayoor'],"['Vinod Guruvayoor', 'Vinod Guruvayoor']",['Malayalam'],[],4.5,2,0.1741,86,https://image.tmdb.org/t/p/w500/nk77Az4e2xraUcbo8e8y2XIvatk.jpg
542276,Oru Pazhaya Bomb Kadha,2018-07-20,"Disabled Sreekuttan and his buddy Bhavyan are a simpletons without many dreams. However, the duo will not tolerate insults and humiliation. After being disgraced by a newly-joined police officer in their village, they set out to take revenge.","['Comedy', 'Romance']",[],"['Bibin George', 'Hareesh Perumanna', 'Kalabhavan Shajon', 'Prayaga Martin', 'Indrans']",['Shafi'],"['Binju Joseph', 'Shafi']",['Malayalam'],[],5.2,7,0.1923,147,https://image.tmdb.org/t/p/w500/wgDwRuGrSVmMqRfvaYraJUj1ZjB.jpg
901267,Forbidden,2022-03-05,"In one of the bustling cities of Kerala, a migrant idol-maker from Bengal, desperately needing help with his uncle's cremation, and a tough Tamil midwife, who moonlights as a funeral priest, forge a fragile bond that is threatened when she is accused of a heinous crime.",['Drama'],[],"['Kani Kusruti', 'Tanmay Dhanania', 'Santha Jagannathan', 'Dibakar Deb', 'Jithuraj Jithendranath']",['Tara Ramanujan'],['Tara Ramanujan'],"['Bengali', 'Hindi', 'Malayalam', 'Tamil']",[],2.0,1,0.2152,127,https://image.tmdb.org/t/p/w500/bYheickIqVpzteRfoLOhY2990vU.jpg
1225469,Palayam PC,2024-01-05,"A middle-aged police constable, prefers to take night duty at an aid post in Palayam which is relatively risk-free and quite peaceful. Things changed when he was assigned protection duty for the female activist who was under public threat.","['Crime', 'Thriller']",[],"['Kottayam Ramesh', 'Maala Parvathi', 'Rahul Madhav', 'Jaffer Idukki', 'Dharmajan Bolgatty']",['V. M. Anil'],"['Sathyachandran Poyilkavu', 'Sathyachandran Poyilkavu', 'Vijilesh Kuruvaloor']",['Malayalam'],[],5.0,1,0.2154,118,https://image.tmdb.org/t/p/w500/9rSHzEsklpdPFMpd1cUauHIkA9q.jpg
1419421,Narrator,2024-12-28,A Lonely Teenager decides to take a psychological challenge which may lead to the dark past which he is unaware of.,"['Thriller', 'Comedy', 'Drama']","['dystopia', 'psychology', 'dark comedy', 'online dating', 'lonely man', 'malayalam', 'omegle', 'mass', 'awestruck', 'malayalamshortfilm', 'literally me']","['Fahad Sudheer', 'Suryanarayanan Pradeep', 'Pranav Krishnan', 'Amith Sulfi', 'Akash A S']",['Fahad Sudheer'],[],['Malayalam'],[],0.0,0,0.1918,66,https://image.tmdb.org/t/p/w500/q1Od6QI6ORwPfrsbDCfV8JyFDzY.jpg
440974,Aby,2017-02-23,"An emotionally childish man who never outgrows his childish fascination for flying, dreams of making his own aircraft which is considered foolish by his family and friends.",['Drama'],"['dreams', 'airplane', 'flying']","['Vineeth Sreenivasan', 'Mareena Michael', 'Manish Choudhary', 'Suraj Venjaramoodu', 'Sudheer Karamana']",['Srikant Murali'],"['Santhosh Echikkanam', 'Santhosh Echikkanam']",['Malayalam'],['Sun Nxt'],6.1,4,0.2421,132,https://image.tmdb.org/t/p/w500/sS5lLqI54GTU5NEnpdtOwAdH8lc.jpg
540399,Cuban Colony,2018-07-06,"Set in the backdrop of Angamaly, Cuban Colony tells the tale of five close friends whose friendship is tested by the challenges they face in their otherwise happy life and how they deal with the challenges in their own style.","['Action', 'Comedy', 'Thriller']",[],"['Aishwarya Unni', 'Jino John', 'Able Benni', 'Sreekanth Dasan', 'Seeraj Vikram']",['Manoj Varghese Parecattil'],[],['Malayalam'],[],8.0,1,0.1747,129,https://image.tmdb.org/t/p/w500/jOIs7OX23BFYpFKvCryhiJiyNfa.jpg
465030,Y?,2017-11-17,"Some unexpected events on a street catch everybody present there by surprise. The movie is about how the characters there, react to the incidents taking place.",['Thriller'],"['kidnapping', 'flat']","['Alencier Ley Lopez', 'Dheeraj Denny', 'Jins Baskar', 'Reshma Shenoy', 'Yehia Kader']",['Sunil Ibrahim'],['Sunil Ibrahim'],['Malayalam'],[],3.7,3,0.175,104,https://image.tmdb.org/t/p/w500/kbQda4eg7zcXk1QN1FccPoUEi7b.jpg
470433,Poomaram,2018-03-15,"The film is based on the Mahatma Gandhi University Youth Festival which takes place every year, where different colleges under the university participate for winning the champion trophy.","['Music', 'Drama']","['college', 'championship', 'youth festival']","['Kalidas Jayaram', 'Neeta Pillai', 'Architha Anish', 'Joju George', 'Jayaraman Siva Menon']",['Abrid Shine'],"['Abrid Shine', 'Abrid Shine']",['Malayalam'],['VI movies and tv'],6.1,8,0.2839,152,https://image.tmdb.org/t/p/w500/8sXOS1NsXrXSC9oDvgjIMpSolGT.jpg
1050905,Communist Pacha Adhava Appa,2025-01-03,An exploration of a small rural community and the effects that COVID-19 restrictions have on their daily lives.,['Drama'],"['covid-19', 'rural india']","['Zakariya Mohammed', 'Nazlin Jameela Saleem', 'Shamsudheen Mankarathodi', 'Hijaz Ibal', 'Renji Kankol']",['Shamim Moideen'],['Ashif Kakkodi'],['Malayalam'],[],4.0,1,0.1659,116,https://image.tmdb.org/t/p/w500/cxYM1g04K0aN8Et4VPuUaW7pnBT.jpg
563701,Thanaha,2018-11-02,Thanaha portrays the story of two friends Vishnu and Roy who end up in the Police service after the death of their fathers. What follows is how Vishnu and Roy unravel the mystery behind the case of a missing culprit.,"['Drama', 'Comedy']",[],"['Tito Wilson', 'Sreejith Ravi', 'Sudheesh Anchery', 'Sruthy Bala', 'Thara Kalyan']",['Prakash Kunjhan Moorayil'],['Salvaraj Kulakandathil'],['Malayalam'],[],0.0,0,0.2935,122,https://image.tmdb.org/t/p/w500/ifz0V34SA5lAbUipzykSQLnHCuf.jpg
809379,Krishnankutty Pani Thudangi,2021-04-11,Krishnankutty Pani Thudangi is a horror-comedy Malayalam movie with VIshnu Unnukrishnan and Saniya Iyyappan in lead roles.,"['Horror', 'Mystery', 'Comedy']",[],"['Vishnu Unnikrishnan', 'Saniya Iyyappan', 'Santhosh Damodharan', 'V. T. Vijilesh', 'Dharmajan Bolgatty']",['Sooraj Tom'],"['Anand Madhusoodhanan', 'Anand Madhusoodhanan']",['Malayalam'],['Zee5'],5.8,6,0.2622,98,https://image.tmdb.org/t/p/w500/tqDuFRp89pZaVx9wMx3cJt4FbcV.jpg
1176362,Turkish Tharkkam,2024-11-22,"A grisly mishap occurs, and the whole village takes two sides in utmost horror, fighting it with belief systems. With time running out, a determined police officer bravely steps in to save the day.",['Thriller'],[],"['Sunny Wayne', 'Lukman Avaran', 'Amina Nijam', 'Jayashree Sivadhas', 'Iv Junice']",['Nawaz Sulaiman'],['Nawaz Sulaiman'],['Malayalam'],[],0.0,0,0.1186,108,https://image.tmdb.org/t/p/w500/6oNsmiBrlce83hBGBjlipiYRZKM.jpg
599033,Daivam Sakshi,2019-03-01,"Iqbal returns to his hometown after spending many years in Kuwait to start a simple life with his son. However, he makes a series of incorrect financial decisions that land him in trouble.",['Drama'],[],"['Madhupal', 'Suraj Venjaramoodu', 'Sunil Sukhada', 'Majeed Edavanakad', 'Bijukuttan']",['Snehajith'],['Suresh Kochammini'],['Malayalam'],[],1.0,1,0.1539,103,https://image.tmdb.org/t/p/w500/hbSjmsgiB4dv7hwxBXqjqNeFHKi.jpg
967780,Enpathukalile Ebhyamar,2021-04-12,"Shajahan leaves his native place due to a problem caused by his father. Later in his life, it takes on a whole new dimension in a way that he never thought possible.","['Comedy', 'Drama']",[],"['Nizamudheen', 'Seema G Nair', 'Saju Kodiyan', 'Jayakrishnan', 'Niyasudheen']",['Shaji Yousef'],"['Shaji Yousef', 'Shaji Yousef']",['Malayalam'],[],1.0,1,0.1238,112,https://image.tmdb.org/t/p/w500/zrqV6FJeSShE5AQEPXIXXMX81Ei.jpg
579598,Vaarikkuzhiyile Kolapathakam,2019-02-22,A smart Parish priest is highly respected and loved by the villagers until he gets locked up in a secret location by criminals for witnessing a murder,"['Comedy', 'Thriller']",[],"['Amith Chakalakkal', 'Dileesh Pothan', 'Nedumudi Venu', 'Sudhi Koppa', 'Nandhu']",['Rejishh Midhila'],['Rejishh Midhila'],['Malayalam'],"['Amazon Prime Video', 'Amazon Prime Video with Ads']",6.1,15,0.276,125,https://image.tmdb.org/t/p/w500/5ERN230ivmUJde4qyM1J6DcWjhg.jpg
457018,Village Guys,2015-01-02,Village Guys is a 2015 Malayalam language Indian Comedy film,['Comedy'],[],"['Nirmal Jacob', 'Ashokan', 'Nakshathra', 'Haneesh Khani', 'Shafi']",['Shaan'],['Saif Ali'],['Malayalam'],[],0.0,0,0.1992,127,https://image.tmdb.org/t/p/w500/vjxjj7TPqUm9bVejrI3958MW99m.jpg
553091,Wonder Boys,2018-10-05,,"['Drama', 'Action', 'Thriller']",[],"['Bala', 'Kulappulli Leela']",['Sreekanth S. Nair'],"['Sreekanth S. Nair', 'Sreekanth S. Nair']",['Malayalam'],[],0.0,0,0.1556,144,https://image.tmdb.org/t/p/w500/c9CvpQSOriSanl1Uow2A22sQ8SL.jpg
1082921,Thel,2022-02-20,"Thel Malayalam movie written and directed by Shafi SS Hussain. The movie features Dayana Hameed as the lead character with Nandhu Anand, Sajan Palluruthy, Saju Navodaya, and Kottayam Ramesh. Produced by Jasim S under the banner of Thanveer Creations, P Padmakumar, Jayakrishnan K, and Shafeeq are the co-producers of the movie.",['Horror'],[],"['Nandu Anand', 'Dayyana Hameed', 'Joemon Joshy']",['Shafi S.S. Hussain'],[],['Malayalam'],[],0.0,0,0.1966,126,https://image.tmdb.org/t/p/w500/29JUSMPCtArfOqAQEWgOHg4iiyS.jpg
81152,Sahapadi 1975,2016-02-26,,['Crime'],[],"['Vineeth Kumar', 'Meera Vasudevan', 'Kollam Thulasi', 'Saikumar', 'Vijayaraghavan']",['Titto'],[],['Malayalam'],[],0.0,0,0.1652,0,https://image.tmdb.org/t/p/w500/7QO0E84qdpPLyJtpnb97K4QhmZ8.jpg
1198726,Oru Sadhachara Premakadha,2023-11-03,"Stella agrees to become an evil ploy of a political party to meet the medical expenses of her sick mother. Stella takes up the mission to tarnish the political image of John. D Philip, the head of a local rival party and an aristocrat by accusing his son Christy of sexual harassment. She finds her way into Christy's house by plotting a clever plan. But here, she feels empathy to Christy's urge for love and his good mannerisms. Finally, to everyone's surprise Stella backs out from the mission at the last moment. Here after, Stella's life become miserable. Even her sympathizers find themselves being pulled into the whirlpool she is stuck in. While Thomachan and Christy both have asked for her hand in marriage, Stella is burdened with the society's decision to not let her live and her own decision to find her path to a peaceful future.",['Comedy'],[],"['Santhosh Keezhattoor', 'Sunil Sukhada', 'Manikandan Pattambi', 'Thezni Khan', 'V. Suresh Thampanoor']",['Jayaraaj Vijay'],"['Titto Paul', 'Jayaraj Vijay']",['Malayalam'],[],0.0,0,0.18,0,https://image.tmdb.org/t/p/w500/hgGkjTcNBOEp1pt89IKtzNMgZUM.jpg
885240,Muddy,2021-12-10,"Muthu and his cousin Karthi have fallen out, but when the latter's mud racing rival looks set to win an important competition, will the brothers unite?","['Action', 'Thriller']",[],"['Yuvan Krishna', 'Ridhaan Krishna', 'Anusha Suresh', 'Amit Shivdas Nair', 'Hareesh Peradi']",['Pragabhal'],['Pragabhal'],"['Hindi', 'Kannada', 'Malayalam', 'Tamil', 'Telugu']","['Amazon Prime Video', 'Amazon Prime Video with Ads']",4.7,3,0.1668,137,https://image.tmdb.org/t/p/w500/jNWrDYMSstertJKFhIozPfhAmgA.jpg
361378,Jamnapyari,2015-08-21,"Vasoottan an auto driver by profession, who is very good at heart and meanwhile he is an impetuous person. Once a MBA student happens to travel his auto with some hidden purposes.","['Comedy', 'Adventure']","['mission', 'goat', 'car driver', 'helping', 'special breed']","['Kunchacko Boban', 'Gayathri Suresh', 'Joy Mathew', 'Suraj Venjaramoodu', 'Renji Panicker']",['Thomas Sebastian'],['P. R. Arun'],['Malayalam'],[],4.2,11,0.2072,126,https://image.tmdb.org/t/p/w500/o2ehQBISGifoepYGfOuennaTx3d.jpg
700051,Female Unnikrishnan,2015-12-11,"Unni, who has a feminine voice, gets insulted by everyone in his neighbourhood. His life takes a turn when he gets married to a rich girl who is speech-impaired.",['Comedy'],[],"['Suraj Venjaramoodu', 'Mahalakshmi Sarveshwaran', 'Devan', 'Salim Kumar', 'Anoop Menon']",['K. B. Madhu'],['Sudheesh John'],['Malayalam'],[],3.0,1,0.2498,137,https://image.tmdb.org/t/p/w500/6a1cAhn8M00JndTgeHNvVUJrZNb.jpg
627375,Aniyankunjum Thannalayathu,2019-08-30,An easygoing young man learns the value of traditions when he goes abroad.,['Drama'],[],"['Kiaan', 'Renji Panicker', 'Indrans', 'Maathu', 'Geetha']",['Rajeev Nath'],"['Rajeev Nath', 'Vinu Abraham']",['Malayalam'],[],4.0,1,0.2841,113,https://image.tmdb.org/t/p/w500/3g0PFIMTZc52lU90qPeRtTralYY.jpg
914416,Oruthee,2022-03-18,"Radhamani, a ticket collector in a government boat, tries to take a gold loan in exchange for her daughter’s new necklace. What awaits her is a ton of problems that he hardly foresaw.",['Drama'],[],"['Navya Nair', 'Vinayakan', 'Saiju Kurup', 'Geethi Sangeetha', 'Shiny Sarah']",['V. K. Prakash'],['Suresh Babu'],['Malayalam'],[],6.2,4,0.2178,135,https://image.tmdb.org/t/p/w500/a4oK8quaOGsSSGkHeWQtXHSdtpY.jpg
567339,Karinkannan,2018-12-06,,"['Drama', 'Comedy']",[],"['Saju Navodaya', 'Vijayaraghavan', 'Sreeja Das', 'Seema G Nair', 'Sasi Kalinga']",['Pappan Naripatta'],"['K. Satheesh Babu', 'Tabu Ghosh']",['Malayalam'],[],0.0,0,0.123,118,https://image.tmdb.org/t/p/w500/2FZGagnvkRn8Lk0XnCEjzVS39RU.jpg
835317,Swapnarajyam,2019-10-05,A youngster hailing from a middle-class family must face off against overwhelming odds to succeed in life.,['Drama'],[],"['Ranji Vijayan', 'Jagadish', 'Narayanankutty', 'Mamukkoya', 'Maala Parvathi']",['Ranji Vijayan'],['Ranji Vijayan'],['Malayalam'],[],1.0,1,0.1785,119,https://image.tmdb.org/t/p/w500/tPcZ4gql32bVpQTsrNPtdugRHXB.jpg
376328,Lokha Samastha,2015-07-03,"'Loka Samastha' talks of the tale of Chithal Rajan (Kalabhavan Mani), who had witnessed his dad being slaughtered by the cops in cold blood. Rajan emerges to be a revolutionary who flees from one city to the other, with the police hot on his heels.",['Drama'],['death'],"['Anu Mohan', 'Poojitha Menon', 'Kalabhavan Mani', 'K. B. Ganesh Kumar', 'Aju Varghese']",['Sajith Sivan'],['N R Suresh Babu'],['Malayalam'],[],0.0,0,0.1556,112,https://image.tmdb.org/t/p/w500/5yhdZURPYdmNmfDbgQ20bRirsbg.jpg
532219,Velakkariyayirunnalum Neeyen Mohavalli,2018-06-15,The movie highlights the issues of attachment and detachment in human relationships through the events that occur in the life of a girl before and after her romantic affair.,"['Romance', 'Comedy']",[],"['Rahul Madhav', 'Shravya', 'Rizabawa', 'Prasanth Alexander', 'Madhu']",['Govind Varaha'],['Govind Varaha'],['Malayalam'],[],0.0,0,0.2622,126,https://image.tmdb.org/t/p/w500/bLjuKtjp7y9VE7dFnnvSRTRkLqX.jpg
1108194,Queen Elizabeth,2023-12-29,Follows a hot-headed woman and her romantic clashes with a charming man.,"['Comedy', 'Romance', 'Drama']",[],"['Meera Jasmine', 'Narain', 'Shruthi Rajanikanth', 'Mallika Sukumaran', 'Ramesh Pisharody']",['Padmakumar M'],['Arjun TS'],['Malayalam'],[],5.0,4,0.1845,0,https://image.tmdb.org/t/p/w500/8EhkCeQKd1h9DVbMgMIAzJlaeIz.jpg
969831,Poovan,2023-01-20,"The day to day life of Hari, who suffers from sleeplessness, takes a turnaround with the arrival of a rooster next door.","['Drama', 'Comedy']",[],"['Antony Varghese', 'Sajin Cherukayil', 'Vineeth Vishwam', 'Vineeth Vasudevan', 'Varun Dhara']",['Vineeth Vasudevan'],['Varun Dhara'],['Malayalam'],['Zee5'],4.8,4,0.1404,138,https://image.tmdb.org/t/p/w500/g1VUJGIMXWsABYoilUl2seovt50.jpg
549227,Savaari,2018-07-20,"A man, Savari, does odd jobs in the town of Thrissur. However, an incident happens that changes his life forever.",['Drama'],[],"['Suraj Venjaramoodu', 'Jayaraj Warrier', 'Sunil Sukhada', 'Shivaji Guruvayoor', 'Baiju V.K.']",['Asok Nair'],['Asok Nair'],['Malayalam'],[],4.0,1,0.2096,96,https://image.tmdb.org/t/p/w500/rxnvOqR6qesaqcAhGM5XP90a7Vj.jpg
398562,Kattumakkan,2016-02-12,"Kattumakkan is an Indian feature film directed by Shalil Kallur made in Malayalam-language starring veterans Mukesh, Vijay Menon and Nassar along with a galaxy of newcomers and supporting actors",['Thriller'],"['village', 'revenge', 'family', 'planning']","['Mukesh', 'Anju Nair', 'Vijay Menon', 'Nassar', 'Dharmajan Bolgatty']",['Shalil Kallur'],['Shalil Kallur'],['Malayalam'],[],0.0,0,0.1984,124,https://image.tmdb.org/t/p/w500/uqynzcBUTX6c9XHAA3oVXGoSHLP.jpg
532209,Mazhayathu,2018-05-25,"One day, a bizarre incident shakes the whole family and ruins their happiness. Venugopal finds himself being the victim of people's angry reactions and to make matters worse, he is shocked to find the reason behind the reactions.","['Family', 'Drama']",[],"['Aparna Gopinath', 'Nikesh Ram', 'Nandana Varma', 'Manoj K Jayan', 'Sunil Sukhada']",['K. P. Suveeran'],['K. P. Suveeran'],['Malayalam'],"['Amazon Prime Video', 'Amazon Prime Video with Ads']",3.5,2,0.1985,122,https://image.tmdb.org/t/p/w500/tFSw3dvfqCLJQBCF8kBupY86cD6.jpg
1160937,Nila,2023-08-04,"Dr. Malathy gets confined to a room after an accident. Having lived a busy life all her life, she finds her new routine of silence and dependency very difficult to handle. She discovers a new friendship to cope with her loneliness and isolation.",['Drama'],[],"['Shanthi Krishna', 'Vineeth Radhakrishnan', 'Mamukkoya', 'Mini IG', 'Madhupal']",['Indu Lakshmi'],['Indu Lakshmi'],['Malayalam'],[],0.0,0,0.1697,95,https://image.tmdb.org/t/p/w500/vk5If0hcECzKRvyLp11TtsCMfkL.jpg
406162,Anuraga Karikkin Vellam,2016-07-07,The life of a father and son and their life experience when son tries to breakup with his lover.,['Comedy'],"['engineer', 'romance', 'break-up', 'police officer', 'jobless', 'phone call', 'wedding day']","['Biju Menon', 'Asif Ali', 'Asha Sarath', 'Rajisha Vijayan', 'Sreenath Bhasi']",['Khalid Rahman'],['Naveen Bhaskar'],['Malayalam'],['Sun Nxt'],7.148,27,0.204,130,https://image.tmdb.org/t/p/w500/np91tdbrH6RrWp0XphRzXb7YRNi.jpg
1035043,Yes,2022-12-10,"Sudharma is a home baker. She is looking for a support to deliver her cakes to clients across the city. When a young girl, Alma, visits her, Sudharma believes that she has come in response to her request. However, the girl has a different story to tell. A short interaction between the two inside the house, which is also Sudharma’s bakery, changes both their lives and they realise how their stories merge to give a new meaning to their existences.",[],[],"['Namitha Pramod', 'Sajitha Madathil', 'Sudheesh', 'Asha Aravind']",['Sidhartha Siva'],[],['Malayalam'],[],0.0,0,0.1299,113,https://image.tmdb.org/t/p/w500/2wbk6Fkrbzm5n4tIQCryC8yVZFm.jpg
1338796,Manorajyam,2024-08-30,"Manu Keraleeyan, a Melbourne businessman, falls for a Malayali girl. His friend Bluetooth Ravi flirts online, while another friend's wife elopes with a guy she met online. Testing his wife's loyalty triggers a chain reaction that transforms his life.","['Drama', 'Comedy']",[],"['Govind Padmasoorya', 'Ranjitha Menon', 'Gokulan', 'Navas Vallikkunnu']",['Rasheed Parakkal'],['Rasheed Parakkal'],['Malayalam'],"['ManoramaMax', 'ManoramaMAX Amazon Channel']",3.0,1,0.1524,107,https://image.tmdb.org/t/p/w500/5eGq9SuewBPnGUBXidApsqzXHW6.jpg
635903,Manoharam,2019-09-27,"Manoharan is a poster artist struggling to find respect for his profession, after the advent of printing technology. He tries hard to get into the mainstream, by picking up design software skills. Will he succeed?","['Comedy', 'Drama']",[],"['Vineeth Sreenivasan', 'Aparna Das', 'Delhi Ganesh', 'Adhish Praveen', 'Deepak Parambol']",['Anvar Sadik'],['Anvar Sadik'],['Malayalam'],[],5.9,14,0.2547,122,https://image.tmdb.org/t/p/w500/cNWfJlveyMEbiORrKmFKZZRDx75.jpg
1107896,Ammachi Koottile Pranayakalam,2021-11-19,Munna falls unconditionally in love with Riya who belongs to a different caste. Their grandmothers understand the difficulties they face in their relationship.,"['Comedy', 'Family', 'Romance']",[],"['Kaviyoor Ponnamma', 'Baiju Johnson', 'Sheela', 'Sameena', 'Sathar Sulaiman']",['Rasheed Palluruthy'],"['Rasheed Palluruthy', 'Rasheed Palluruthy']",['Malayalam'],[],2.0,1,0.1748,138,https://image.tmdb.org/t/p/w500/Ad4x1V0qreJK2IW2TRc7nIBejOb.jpg
496961,Daivame Kaithozham K.Kumar Akanam,2018-01-12,"Krishna Kumar, an idler, swaps roles with his hardworking wife as a challenge, in the presence of God. However, their lives turn upside down as God refuses to let them go back to their normal routine.","['Fantasy', 'Comedy', 'Family']",[],"['Jayaram', 'Anusree Nair', 'Sreenivasan', 'Salim Kumar', 'Nedumudi Venu']",['Salim Kumar'],"['Salim Kumar', 'Salim Kumar']",['Malayalam'],['Zee5'],2.8,3,0.1423,146,https://image.tmdb.org/t/p/w500/fa1h6wViIYghz2pLD358POm8SCn.jpg
1530924,The Case Diary,2025-08-21,"CI Christy Sam goes to Tamil Nadu as part of capturing some interstate criminals, and at the end of that mission, he happens to find out the fact that his long-lost twin brother, Aju from the orphanage, had died under suspicious circumstances. Christy starts investigation to find out his brother's killer.","['Crime', 'Thriller']",[],"['Ashkar Saudan', 'Rahul Madhav', 'Vijayaraghavan', 'Sakshi Agarwal', 'Riyaz Khan']",['Dileep Narayanan'],['A K Santhosh'],['Malayalam'],"['ManoramaMax', 'ManoramaMAX Amazon Channel']",0.0,1,0.1306,137,https://image.tmdb.org/t/p/w500/uAvdm9pTSgjZINlQ0OtnHYwB4XF.jpg
509106,Sughamano Daveede,2018-03-02,,"['Comedy', 'Drama']",[],"['Manju Satheesh', 'Sudheer Karamana', 'Chethan Jayalal', 'Bhagath Manuel', 'Arya Babu']","['Anup Chandran', 'Raja Mohan']","['Tomy Kiriyanthan', 'Krishna Poojappura']",['Malayalam'],[],0.0,0,0.1457,122,https://image.tmdb.org/t/p/w500/9Jbaj7FifFetIV432DQJ6OEh81F.jpg
903548,Patterns of life: Prana,2021-10-01,"A documentary tracing the lives of three tribal communities from Idukki district of Kerala in India, narrating their daily encounters.",['Documentary'],[],['Nassar'],"['Vipin A. Davis', 'Shino Cherian']",[],['Malayalam'],[],0.0,0,0.2711,54,https://image.tmdb.org/t/p/w500/hLVGlfFLC6mrmnfwnfSy4s1Y0oz.jpg
900891,Vaathil,2023-09-22,,"['Drama', 'Thriller']",[],"['Vinay Forrt', 'Anu Sithara', 'Krishna Shankar', 'Rachana Narayanankutty', 'Sunil Sukhada']",['Sarju Ramakanth'],['Shamnad Shabeer'],['Malayalam'],[],0.0,0,0.229,129,https://image.tmdb.org/t/p/w500/x8hwNFNJSwIStdv0zGZtkG989iD.jpg
881420,Momo in Dubai,2023-02-03,"Momo a poor kid from Kerala wants to see Burj Khalifa, but he chooses to illegally fly to Dubai which gets him arrested and jailed.","['Drama', 'Family']",[],"['Aneesh G Menon', 'Anu Sithara', 'Johny Antony', 'Sruthi Jayan']",['Ameen Aslam'],"['Zakariya Mohammed', 'Ashif Kakkodi']",['Malayalam'],"['ManoramaMax', 'ManoramaMAX Amazon Channel']",4.5,2,0.1249,103,https://image.tmdb.org/t/p/w500/uaj6jwRt7dowCLh2u1A4jbuwVEZ.jpg
509331,Nikkah,2015-10-16,"The film titled ‘Nikkah’ featuring Sreentha Bhasi, Shekar Menon and Samskruthy Shenoy in lead roles. Touted as a comedy entertainer, the story of the film revolves around some incidents connected with a marriage.","['Comedy', 'Drama']",[],"['Sreenath Bhasi', 'Captain Raju', 'Samskruthy Shenoy', 'Sekhar Menon']",['Azad Alavil'],[],['Malayalam'],[],0.0,0,0.1468,110,https://image.tmdb.org/t/p/w500/mPJ90k2VVIY83r5TJDFCQDO4BF2.jpg
371235,Ben,2015-11-06,"The film, which revolves around the story of a 10-year-old boy named Ben, played by Gaurav Menon, shows how adults address major issues of our society confronting children.  The film also has Suraj Venjaramoodu (as Ben's father Justin), Anjali Upasana (as Ben's mother Asha) and Nila Noushad.  A major highlight of the film is the acting debut of Biju Menon's ""Vellimoonga"" director Jibu Jacob, who is seen as Suraj's brother.  Produced by Sajan K. George under the banner of Vibgyor films, the cinematography has been done by Hari Nair. Vipin has handled the scripting as well as penned the lyrics, composed music and the background score for the film.",['Drama'],['school'],"['Gourav Menon', 'Suraj Venjaramoodu', 'Anjali Aneesh Upasana', 'Anwar Shereef', 'Aju Varghese']",['Vipin Atley'],"['Vipin Atley', 'Vipin Atley']",['Malayalam'],"['Sun Nxt', 'VI movies and tv']",6.8,5,0.1283,110,https://image.tmdb.org/t/p/w500/1frCPb3hsXsKtdMgvyBjMlhMm6q.jpg
1001987,Haya,2022-11-25,,"['Drama', 'Romance']","['love with vanity', 'love with modesty']","['Chaithania Prakash', 'Akshaya Udhayakumar', 'Guru Somasundaram', 'Indrans', 'Lal Jose']",['Vasudev Sanal'],['Manoj Bharathy'],['Malayalam'],[],10.0,1,0.1741,0,https://image.tmdb.org/t/p/w500/7BrMI9kMU95zSAuYlh4RSdLK9GF.jpg
428798,Moonam Naal Njayarazhcha,2016-03-18,"The film takes a deeper look at the social status of people who are forcefully converted to a different religious belief, and how they are looked down upon.",['Drama'],"['religion', 'convert', 'social']","['Salim Kumar', 'Babu Antony', 'Jyothi Krishna', 'Jagadish', 'Janardhanan']",['T. A. Razzaq'],['T. A. Razzaq'],['Malayalam'],[],8.0,1,0.1819,103,https://image.tmdb.org/t/p/w500/dSlAjMnZeYcbulMWEHxYLnrM76y.jpg
805987,Backpackers,2021-03-14,"Based on a true story, Backpackers follows the lives of a couple with terminal cancer as they spend the last few months of their lives fulfilling their adventurous dreams.","['Drama', 'Romance']",[],"['Kalidas Jayaram', 'Karthika Nair', 'Renji Panicker']",['Jayaraj'],[],['Malayalam'],[],5.0,2,0.1653,96,https://image.tmdb.org/t/p/w500/8OathnQbbbM7ZNfi0Yh9vvdhPrv.jpg
466678,Paulettante Veedu,2016-12-09,"Paulettan is a big businessman from Thrissur who has the Midas touch and is also a very hardworking person. But he is not a native of Thrissur as at a very young age, he came to Thrissur with his mother. He gained everything through his hard work and finally became one of the richest businessmen in Thrissur.  His experiences turned him into a miser and he leads a simple life without spending his money lavishly. This miserly attitude of Paulettan has its reverberations primarily on his family members his mother Thressiamma, wife Rosamma, and their two daughters Sara and Sneha. Sara falls in love with Amal, the son of a Gulf Malayali. Amal leads a lavish life and Sara's love is a revolt against her father's thrifty behavior. The resulting incidents in the life of Paulettan and his family are plotted in Paulettante Veedu.","['Drama', 'Family']",[],"['Amal Unnithan', 'Manasa Radhakrishnan', 'Saikumar', 'Sudheer Karamana', 'Kalasala Babu']",['Dileep Narayanan'],"['Dileep Narayanan', 'Sarath G. Mohan', 'Dileep Narayanan']",['Malayalam'],['VI movies and tv'],0.0,0,0.3247,106,https://image.tmdb.org/t/p/w500/p2bvFF4N3EQWYIO3ZPKy0nay2nF.jpg
411783,Njan Ninnodu Koodeyundu,2015-03-22,"Damanan and Madanan are thieves, who have been trying to pull off a good burglary. The break-in they plan goes downhill and the duo jump into a river in an attempt to escape. They lose consciousness while swimming, but both see a dream in which they are washed ashore in a land sans commercialization.",['Drama'],[],"['Sidharth Bharathan', 'Vinay Forrt', 'Aparna Vinod', 'Jaise Jose', 'Madhupal']",['Priyanandanan'],"['Priyanandanan', 'Pradeep Mandur']",['Malayalam'],[],0.0,0,0.2001,105,https://image.tmdb.org/t/p/w500/Au1qO2tQv62MiXTDXyg9uFVRzmC.jpg
1472817,Dasettante Cycle,2025-03-14,"A security guard's mundane life transforms when unexpected events affect his family, leading him through a series of incidents that challenge his perspectives on society.",['Drama'],[],"['Hareesh Peradi', 'Anjana Appukuttan', 'Vydhi Peradi', 'Akhil Kavungal']",['Akhil Kavungal'],['Akhil Kavungal'],['Malayalam'],"['Amazon Prime Video', 'ManoramaMax', 'ManoramaMAX Amazon Channel', 'Amazon Prime Video with Ads']",4.5,2,0.1028,118,https://image.tmdb.org/t/p/w500/cZtFexzmRX9hvMwPDZCSwRPSvjS.jpg
926575,Philip's,2023-12-01,Unforeseen events arose in Philip's joyful family disrupting their happiness. They must tackle these hiccups and regain their life in a better way,"['Drama', 'Family']",[],"['Mukesh', 'Innocent', 'Noble Babu Thomas', 'Navani Devanand', 'Quinn Vipin']",['Alfred Kurian Joseph'],"['Mathukutty Xavier', 'Alfred Kurian Joseph']","['Kannada', 'Malayalam', 'Tamil']",['ManoramaMax'],6.7,7,0.2425,106,https://image.tmdb.org/t/p/w500/3yvbNu251U2LwCFFblqrgBN2LFS.jpg
900217,Solomante Theneechakal,2022-08-18,"The friendship of two young women police constables, Suja and Glyna is put to test when Suja`s lover Sharath gets involved in a crime. Will their friendship stand the test of time when this murder mystery is unveiled?","['Romance', 'Thriller']",[],"['Joju George', 'Vincy Aloshious', 'Darsana Sudarshan', 'Addis Antony Akkara', 'Manikandan Achari']",['Lal Jose'],['P.G.Prageesh'],['Malayalam'],"['ManoramaMax', 'ManoramaMAX Amazon Channel']",6.0,1,0.1795,135,https://image.tmdb.org/t/p/w500/8OaOZ5lymaVLfITiCZ0d08Orl2I.jpg
1231420,Vishesham,2024-07-19,Set in the background of the densely crowded city of Cochin. A city filled with the advertisements of fertility clinics. Flavoured with humour Vishesham conveys the story of today's world of fertility treatments.,"['Comedy', 'Family', 'Drama']",[],"['Chinnu Chandini Nair', 'Anand Madhusoodhanan', 'Johny Antony', 'Baiju Johnson', 'P. P. Kunhikrishnan']",['Sooraj Tom'],['Anand Madhusoodhanan'],['Malayalam'],"['Amazon Prime Video', 'ManoramaMax', 'VI movies and tv', 'ManoramaMAX Amazon Channel', 'Amazon Prime Video with Ads']",6.0,3,0.1833,136,https://image.tmdb.org/t/p/w500/sKuqlKOpjwRUv8euNp4d8hxHGZx.jpg
599043,Prashna Parihara Shala,2019-03-01,"A family finds trouble when they move to a small village that is a regional hub for human trafficking; not only does the family have to contend with the local gang, but also with the corrupt government and police that aid them in their crimes.",['Comedy'],[],"['Akhil Prabhakar', 'Kalabhavan Navas', 'Kiran Raj', 'Jayan Cherthala', 'Shivaji Guruvayoor']",['Shabeer Yena'],"['Rishi Mamankara', 'Dileep Kottayam']",['Malayalam'],[],1.0,1,0.1948,125,https://image.tmdb.org/t/p/w500/lvnMp1BcH0Ifl3MpdbU5qLv5IJT.jpg
876963,The Secret of Women,2025-01-31,A wealthy executive and a struggling artist encounter a mysterious drifter whose presence forces them to face buried truths and reshape their lives.,"['Thriller', 'Drama']",[],"['Niranjana Anoop', 'Aju Varghese', 'Suma Devi', 'Srikant Murali', 'Adheesh Damodar']",['Prajesh Sen'],['Prajesh Sen'],['Malayalam'],[],2.0,1,0.2095,98,https://image.tmdb.org/t/p/w500/4i5fASW00eO5DrhbcGkJGVrOQUi.jpg
1135776,Mea Culpa,2023-06-02,"A caught young lady's life fills in as the focal point of the story. With obscure intentions, the risky man attempts to go after her. Things go off in a strange direction since it incorporates stowed away retaliation.","['Crime', 'Thriller']",['mea culpa'],"['Kailash', 'Sarath Kumar', 'Ambika Mohan', 'Jaffer Idukki', 'Sohan Seenulal']",['Navaz Ali'],['Navaz Ali'],['Malayalam'],[],4.0,2,0.1436,118,https://image.tmdb.org/t/p/w500/xzHta7XOIjVpv3Xo98PJnLpB8eT.jpg
509104,Khaleefa,2018-03-02,Khaleefa is a socio-political drama that boldly portrays the still prevailing economic inequalities amongst the religious minorities of Kerala.,['Drama'],[],"['Nedumudi Venu', 'Aneesh G Menon', 'Tini Tom', 'Shivaji Guruvayoor', 'Sajitha Madathil']",['Mubi Huque'],['Mubi Huque'],['Malayalam'],[],0.0,0,0.1512,138,https://image.tmdb.org/t/p/w500/mbM1rW8ixpplIl6kGc7a8XkWf4V.jpg
573542,The Sound Story,2019-04-05,The films narrates the story of a sound designer who strives hard to realize his dream of recording all the sounds of the Thrissur Pooram.,[],[],"['Resul Pookutty', 'Joy Mathew', 'Sunil Sukhada']",['Prasad Prabhakar'],['Prasad Prabhakar'],"['Tamil', 'Malayalam', 'Hindi']",[],0.0,0,0.2111,0,https://image.tmdb.org/t/p/w500/sDFevVB0JXZkz7mRNU9qInbZB6N.jpg
509116,Theneechayum Peerankippadayum,2018-03-02,,[],[],"['Vineeth Mohan', 'Ambika Mohan', 'Sunil Sukhada', 'Sasi Kalinga']",['Haridas'],"['K.P. Sunil', 'Haridas']",['Malayalam'],[],0.0,0,0.1641,0,https://image.tmdb.org/t/p/w500/vRS3aMjPALIV8iGvLCnNGWNvzx2.jpg
1006455,Ini Utharam,2022-10-07,"A woman goes to a police station claiming she had murdered one person. Though the police suspect foul play, the investigation starts.","['Thriller', 'Crime']",[],"['Aparna Balamurali', 'Kalabhavan Shajon', 'Harish Uthaman', 'Chandhunadh', 'Siddique']",['Sudheesh Ramachandran'],['Ranjith Unni'],['Malayalam'],['Zee5'],5.3,6,0.2581,119,https://image.tmdb.org/t/p/w500/82X4cXmEYncGDDv7cvogdoYsAo4.jpg
1424065,Innalekal Thalirkkumbol,2023-10-06,"Sreekala juggles her roles as a devoted wife, caring mother, and passionate lover. Despite societal pressures, she remains steadfast in living life on her own terms, determined to forge her own path.",['Drama'],[],"['Stephy Leon', 'Joyson Jose', 'Sarath Krishnan', 'Pramod Veliyanad']",['Sadanandan .M.V'],['Sadanandan .M.V'],['Malayalam'],"['ManoramaMax', 'ManoramaMAX Amazon Channel']",2.0,1,0.1295,106,https://image.tmdb.org/t/p/w500/nH67goWWDZXyjYxoDa3c3B8quYu.jpg
877286,Sayanna Varthakal,2022-08-05,"Dennis, an independent journalist, interviews whistleblower Ravi Kumar. As the interview progresses, it becomes clear that the situation is significantly more complicated than it appears to be, and it will forever alter their lives.","['Drama', 'Comedy']",[],"['Gokul Suresh', 'Dhyan Sreenivasan', 'Aju Varghese', 'Anand Manmadhan', 'Makrand Deshpande']",['Arun Chandu'],"['Sachin R Chandran', 'Arun Chandu']",['Malayalam'],"['Sun Nxt', 'VI movies and tv']",5.3,3,0.1335,120,https://image.tmdb.org/t/p/w500/wx4dceWUtyuSIAqm1aD41f3nr3q.jpg
548788,Ennaalum Sarath..?,2018-07-27,"Elizabeth is an orphan, raised in a convent, who is loved by all. Yet, one night, the good-natured teenager is found dead under mysterious circumstances. Her death throws the students of her college into the throes of a protest lead by her best friend and confidante Mikki. Elizabeth’s life is then opened up threadbare to find what killed her.","['Mystery', 'Thriller']",[],"['Charlie Joe', 'Balachandra Menon', 'Parvathy Arun', 'Nithya Naresh', 'Surabhi Lakshmi']",['Balachandra Menon'],['Balachandra Menon'],['Malayalam'],[],0.0,0,0.3728,131,https://image.tmdb.org/t/p/w500/7fYMwyZqoIrLdDdx95Npx9oaWtA.jpg
433816,Koppayile Kodumkaattu,2016-09-30,"A taxi driver from Alleppey who always tries to keep his wife happy by taking her to very materialistic trips. She becomes more greedy and in order to keep her happy, he knowingly or unknowingly undertakes few tasks that gets him trapped.",['Drama'],"['wife', 'taxi driver', 'family drama', 'turist', 'greedy']","['Sidharth Bharathan', 'Shine Tom Chacko', 'Parvatii Nair', 'Nishanth Sagar', 'Nyra Banerjee']",['Soujan Josseph'],['Rajesh K. Narayan'],['Malayalam'],[],4.0,2,0.145,108,https://image.tmdb.org/t/p/w500/5HRiiMTagGEESKb7I7CgTv7VK7m.jpg
1255633,Vayasethrayaayi Muppathiee,2024-03-29,"Vayasethrayaayi? Muppathiee...! is the story of 37 yesr old Brigeesh, in search of a bride, even though he has crossed his marriage age. His attempt to marry and settle in life gets postponed everytime as his bride search always ends in disaster for Brigeesh.",['Drama'],[],"['Prasant Murali', 'Chithra Nair', 'Shiju UC', 'Manju Pathrose', 'Remya Suresh']",['Pappan T Nambiar'],"['Shiju UC', 'Faizal Abdullah']",['Malayalam'],[],2.0,1,0.1996,142,https://image.tmdb.org/t/p/w500/ddPFL9UgzfkpjnAStRfCNre8vzV.jpg
842106,Watchmaker At Time's End,2020-05-29,"A failed marriage. A watchmaker. Meteorites. Time is uncomfortably relative in this Kerala town, and our hero struggles to make the perfect watch to keep up with the times.","['Animation', 'Science Fiction']","['meteorite', 'watchmaker']","['Vishnu Chandran', 'Kiran Ravindran', 'Sunakshi Puri', 'Shaheen Sheriff']",['Shaheen Sheriff'],[],['Malayalam'],[],7.0,1,0.2063,5,https://image.tmdb.org/t/p/w500/pLMadg6GfrNobfO60ZwczGHYi7s.jpg
811554,Aarkkariyam,2021-04-01,"Shirley and Roy in the middle of an impending Covid lock-down and a personal financial crisis, leave their Mumbai home for Shirley's home in Pala where her father Ittyavira stays. Roy soon finds that her home is not what he thought it is.",['Drama'],[],"['Biju Menon', 'Parvathy Thiruvothu', 'Sharafudheen', 'Saiju Kurup', 'Arya Salim']",['Sanu John Varghese'],"['Arun Janardanan', 'Rajesh Ravi', 'Sanu John Varghese']","['Hindi', 'Malayalam']","['Amazon Prime Video', 'Amazon Prime Video with Ads']",7.4,19,0.1531,126,https://image.tmdb.org/t/p/w500/dDZlfPMOkC4rNFHbcTNlgRjagvL.jpg
782569,Kozhipporu,2020-03-06,"The story revolves around two families, portraying their relationships and how they can change over time.","['Drama', 'Comedy', 'Family']",[],"['Navajith Narayan', 'Veena Nandakumar', 'Jinoy Janardhanan', 'Indrans', 'Pauly Valsan']","['Jibit George', 'Jinoy Janardhanan']",['Jibit George'],['Malayalam'],[],4.7,3,0.246,98,https://image.tmdb.org/t/p/w500/nYPpJaL8EiqqQp2Ck5ODjtMvBRU.jpg
466846,Campus Diary,2016-12-02,"Nikhil, a student who joins a college for his post graduate course. Being a guy with a modern personality, Nikhil wants to bring about social changes. As part of an NSS camp, he goes to a village where some interesting events happen and this is what the movie revolves around.",['Drama'],"['politics', 'politician', 'college student']","['Sudev Nair', 'Gauthami Nair', 'Suraj Venjaramoodu', 'V S  Achuthanandan', 'Joy Mathew']",['Jeevan Das'],['Vineesh Palayad'],['Malayalam'],[],0.0,0,0.3433,145,https://image.tmdb.org/t/p/w500/4ZMiakqV6Ut3sZXj6dRnqS6RHgo.jpg
864687,Aanaparambile WorldCup,2022-11-25,"A small village in the northern part of Kerala is getting ready to witness the football World Cup. The life of a nine-year-old boy, an ardent football fan, is transformed when an unexpected guest arrives in his life.","['Drama', 'Thriller']",[],"['Antony Varghese', 'Balu Varghese', 'Saiju Kurup', 'Manoj K Jayan', 'I. M. Vijayan']",['Nikhil Premraj'],['Nikhil Premraj'],['Malayalam'],[],1.0,1,0.1871,124,https://image.tmdb.org/t/p/w500/gaGOyxBTFPqHS9Nb1KhUlvfZKpP.jpg
491240,Kanthari,2015-06-19,"Kanthari is the story of Rani, who is brought up by some prostitutes in Kochi. They give her good education and have great hopes about her. Since she is born and brought up in difficult situations she grows as a fearless and bold girl. ‘Kanthari’ is a thriller that takes a peek into certain present day social issues.",['Comedy'],[],"['Rachana Narayanankutty', 'Sekhar Menon', 'Subiksha', 'Rajshri Nair', 'Sreejith Ravi']",['Ajmal'],[],['Malayalam'],[],0.0,0,0.1754,112,https://image.tmdb.org/t/p/w500/xKgSPj0XeHbeJAEwbXr63ZVbj7w.jpg
848214,Velukkakka Oppu Ka,2021-07-06,"The movie depicts the story of ""Velukkakka"" who is an unprivileged lower cast man, belonging to be a backward class of the society.",['Drama'],[],"['Indrans', 'Nazeer Sankranthi', 'Saju Navodaya', 'Uma K.P']",['Ashok R Kalita'],[],['Malayalam'],[],4.0,1,0.1093,101,https://image.tmdb.org/t/p/w500/XqgWyTrLCv2dMoOeU4WAEblRvR.jpg
932209,Free Flying,2020-12-04,"‘Free Flying' documents the journey of ‘Fly Squad' community in Kochi, Kerala. Their milestones as well as the smiles and pains along their journey – a little peek into the revolution on a skateboard.",['Documentary'],"['skateboarding', 'skateboarder', 'bangalore', 'kochi', 'ten thousand pixels']",[],"['Harikrishna Kunnath', 'Jacob Reji', 'Jeevanath Viswanath', 'Joven Roy']",[],"['English', 'Malayalam']",[],8.0,1,0.1907,14,https://image.tmdb.org/t/p/w500/7GZEcyn9amhXHmjMU5TjvZ2DJuM.jpg
456770,Ayal Jeevichirippundu,2017-03-10,John Mathew (Vijay Babu) is a booker prize winning novelist who is on vacation in Goa. Struggling with figuring out a theme for his next book; he meets a fisherman Murukan (Manikandan) who hails from Kerala. The two bond well and join together in their journey.,"['Drama', 'Adventure']",['goa'],"['Namrata Gaikwad', 'Vijay Babu', 'Manikandan Achari', 'Sudheer Karamana', 'Hareesh Peradi']",['Vyasan K.P.'],['Vyasan K.P.'],['Malayalam'],[],10.0,1,0.1722,140,https://image.tmdb.org/t/p/w500/jFCeIx9XHajm06ZRFeWCTvcw7gP.jpg
1092640,Panchavalsara Padhathi,2024-04-26,"Revolves around Sanoj who runs the Akshaya Centre in Kalamberi village. All of a sudden, Kalambasura -a local legend- starts appearing infront of the villagers.",['Comedy'],[],"['Siju Wilson', 'P. P. Kunhikrishnan', 'Hareesh Pengan', 'Jolly Chirayath', 'Nisha Sarangh']",['Premlal'],['Sajeev Pazhoor'],['Malayalam'],['ManoramaMax'],3.0,2,0.201,123,https://image.tmdb.org/t/p/w500/9NpHlEVNGCJDe0KDto1KTlIw1qk.jpg
1254267,Manasa Vacha,2024-03-08,"Frustrated by the injustice and hypocrisy of society, few good hearted thieves try to pull the heist of a lifetime to humorous ends.",['Comedy'],[],"['Dileesh Pothan', 'Prasanth Alexander', 'Sreejith Ravi', 'Vinod Kovoor', 'Kalabhavan Haneef']",['Sreekumar Podiyan'],['Majeed Sayed'],['Malayalam'],"['ManoramaMax', 'ManoramaMAX Amazon Channel']",1.0,2,0.1512,121,https://image.tmdb.org/t/p/w500/smTkbKmHFgkFp7OI20r3KupZRgS.jpg
397065,Aana Mayil Ottakam,2015-11-27,Aana Mayil Ottakam is an anthology film. This is not really very common in Malayalam industry. But this concept is going on since ages and even legendary filmmakers like Satyajit Roy has tried this genre. It is always very interesting to see a collection of great short movies. You cannot get bored watching a movie like this. It is good to see that producers are interested in investing innovative concepts like this. Aana Mayil Ottakam is a compilation of short movies with some of the biggest names of Malayalam film industry.,"['Comedy', 'Drama']","['anthology', 'schoolboy']","['Mithun Murali', 'Chembil Ashokan', 'Sunil Sukhada', 'Seema G Nair', 'Meenakshi Anoop']","['Jayakrishnan', 'Anil Sign']",[],['Malayalam'],[],0.0,0,0.153,144,https://image.tmdb.org/t/p/w500/qP9A4g0DsoIKe548xlTfAEduUHV.jpg
395500,Akashvani,2016-02-19,"Movie narrates the story of a couple, Akash and Vani. They go on a personal trip to spend some quality time with each other and the resulting incidents are plotted.","['Comedy', 'Drama', 'Family']",['couple'],"['Vijay Babu', 'Kavya Madhavan', 'Lalu Alex', 'Saiju Kurup', 'Sreejith Ravi']",['Khais Millen'],"['Vinod Vijayakumar', 'Vinod Jayakumar']",['Malayalam'],[],5.0,2,0.1641,113,https://image.tmdb.org/t/p/w500/jMe4puC3HDJlPkxREXmVZF0PfEW.jpg
599329,Padmavyuhathile Abhimanyu,2019-03-08,"The tragic real-life killing of student activist Abhimanyu M, using the mythological Abhimanyu (who entered the impenetrable Padmavyuha but couldn't escape) as a metaphor for the student's fight against fundamentalism and his subsequent assassination.",['Drama'],[],"['Akash Aryan', 'Sona Nair', 'Anoop Chandran', 'Indrans', 'Simon Britto Rodrigues']",['Vineesh Aradya'],"['Vineesh Aradya', 'Vineesh Aradya']",['Malayalam'],[],1.0,1,0.1974,130,https://image.tmdb.org/t/p/w500/23JdNMp6mSqKLkLFVAtn8LUP2Ws.jpg
562682,Nithyaharitha Nayakan,2018-11-16,A heartwarming romantic comedy that follows a man as he goes through various stages of love - from the first crush to final break-up.,['Comedy'],[],"['Vishnu Unnikrishnan', 'Dharmajan Bolgatty', 'Indrans', 'Basil Joseph', 'Anju Aravind']",['Binuraj'],['Jayagopal'],['Malayalam'],['VI movies and tv'],1.0,1,0.1518,155,https://image.tmdb.org/t/p/w500/hkSi5u47leeyeEddsUNwuaEELrV.jpg
819910,Wolf,2021-04-18,"When the police try to unravel the truth behind a series of mysterious crimes in a locality, they face an unexpected situation.",['Crime'],[],"['Arjun Ashokan', 'Samyuktha', 'Shine Tom Chacko', 'Jaffer Idukki', 'Irshad']",['Shaji Azeez'],"['G.R. Indugopan', 'G.R. Indugopan']",['Malayalam'],['Zee5'],3.8,6,0.2659,113,https://image.tmdb.org/t/p/w500/c6HRaoOIwUGdIJOpu28yDKeq5GF.jpg
456853,Idavappathi,2016-04-29,Movie deals with the story of the mental conflicts of a Tibetan Buddhist priest.,"['Drama', 'Romance']","['dancer', 'buddhist', 'romance']","['Siddharth Lama', 'Manisha Koirala', 'Utthara Unni', 'Sharath Das', 'Bhagyalakshmi']",['Lenin Rajendran'],['Lenin Rajendran'],['Malayalam'],[],0.0,0,0.1543,0,https://image.tmdb.org/t/p/w500/cdR5rGZTacyLC7dB62W4vVfkylA.jpg
580390,Lonappante Mammodisa,2019-02-01,"Lonappan happens to attend his school reunion, where he revisits his older self and starts to reflect on his potential. When he meets his friends who are doing really well in life and are happy, he starts thinking about his laid back life.","['Comedy', 'Drama']",[],"['Jayaram', 'Anna Reshma Rajan', 'Eva Pavithran', 'Joju George', 'Kaniha']",['Leo Thaddeus'],['Leo Thaddeus'],['Malayalam'],"['ManoramaMax', 'ManoramaMAX Amazon Channel']",4.8,5,0.2155,136,https://image.tmdb.org/t/p/w500/6POvbbOdw3odEJIc62L7QGjdmbA.jpg
903290,Ole Kanda Naal,2021-03-19,A campus full of stupid students. The film is about the story of a Muslim girl coming from an Orthodox family and then an eventful event.,[],[],"['Deljo Dominic', 'Shivaji Guruvayoor', 'Neena Kurup', 'Jothish Jo']",['Musthafa Gutz'],[],['Malayalam'],[],0.0,0,0.1739,122,https://image.tmdb.org/t/p/w500/5xPMu1vhsolAMYWO8PkUiiX9Ipv.jpg
534006,Kidu,2018-06-29,"Five Class 11 students continue with their mischievous ways till a new teacher joins their school and puts her faith in them, despite the opposition from other faculty. While the boys change their ways, a shocking incident leaves a lasting impact in their lives.","['Action', 'Drama', 'Romance']","['friendship', 'teacher']","['Ramzan Muhammed', 'Anagha Stibin', 'Abdullah Ayman', 'Sudhi Koppa', 'Leona Lishoy']",['Majeed Abu'],[],['Malayalam'],[],1.5,1,0.234,124,https://image.tmdb.org/t/p/w500/tP7b987PhwQhiktTDaGbpV1LuTF.jpg
822687,Isha,2020-02-28,"Revolving around a young girl who gets possessed, Isha is a horror film that will leave you with goosebumps.",['Horror'],[],"['Kishor Salvi', 'Abhishek Vinod', 'Margret Antony', 'Baby Avani', 'Kishor Satya']",['Jose Thomas'],['Jose Thomas'],['Malayalam'],['VI movies and tv'],0.0,0,0.1783,118,https://image.tmdb.org/t/p/w500/2PfEq38iTeOeKuylkY3C8AixwH9.jpg
572457,Janaadhipan,2019-01-10,A film based on a Chief Minister of Kerala who is against an invisible foe and everyone else scheming for their selfish gains.,"['Thriller', 'Drama']","['politician', 'chief minister']","['Hareesh Peradi', 'Vinu Mohan', 'Anil Nedumangad', 'Sunil Sukhada', 'Pradeep Kottayam']",['Thanseer M A'],['Thanseer M A'],['Malayalam'],[],3.5,2,0.1593,120,https://image.tmdb.org/t/p/w500/oR7RWhgKw0fFp5J5PnTT3UE2OAb.jpg
1601798,Themmadi Kunnile Thanthonnikal,2026-01-01,"The lives of four close friends from a small village, whose carefree attitude, mischief, and strong bond land them in a series of humorous and emotional situations.",['Drama'],[],"['Adhi Anichan', 'Thalhath Babs', 'Edward George', 'Anakha Ann', 'Ambika Mohan']",['Robin Joseph'],"['Sminesh Mohanan', 'Saji Joseph']",['Malayalam'],[],1.0,1,0.1429,114,https://image.tmdb.org/t/p/w500/mC33lBwm5XjAZ6bDWJ8revLKJjI.jpg
465145,Samarppanam,2017-03-10,"The murder of a young girl brings together the three central characters that develop an inexplicable bond with the victim, and amongst them. Consequences beyond their expectations await them.","['Drama', 'Crime']",[],"['Anil Nedumangad', 'Santhosh Keezhattoor', 'P Balachandran', 'Virginia Rodriguez', 'Renji Panicker']",['K. Gopinathan'],['Tara Ramanujan'],['Malayalam'],[],7.0,1,0.1816,118,https://image.tmdb.org/t/p/w500/5vVQwaPypQraC5DDqvCqxK9uTF6.jpg
510048,Ottamuri Velicham,2017-11-28,"Set against the backdrop of a beautiful hilltop village surrounded by dense forest and a decaying tea plantation is the story of Sudha, an under privileged woman who reaches this village after her marriage with Chandran. They stay along with Chandran’s brother and aging mother in a confined single room house with a make shift separation to create space for the couple. The room has a strange light without a switch which changes its colors often. While Chandran calls the light his invention of a lifetime, it deprives Sudha of her privacy and begins to haunt her. Adding to her woes, Chandran engages in acts to physically exert his dominance over Sudha. Amidst deep trauma, Sudha realises that she doesn't have any support and decides to fight for her survival and seeks revenge against Chandran. Will Sudha succeed in her fight for freedom forms the crux of this emotional thriller.",['Drama'],[],"['Vinitha Koshy', 'Deepak Parambol', 'Rajesh Sharma', 'Pauly Valsan', 'Renjit Shekar']",['Rahul Riji Nair'],['Rahul Riji Nair'],['Malayalam'],['Eros Now Select Apple TV Channel'],8.0,1,0.1306,102,https://image.tmdb.org/t/p/w500/in16dJDcPjdGPsrwj6IqfdtRjv3.jpg
1258916,Pushpaka Vimanam,2024-10-04,"After covering up a tragic incident, a man faces a race against time to prevent the truth being exposed.","['Action', 'Comedy', 'Fantasy']",[],"['Siju Wilson', 'Dheeraj Denny', 'Balu Varghese', 'MV Namritha', 'Lenaa']",['Ullas Krishna'],"['Sandip Sadanandan', 'Deepu S. Nair']",['Malayalam'],[],0.0,0,0.239,136,https://image.tmdb.org/t/p/w500/iEfFplXZj4ofZlI1dhPQsBTErUH.jpg
708998,Run Kalyani,2019-11-11,"A gently beguiling debut feature fiction from Geetha J. A poetic and realist drama about duties, dreams and desires that draws you into the world of Kalyani. Kalyani is a young cook who lives with her ailing aunt and a young man in a rundown agraharam in Trivandrum. Each day is the same as she carries on with her life of duty as a cook and carer. But each day is not the same too. As the romance of poetry ignites a passion, as the stories of other worlds stirs a desire, as sharks close in and death draws near, Run Kalyani builds into an intense crescendo of grief and grit, sorrow and strength.",['Drama'],[],"['Garggi Ananthan', 'Madhu', 'Meera Nair', 'Devaki Rajendran']",['Geetha J'],['Geetha J'],['Malayalam'],[],0.0,0,0.1651,100,https://image.tmdb.org/t/p/w500/iiVF1Edb7cuT4EcbjNTKmrZEgmX.jpg
1444135,La - Tomatina,2023-09-22,A digital journalist's detention by secret police takes an unexpected turn when a government lockdown forces extended confinement.,['Thriller'],[],"['Joy Mathew', 'Sreejith Ravi', 'Kottayam Nazeer', 'Ramesh Raj', 'Maria Suma']",['Sajeevan Anthikad'],"['T Arunkumar', 'T Arunkumar']",['Malayalam'],[],2.0,1,0.2618,116,https://image.tmdb.org/t/p/w500/g78aEUkgpNfpFUF3pllp1obqdX7.jpg
922598,Aavasavyuham: The Arbit Documentation of an Amphibian Hunt,2022-03-19,"The fragile ecosystem of ‘Puthuyvype’ a small island in Kochi, the exotic migration of birds to the mangroves, the fisherman and the impending danger from a petroleum company has contributed to Joy’s metamorphosis. Locals recall in a tale mixed with myth, divinity and disturbing ecological disruptions 'Joy' may not be just an ordinary man","['Science Fiction', 'Thriller']","['aavasavyuham', 'avasavyuham']","['Rahul Rajagopal', 'Zhinz Shan', 'Geethi Sangeetha', 'Nileen Sandra', 'Sreenath Babu']",['Krishand'],['Krishand'],['Malayalam'],"['Sony Liv', 'VI movies and tv']",8.6,7,0.1417,114,https://image.tmdb.org/t/p/w500/j8K518nNnuBrnBVtKScVxyVSvjM.jpg
982515,Sree Dhanya Catering Service,2022-08-26,Hilarity ensues when a group of men in a small village in Kottayam get together to cook Biryani for a birthday party. The friendly banter over regional variations in recipes and style devolves into heated but entertaining discussions.,"['Drama', 'Comedy']",[],"['Jeo Baby', 'Sumesh Moor', 'Gilu Joseph', 'Josey Sijo', 'Prasant Murali']",['Jeo Baby'],['Jeo Baby'],['Malayalam'],"['Amazon Prime Video', 'Amazon Prime Video with Ads']",5.0,2,0.1611,96,https://image.tmdb.org/t/p/w500/wIU2PwKEzDUUMGV9OdFCrjXVq0f.jpg
844674,Grahanam,2021-02-21,The story revolves around the life of a couple Roy and Tina whose happy life lands into an unsettling loop of twists when a doubt about Roy's identity haunts Tina.,"['Mystery', 'Thriller']",[],"['Gibu George', 'Vijay Menon', 'Devika Sivan', 'Sudheer Karamana', 'Ann Sooraj']",['Anand Paga'],"['Anand Paga', 'Anand Paga']",['Malayalam'],[],3.3,3,0.1753,135,https://image.tmdb.org/t/p/w500/uuHsALlQ0uQibeFujDJLqp1ddNt.jpg
447110,Ka Bodyscapes,2016-03-18,"Three young people—Haris, a gay painter; Vishnu, a rural kabaddi player and their friend Sia, an activist who refuses to conform to dominant norms of femininity—struggle to find space and happiness in a conservative Indian city.",['Drama'],"['controversy', 'painter', 'exhibition', 'lgbt', 'activist', 'gay theme']","['Kannan Rajesh', 'Jason Chacko', 'Naseera', 'Nilambur Ayisha', 'Athidhi']",['Jayan Cherian'],['Jayan Cherian'],['Malayalam'],[],4.857,7,0.1518,99,https://image.tmdb.org/t/p/w500/heyL2McSND3y1LW1DhENhkMUmSl.jpg
792855,Moonwalk,2025-05-30,It's the year 1987. Youngsters living in the outskirts of Thiruvananthapuram start exploring breakdancing.,['Drama'],[],"['Manoj Moses', 'Shersha Sherief', 'Meenakshi Raveendran', 'Anunath', 'Sujith Prabhakar']",['A.K Vinod'],"['A.K Vinod', 'Mathew Varghis', 'Sunil Gopalakrishnan']",['Malayalam'],[],6.2,4,0.2731,116,https://image.tmdb.org/t/p/w500/72UnYskIKh9LTVIIV9wmDjTsB6d.jpg
441402,Buddhanum Chaplinum Chirikkunnu,2016-12-02,"It is a hundred years since Charlie Chaplin,artist nonpareil,appeared on the silver screen mesmerizing audiences across the globe.His signature mustache and derby hat have left their indelible imprint on the annals of film history.Buddha and Chaplin smile is a film that pays homage to Chaplin at the centennial commemoration of his acting career.The film portrays an Indian comedian Indraguptan,who idolized Chaplin.He believes his life resembles Chaplin and nurtures the desire to depict his hero on the big screen.However,he rules out a blind imitation of the late legend.The narrative revolves around his comic wisdom and quest for true love.The dilemma that ensues is the crux of the story.",['Drama'],"['relationship', 'family']","['Indrans', 'Praveena', 'Amritha Anilkumar', 'P Balachandran', 'Nedumudi Venu']",['R Sarath'],['R Sarath'],['Malayalam'],[],0.0,0,0.2753,111,https://image.tmdb.org/t/p/w500/5AoMV6MxV9YFWQVTVnnU8M6PAbW.jpg
931895,Antakshari,2022-04-22,"Circle Inspector Das is so obsessed with music that he plays the game of Antakshari with anyone, anywhere; whether it be for fun with his wife or to punish the culprits he arrests. However, things take a turn for the worse when Das has to dance to the tunes of a corrupt politician and a serial killer.",['Thriller'],[],"['Saiju Kurup', 'Priyanka Nair', 'Sudhi Koppa', 'Vijay Babu', 'Shabareesh Varma']",['Vipin Das'],['Vipin Das'],['Malayalam'],[],7.1,7,0.1944,121,https://image.tmdb.org/t/p/w500/8xtzQHA1Hx7JYTJ20h8RL4DfG87.jpg
1042824,Rudhiram,2024-12-13,"Swathi, who was once a free and progressive young woman, is now captivated by an unknown man. She needs to find the reason why she was captured and escape this trap from a masked man who has no limits when it comes to torture.","['Thriller', 'Mystery', 'Drama']",[],"['Raj B Shetty', 'Aparna Balamurali', 'Priya Sreejith', 'Devadathan', 'sayanth']",['Jisho Lon Antony'],"['Jisho Lon Antony', 'Jisho Lon Antony', 'Joseph Kiran George']",['Malayalam'],[],0.0,0,0.1862,124,https://image.tmdb.org/t/p/w500/srHYVfoKBE31submKShpdw762V.jpg
1121822,Thaanara,2024-08-23,"A thief, a politician and a singer find themselves in a precarious position in a city mansion.","['Comedy', 'Drama']",[],"['Vishnu Unnikrishnan', 'Shine Tom Chacko', 'Aju Varghese', 'Deepti Sati', 'Chinnu Chandini Nair']",['Haridas'],['Raffi'],['Malayalam'],"['ManoramaMax', 'ManoramaMAX Amazon Channel']",5.0,2,0.2238,118,https://image.tmdb.org/t/p/w500/jdhzrBTqDThVeOSyQwrBP9UiJkq.jpg
466979,Olappeeppi,2016-09-30,"Olappeeppi portrays the story of an ordinary Malayali family and the changes in the socio-economic scene in Kerala from 1970's to the 2000's . As the name suggests, its about colours of the past, taking us to that era along with a boy named Unni and his grandmother.","['Drama', 'Family']","['grandparent grandchild relationship', 'nostalgia', 'memory', 'childhood']","['Dev Prayag Hari', 'Punnaseri Kanchana', 'Biju Menon', 'Paris Laxmi', 'Reena Maria']",['Krish Kymal'],['Krish Kymal'],['Malayalam'],[],7.0,4,0.1817,121,https://image.tmdb.org/t/p/w500/la5oI2YyVHZ7yp7BRw4wZMbKiaV.jpg
451321,"LBW: Love, Breakup and War",2016-08-26,"LBW is a movie discussing about different phases of love and life. Love is precious, how it works out and changes the minds of human beings is the basic story of the film.",[],[],"['Deepu Das', 'Pramod Das', 'Abdul Kalam', 'Neethu Lal', 'Ektha Sidharth']",['B.N. Shajeer Sha'],[],['Malayalam'],[],0.0,0,0.1304,0,https://image.tmdb.org/t/p/w500/4Z3iZ3u18noyj4icteNfKJKrchD.jpg
1177833,Uru,2023-03-03,The film tells the story of lives related to the Uru (Dhow) manufacturing in Beypore.,['Drama'],[],"['Mamukkoya', 'Manju Pathrose', 'Manoj K U']",['E. M. Ashraf'],['E. M. Ashraf'],['Malayalam'],[],3.0,1,0.2166,97,https://image.tmdb.org/t/p/w500/A001usjkNXRpgLIWBF45KtPbjQE.jpg
849901,Lost,2017-11-10,"One morning, Rajendra Prasad, a retired cop, disappears from home. His daughter Anu, accompanied by her boyfriend Vinod, goes out in search of him. The story rolls along through luscious Keralan landscapes when she gets a call from her father.",['Drama'],[],"['K Kaladharan', 'Nina Chakroborty', 'Sarath Sabha', 'Kuttikrishnan Ennakkad', 'Lekshmi Sanal']","['Satish Babusenan', 'Santosh Babusenan']","['Santosh Babusenan', 'Satish Babusenan']",['Malayalam'],[],0.0,0,0.1549,87,https://image.tmdb.org/t/p/w500/2Fb30eKCiBYoxeDHnuLRuucVEeb.jpg
1244729,Oru  Bhaaratha Sarkar Ulpannam,2024-03-08,A painter's peaceful life with family shifts when he joins a government project,"['Drama', 'Comedy']",[],"['Subeesh Sudhi', 'Shelly Kishore', 'Gouri G Kishan', 'Aju Varghese', 'Vineeth Vasudevan']",['T V Renjith'],['Nizam Rawther'],['Malayalam'],[],0.0,0,0.1356,115,https://image.tmdb.org/t/p/w500/25krf5B3ikiOC9clAIVRZUQ0DMw.jpg
599002,Kantharam,2019-02-15,"A young couple book a honeymoon package through a website, hoping to have a good time. However, things take a turn and the trip ends up being a nightmare.",['Thriller'],[],"['Hemanth Menon', 'Jiivika Pillappa', 'Shivaji Guruvayoor', 'Azees Nedumangad', 'John Kokken']",['Shan Kechery'],"['Shan Kechery', 'Shan Kechery']",['Malayalam'],[],3.0,1,0.1388,90,https://image.tmdb.org/t/p/w500/vReiiuFoFmjfDuFnSa9A8NW4jyD.jpg
390283,Mohavalayam,2016-03-18,"Envisaging a luxurious life, Prameela, a theatre artist, marries a director. But all her dreams are shattered when fate makes her the sole breadwinner of her family.",['Drama'],[],"['Joy Mathew', 'Mythili', 'Sudheesh', 'Sajitha Madathil', 'Indrans']",['T. V. Chandran'],[],['Malayalam'],[],5.5,2,0.1662,155,https://image.tmdb.org/t/p/w500/jlefoRNkJzTnhzGFbSaHJ0cpuAY.jpg
1187661,Rani Chithira Marthanda,2023-10-27,Rani Chithira Marthanda is a captivating family drama that explores the complex relationship between a father and son.,['Drama'],[],"['Josekutty Jacob', 'Keerthana Sreekumar', 'Kottayam Nazeer', 'Sini Abraham', 'Abhishek Raveendran']",['Pinku Peter'],['Pinku Peter'],['Malayalam'],[],4.0,1,0.1873,123,https://image.tmdb.org/t/p/w500/4heFuoVL7J3YIsvtpnMTqWFbyNI.jpg
863463,Roudram 2018,2019-10-18,Based on real-life incidents that occurred in central Travancore during the devastating floods that Kerala survived in 2018.,['Drama'],[],"['Renji Panicker', 'K.P.A.C. Leelamani', 'Nikhil Renji Panicker', 'Nisa', 'Binu Pappu']",['Jayaraj'],['Jayaraj'],['Malayalam'],[],0.0,0,0.1828,79,https://image.tmdb.org/t/p/w500/tAWzUhpJ12WJ2vJ7z7r6neNEjKb.jpg
606770,Jeem Boom Bhaa,2019-05-24,"Three friends want to have a fun time on New Year’s Eve, but things don’t go as planned","['Comedy', 'Thriller']",[],"['Askar Ali', 'Limu Shankar', 'Aneesh Gopal', 'Anju Kurian', 'Baiju Santhosh']",['Rahul Ramachandran'],"['Vivek Raj', 'Rahul Ramachandran', 'Limu Shankar']",['Malayalam'],[],4.0,1,0.1669,118,https://image.tmdb.org/t/p/w500/xwqXr3vyb22UCIkjpLxelrCdDcm.jpg
927213,Sathyam Mathrame Bodhippikku,2022-01-14,An IPS officer investigates the murder of a leading criminal lawyer in the city. Things become further suspicious when a middle-aged person named Mathews becomes the witness.,"['Thriller', 'Crime']",[],"['Dhyan Sreenivasan', 'Johny Antony', 'Sudheesh', 'Rony David Raj', 'Ambika']",['Sagar Hari'],['Sagar Hari'],['Malayalam'],"['Sun Nxt', 'VI movies and tv']",5.0,4,0.1178,126,https://image.tmdb.org/t/p/w500/y67EEmSwHycEDgOnM2HXAUDxifm.jpg
610332,Sidharthan Enna Njan,2019-05-17,"Sidharthan, a young man from a superstitious, underdeveloped village in Kerala, rebels against traditions, only to become an ""evil-eyed"" figure himself when his genuine attempts at bringing change.",['Drama'],[],"['Sibi Thomas', 'Indrans', 'Kalabhavan Haneef', 'Vijayan Karanthoor', 'Dileesh Pothan']",['Ashaprabha'],"['Ashaprabha', 'Ashaprabha']",['Malayalam'],[],5.5,2,0.1631,122,https://image.tmdb.org/t/p/w500/vd9asS50lYz3kuYkjg0o6gTJAZX.jpg
866272,No Way Out,2022-04-22,"David and Suju are a newlywed couple,soon expecting a baby. David is knee-deep in debt, gets embroiled in an unforeseen financial dilemma during the lockdown, attempts handling it in his own maniacal ways","['Thriller', 'Mystery']",[],"['Ramesh Pisharody', 'Dharmajan Bolgatty', 'Basil Joseph', 'Raveena Nair', 'Kalabhavan Shajon']",['Nithin DeviDas'],['Nithin DeviDas'],['Malayalam'],"['Amazon Prime Video', 'Amazon Prime Video with Ads']",4.5,4,0.3684,97,https://image.tmdb.org/t/p/w500/lfloiKfJb7LzijdcX2VIUX47Jv7.jpg
1615313,Kidney Biriyani,2015-06-19,A drama that highlights the nobility of organ donation while exposing the dark side of illegal kidney marketing through the lives of individuals desperate for transplants.,['Drama'],[],"['Madhu', 'Ranjith', 'Anil Panachooran', 'Ramesh Krishna', 'Saju Navodaya']",['Madhu Thattampally'],"['Riyas Padivattam', 'Mahinkar Kecheri']",['Malayalam'],[],2.0,1,0.0983,101,https://image.tmdb.org/t/p/w500/oA6xHwd77kUG10R60jEM8FV3kyF.jpg
1564387,Hypothesis of Barrier Agreed Upon,2025-11-08,"a filmmaker setting out to capture the life of demolition worker, an immigrant whose close friends and fellow workers went missing. As the filmmaker attempts to do so, the production faces many symbolic and frustrating obstacles in between. Disheartened, the filmmaker departs the site—defeated, exhausted, and grieving the story they couldn’t tell.","['Drama', 'Documentary']","['independent film', 'docufiction', 'indie documentary']","['NIHARIKA BRIJA PRADAUSH', 'Anil Babu', 'Afif Khan S K', 'Indrajith Prasanth', 'Dona Divakaran']",['Jayakrishnan M S'],['Jayakrishnan M S'],['Malayalam'],[],0.0,0,0.1351,20,https://image.tmdb.org/t/p/w500/uS8S7EH3nXEgETiWbflkCdstvES.jpg
495019,Aana Alaralodalaral,2017-12-22,"Hashim, a young boy living in the neighborhoods of an affluent Hindu family that owns an elephant named Shekarankutty, is accused of stealing the tusker's golden chain. Hashim's family is shamed by the rich for the crime and they are forced to leave the village. Years later, Hashim, now a wealthy man returns to the village, only to see the once affluent family is now facing financial crisis. What happens next, forms the crux.",['Comedy'],['elephant'],"['Vineeth Sreenivasan', 'Anu Sithara', 'Suraj Venjaramoodu', 'Innocent', 'Vijayaraghavan']",['Dileep Menon'],['Sarath Balan'],['Malayalam'],[],3.5,3,0.2199,120,https://image.tmdb.org/t/p/w500/icoKDYOBmaJKy6ARtqnQkXHcsQW.jpg
1298792,I Am a Father,2022-12-09,"I Am A Father is a Malayalam movie released on 9 Dec, 2022. The movie is directed by Raju Chandra and featured Maheen K and Anupama V P as lead characters.",[],[],"['Maheen K', 'Anupama V. P.', 'Madhusoodanan', 'Akshara Raj', 'Roji Mathew']","['Raju Chandra', 'Binu Balan']",['Raju Chandra'],['Malayalam'],[],0.0,0,0.1999,75,https://image.tmdb.org/t/p/w500/tfZh0JnFrLK4UrchMiEtV4NmIqL.jpg
1121432,Phoenix,2023-11-17,John and his family relocate to a far away island village with hopes of rebuilding their lives. But destiny has other plans for them as a series of horrifying events begin to unfold.,"['Thriller', 'Horror']",[],"['Aju Varghese', 'Chandhunadh', 'Anoop Menon', 'Nilja K. Baby', 'Bhagath Manuel']",['Vishnu Bharathan'],"['Midhun Manuel Thomas', 'Vishnu Bharathan', 'Bigil Balakrishnan']",['Malayalam'],"['Amazon Prime Video', 'ManoramaMax', 'ManoramaMAX Amazon Channel', 'Amazon Prime Video with Ads']",3.7,6,0.1416,130,https://image.tmdb.org/t/p/w500/jcmxwDdWYYXTlejkeTTabeZ4k82.jpg
429778,Shyam,2016-08-26,Ghost-busting is both scary and hilarious in this tale of bhoots on the ground.,"['Family', 'Comedy']","['friendship', 'supervisor', 'love', 'personality', 'accountant', 'medical representative', 'sales executive']","['Rahul Madhav', 'Aparnaa Bajpai', 'Bhagath Manuel', 'Vivek Gopan', 'Govindan Kutty']",['Sebastian Maliyekkal'],['Sebastian Maliyekkal'],['Malayalam'],[],6.0,1,0.1842,110,https://image.tmdb.org/t/p/w500/oyY3diDCDZv7F0hTGROYHeNUpag.jpg
1073146,Viddikalude Maash,2022-06-17,Viddikalude Mashu is a family drama film about a boy who faces difficulties in life as a result of his inferiority complex. The film portrays how he overcomes numerous obstacles in his life and eventually achieves his life ambition.,['Drama'],[],"['Dilip Mohan', 'Aneesh Gopal', 'Shari', 'Anjali Aneesh Upasana', 'Manu Kurishinkal']",['Anish V.A.'],['Dilip Mohan'],"['Malayalam', 'Tamil']",[],5.3,3,0.1799,121,https://image.tmdb.org/t/p/w500/dfI0SI0yv7hgCdwofh4cVRLbRzs.jpg
1056606,Siddy,2022-10-07,"Siddy is a Malayalam drama movie, directed by Pious Raj. The cast of Siddy includes I.M. Vijayan,Aji John.","['Crime', 'Drama']",[],"['Akshaya Udhayakumar', 'Aji John', 'Rajesh Sharma', 'I. M. Vijayan']",['Pious Raj'],[],"['Malayalam', 'Tamil']",[],0.0,0,0.1176,0,https://image.tmdb.org/t/p/w500/ffdU9B3071aF7zMICB9pfjQlxsI.jpg
378611,Monsoon,2015-06-26,Varsha and Jessy are very close friends who live together in a rented house and work in the same IT Company. One of the rooms in their house is locked and in a particular circumstance they get a photo from the surroundings of the locked room. Varsha knows the young man in the photo. Varsha acquaints Anus Muhammed (John Jacob) during an interview. They soon realize that their rented house belongs to Anus. They decide to find out Anus.,"['Drama', 'Thriller']",['rain'],"['Aisha Azim', 'John Jacob', 'Malavika Menon', 'Lalu Alex', 'Joy Mathew']",['Suresh Gopal'],['Anil Mukhathala'],['Malayalam'],[],0.0,0,0.2418,132,https://image.tmdb.org/t/p/w500/ndISBPkveLRAQWCHZNSnQLRAmuO.jpg
1015651,4 Years,2022-11-25,"4 Years is about Gayathri and Vishal, their college sunrises, canteen sunsets and hostel midnights.","['Drama', 'Romance']",[],"['Priya Prakash Varrier', 'Sarjano Khalid', 'Eldo Raju', 'Hridya Eldose']",['Ranjith Sankar'],"['Ranjith Sankar', 'Ranjith Sankar']",['Malayalam'],"['Amazon Prime Video', 'Amazon Prime Video with Ads']",6.3,3,0.1595,120,https://image.tmdb.org/t/p/w500/pK3R1nsF05ksdoKiTDLbzmVnMuB.jpg
1503562,Chattuli,2025-02-21,"Chattuli follows Maari, a blind elderly man, and Kannan, a teenage villager, who meet in the Attappadi forest and discover a shared desire for revenge. United by their painful pasts, they embark on an adventures journey through the wilderness. Their path becomes one of survival, strength, and hard-fought redemption, where the forest becomes a battleground for both their inner and outer struggles.",['Drama'],[],"['Shine Tom Chacko', 'Jaffer Idukki', 'Kalabhavan Shajon', 'Sruthi Jayan', 'Varsha Prasad']",['Raj Babu'],"['Jayesh Mynagappally', 'Jayesh Mynagappally']",['Malayalam'],[],1.0,1,0.1969,107,https://image.tmdb.org/t/p/w500/r7mXJkfEUG9VcheSYLnK5SZol3b.jpg
581382,Ningal Camera Nireekshanathilaanu,2019-02-01,The film revolves around a veteran photographer who is faced with an unexpected incident in his life. What follows is a series of thrilling investigations that take place while getting to the root of the incident.,"['Thriller', 'Comedy']","['studio', 'camera', 'investigation', 'police officer']","['Jayakumar Parameswaran Pillai', 'Bhagath Manuel', 'Shaitya Santhosh', 'Shivaji Guruvayoor', 'M R Gopakumar']",['C S Vinayan'],"['Santhosh Gopal', 'Abhilash K B']",['Malayalam'],[],0.0,0,0.2789,117,https://image.tmdb.org/t/p/w500/9CkVEVPCW0V0eFA11EhcfsLaT9i.jpg
507062,Pathirakaalam,2018-02-24,"Hussain is a renowned researcher and one fine day he goes missing. Jahanara, his daughter, returns from Berlin and tries to find him for three months with no luck. The local law enforcement also seems to be clueless. That's when Jahanara and her friend take things into their own hands and set out to find her father. They embark on a difficult journey and have to endure a lot of hardships. But Jahanara doesn't give up.",['Drama'],[],"['Indrans', 'Mythili', 'Sreejith Ravi']",['Priyanandanan'],"['Priyanandanan', 'P N Gopikrishnan']",['Malayalam'],[],0.0,0,0.128,133,https://image.tmdb.org/t/p/w500/jNARC8PW8X0aAk9aFkJkfP4SGwY.jpg
440479,Pallikkoodam,2016-11-11,"The story of ""Pallikkoodam"" travels through the realities and imagination of a 12 year old boy named Althaf , hailing from a lower middle class family.",['Drama'],['school'],"['Vineeth Radhakrishnan', 'Anjali Aneesh Upasana', 'Sudheer Karamana', 'Bijukuttan', 'Kozhikode Narayanan Nair']",['Gireesh P.C. Palam'],['Gireesh P.C. Palam'],['Malayalam'],[],0.0,0,0.1742,111,https://image.tmdb.org/t/p/w500/gCknGM2fPo6FuyEApmlPZp6I33U.jpg
885908,Ennivar,2022-03-19,A personal rivalry becomes a political fight and a group of 4 students sets out to abscond in a remote house amidst the mountains.,['Drama'],[],"['Sarjano Khalid', 'Binu Pappu', 'Jeo Baby', 'Sudheesh', 'Sidhartha Siva']",['Sidhartha Siva'],['Sidhartha Siva'],['Malayalam'],[],6.5,2,0.1348,95,https://image.tmdb.org/t/p/w500/9mPYAq9vnugDSY17ChEMWCu1zN4.jpg
659084,The Kung Fu Master,2020-01-24,"The lives of two martial arts instructors are upended when they become the targets of a gang, who decide to assassinate the brother and sister duo.","['Action', 'Crime']",[],"['Neeta Pillai', 'Jiji Scaria', 'Sanoop D', 'Anju Balachandran']",['Abrid Shine'],['Abrid Shine'],"['English', 'Hindi', 'Malayalam']",[],5.8,4,0.1803,126,https://image.tmdb.org/t/p/w500/5qnk9HSzVHl0H4v7ezgFtlq3k5K.jpg
1197565,Oru Thulli Thaappa,2023-10-20,Oru Thulli Thaappa is a Malayalam Language movie directed by Vivek Ramachandran. It was not released in theaters and opted for direct digital release via OTT platforms.,"['Drama', 'Comedy', 'Horror']",['alcoholism'],"['Lal Jose', 'Jamshi Kannur', 'Rohith Krishna', 'Basheer Chekiyadath', 'Rajesh Rajeev']",['Vivek Ramachandran'],[],['Malayalam'],[],5.0,1,0.1209,39,https://image.tmdb.org/t/p/w500/7LdAzlzuntxGJpXvehXCKeLyY48.jpg
1204872,Made in Caravan,2023-11-14,It revolves around the lives of various individuals. They cross paths and travel in a caravan. Things take a turn as everyone re-discovers themselves.,"['Adventure', 'Comedy', 'Drama']",[],"['Indrans', 'Annu Antony', 'Prijil J.R.', 'Mithun Ramesh', 'Anson Paul']",['Jomy Kuriakose'],['Jomy Kuriakose'],['Malayalam'],[],1.0,1,0.0943,103,https://image.tmdb.org/t/p/w500/4ux5z0Bl7NrtKpj08YLzJEB4HO3.jpg
895309,Vellari Pattanam,2023-03-24,A comedy-laced family-friendly film with a social satire set in the present day.,"['Drama', 'Family', 'Comedy']",[],"['Manju Warrier', 'Soubin Shahir', 'Krishna Shankar', 'Salim Kumar', 'Suresh Krishna']",['Mahesh Vettiyaar'],"['Mahesh Vettiyaar', 'Sarath Krishna']",['Malayalam'],[],3.0,4,0.0912,140,https://image.tmdb.org/t/p/w500/8LJVUCflkjXVqCvYVkWKDC1M9jk.jpg
823715,Varkey,2020-03-06,"Varky is a quotation Goon who does the dirty work for his Boss and when need be, even for cops. But chaos ensues when his Boss assigns him to kidnap a bride-to-be on the eve of her wedding.","['Crime', 'Comedy']",[],"['Samad Sulaiman', 'Drishya Dinesh', 'Sadiq', 'Baiju Johnson', 'Jenson Alappat']",['Adharsh Venugopal'],['Adharsh Venugopal'],['Malayalam'],[],1.5,2,0.1618,94,https://image.tmdb.org/t/p/w500/tlmAlysbTajJ5c9AagJK5hsJ5uC.jpg
422424,3 Wicketinu 365 Runs,2015-06-19,"'Moonu Wicketinu 365 Runs' is a wholly wasted exercise that should have better stayed inside the cans. By unearthing it and presenting it before an audience in 2015, they have only managed to exhibit a fossil of a film that is a matter of discomfiture to all concerned.",['Comedy'],[],"['Kalabhavan Navas', 'Jagathy Sreekumar', 'Cochin Haneefa', 'Ansar Kalabhavan', 'Kalpana']",['K K Haridas'],"['Babu Pallassery', 'Babu Pallassery', 'Babu Pallassery']",['Malayalam'],[],5.0,1,0.1812,143,https://image.tmdb.org/t/p/w500/usjr7QqE9Mr5oNUTcpdVA83NmdH.jpg
400834,Saigal Padukayanu,2015-10-02,"The movie revolves around Chandra Babu, who has a great passion for music which he has inherited from his father.","['Drama', 'Music']",[],"['Remya Nambeesan', 'Shine Tom Chacko', 'Hareesh Peradi', 'Sithara', 'Rajesh Sharma']",['Sibi Malayil'],['T. A. Razzaq'],['Malayalam'],[],2.0,1,0.2108,146,https://image.tmdb.org/t/p/w500/igIipDs4ZvBLxlA7tIdJvxCbZip.jpg
977960,Theru,2023-01-06,"Hari and his two friends who get embroiled in a murder case under unusual circumstances. They deal with the power-play, haplessness and trauma.","['Drama', 'Thriller']",[],"['Amith Chakalakkal', 'Baburaj', 'Kalabhavan Shajon', 'Sreejith Ravi', 'Sanju Sivaram']",['S J Sinu'],['Dinil P k'],['Malayalam'],[],3.0,1,0.2122,116,https://image.tmdb.org/t/p/w500/q0JfqPUbCneL0KLKKobmztW8FfU.jpg
1106095,Snatch,2023-02-10,a criminal gang falls apart as strange incidents occur in their hideout,"['Crime', 'Drama', 'Thriller']","['gangster', 'neo-noir', 'guns']","['Nithin Thomas', 'Amal Oscar', 'Leo Philip', 'Gokul Kashinath', 'Rahul Babyraj']",['Ajay Ashok'],"['Adithyan Neelamana', 'Adithyan Neelamana']",['Malayalam'],[],9.0,2,0.2036,16,https://image.tmdb.org/t/p/w500/oDoOJdMfMrKHBbM0IZH6ToQ9saV.jpg
452694,Kamboji,2017-03-31,An extremely passionate kathakali artiste falls in love with a mohiniyattam artiste and their blossoming affair gives rise to a new and unique form of art.,"['Drama', 'Thriller']","['based on true story', 'dance act', 'traditional dancer']","['Vineeth Radhakrishnan', 'Lakshmi Gopalaswamy', 'Sona Nair', 'Rachana Narayanankutty', 'Shivaji Guruvayoor']",['Vinod Mankara'],"['Vinod Mankara', 'Vinod Mankara']",['Malayalam'],[],5.0,1,0.1497,137,https://image.tmdb.org/t/p/w500/8DCHhxtcrDSXk3xuOnHzv2WHqQw.jpg
1467554,"Those, revealed on the walls, in a touch",2025-02-01,A short documentary on a grandson returning home to visit his aging grandmother who was crying to see him on the phone.,['Documentary'],"['home', 'photograph', 'childhood', 'grandmother', 'memories', 'story', 'roots']",['Shyamala C M'],['Anand P Chandran'],[],['Malayalam'],[],0.0,0,0.1268,28,https://image.tmdb.org/t/p/w500/md8kDtqwNkmtILcYDUzky9FroWw.jpg
917129,Linja,2019-09-12,Human minds are corrupted by the thought that they are the superior one. The reality is often contradictory.,['Drama'],"['power politics', 'loop', 'hierarchy', 'linja']","['Sreedev Suprakash', 'Aswanth Ashtaman', 'Sarath Mohan']",['Ajay Govind A'],['Ajay Govind A'],['Malayalam'],[],0.0,0,0.1431,4,https://image.tmdb.org/t/p/w500/zsL7Z1E4qm10m6YLG3qoVTJG4wg.jpg
563746,Autorsha,2018-11-23,"In Kannur, Anitha tries to earn a living as an autorickshaw driver. Soon, she embarks on several adventures as she meets different passengers every day.",['Comedy'],[],"['Anusree Nair', 'Rahul Madhav', 'Tini Tom', 'Nazeer Sankranthi', 'Sankar Induchoodan']",['Sujith Vaassudev'],['Jayaraj Mithra'],['Malayalam'],"['ManoramaMax', 'ManoramaMAX Amazon Channel']",4.5,4,0.1448,133,https://image.tmdb.org/t/p/w500/apC2Znb0lJ8m49klOKMj0JWFa1Q.jpg
623804,Rameshan Oru Peralla,2019-08-16,"It is the first day of Rameshan as an online taxi driver when he encounters different kinds of people as his passengers. As the hearing impaired driver slowly begins to like his job, a young group comes in to give him a shocker. Will he be able to deal with it?","['Crime', 'Drama']",[],"['Manikandan Pattambi', 'Rajesh Sharma', 'Divyadarshan', 'Krishnan Balakrishnan', 'Krishna Kumar']",['Sujith Vigneshwar'],"['Sujith Vigneshwar', 'Sujith Vigneshwar']",['Malayalam'],[],8.0,2,0.1296,120,https://image.tmdb.org/t/p/w500/jgfJI0jwBhDQWIZ0wBdAtAnga4Q.jpg
494220,Gandhinagaril Unniyarcha,2017-11-10,"The story of Gandhinagaril Unniyarcha is based in a village called Gandhinagar where Unniyarcha and her thugs run chit fund and gambling dens. All goes well for Unniyarcha until Kottayam Naseer takes charge of the Gandhinagar Police station and nabs her in a case. What happens next, forms the crux.","['Action', 'Comedy']",[],"['Rajini Chandy', 'Innocent', 'Kottayam Nazeer', 'Ramesh Pisharody', 'Hareesh Perumanna']",['Jayesh Mynagappally'],['Saju Kodiyan'],['Malayalam'],[],1.5,1,0.101,120,https://image.tmdb.org/t/p/w500/8jsDHtZrzb6SwIGQ80lFgnc6RLr.jpg
615675,Jungle.com,2018-10-05,"Jungle.com is a Malayalam movie starring Sreejith Ravi and Gaurav Menon in prominent roles. It is a drama directed by Arun Nischal, with Rajesh Raghavan as the producer, forming part of the crew.","['Adventure', 'Drama']",[],"['Minon John', 'Gourav Menon', 'Neena Kurup', 'Geetha Vijayan', 'Sreejith Ravi']",['Arun Nischal'],['Arun Nischal'],['Malayalam'],[],0.0,0,0.1065,76,https://image.tmdb.org/t/p/w500/p1ib4ntrPaDPrVvBfI68cDWztMN.jpg
456760,Swayam,2017-02-17,"Swayam portrays the life of Meron, an autistic son of a Malayalee couple settled in Germany. His mother, Agnes is compassionate about her son's condition despite the indifference of her husband. When Meron shows interest in football, Agnes puts her weight behind him to pursue that dream.",['Drama'],"['germany', 'autism']","['Madhu', 'Lakshmipriya Menon', 'Nandhu', 'Nimay Pillai']",['R Sarath'],"['R Sarath', 'Sajeev Pazhoor']","['English', 'Malayalam']",[],0.0,0,0.1061,103,https://image.tmdb.org/t/p/w500/keCPac4nK32h3FG9QAXAKXGrLoR.jpg
854587,Thinkalazhcha Nishchayam,2021-10-29,"Set in Kanhangad, a modest town in North Kerala, arrangements are underway for Vijayan's second daughter, Suja's engagement. On what should be a perfect ceremony, the bride is having second thoughts, her father is in a financial mess, and as members of their family arrive one by one, family secrets start to surface. Set within the two days preceding the ceremony, the entire film happens in and around Vijayan's house.","['Romance', 'Comedy', 'Drama']",[],"['Anagha Narayanan', 'Aishwarya Suresh', 'Ajisha Prabhakaran', 'Anuroop P', 'Arpith PR']",['Senna Hegde'],"['Senna Hegde', 'Senna Hegde', 'Sreeraj Raveendran']",['Malayalam'],"['Sony Liv', 'VI movies and tv']",7.0,14,0.1385,107,https://image.tmdb.org/t/p/w500/75Zy1UjitISQGF5x1ue3MYGthOs.jpg
1531823,Angam Attahasam,2026-05-08,,"['Action', 'Drama']",[],"['Madhav Suresh', 'Shine Tom Chacko', 'Saiju Kurup', 'Maqbool Salmaan', 'Nishad M A']",['Sujith S Nair'],"['Sujith S Nair', 'G Anil Kumar Raju']",['Malayalam'],[],0.0,0,0.1994,126,https://image.tmdb.org/t/p/w500/wqK1EjX6ctXqdk2QdP8kglrhuTU.jpg
1557402,Oru Vadakkan Pranaya Parvam,2025-05-09,"At S.N. College Kannur in 2012, popular student leader JP faces unexpected rivalry when transfer student Sapna arrives, leading to campus tensions and romantic complications.","['Romance', 'Comedy']",[],"['Sooraj Sun', 'Anjana Prakash', 'Vineeth Vishwam', 'Jenson Alappat', 'Shabareesh Varma']","['Vijesh Chembilode', 'Rishi Suresh']","['Vijesh Chembilode', 'Vijesh Chembilode']",['Malayalam'],[],4.0,1,0.1642,155,https://image.tmdb.org/t/p/w500/188wI3KQLBrIvpsk6Byox5XuiLW.jpg
1005678,Last 6 Hours,2022-08-05,Four robbers come together and plot to rob a place in six hours. But there are some unforeseen problems. How do they deal with them and what will happen to them?,"['Thriller', 'Crime']",[],"['Bharath Srinivasan', 'Adil Ibrahim', 'Anoop Khalid', 'Viviya Santh', 'Neena Kurup']",['Sunish Kumar'],"['Suresh Tuticorin', 'Ajesh Chandran']","['Malayalam', 'Tamil']",[],0.0,0,0.1717,100,https://image.tmdb.org/t/p/w500/eaKyHHfEPTY5uCstK7eIUHkhJVS.jpg
655633,Vrithakrithiyulla Chathuram,2019-12-08,Manilal's journey through people after the disturbing demise of his father.,"['Adventure', 'Comedy']",[],"['Rahul Rajagopal', 'Surjith Gopinath', 'Zhinz Shan', 'Saritha Cukku', 'Kochu Preman']",['Krishand'],['Krishand'],['Malayalam'],[],5.0,1,0.159,123,https://image.tmdb.org/t/p/w500/oeC4M6IcWm6NEmsCjmT9k0siiS9.jpg
532215,Marubhoomiyile Mazhathullikal,2018-06-01,,['Drama'],[],"['Chembil Ashokan', 'Balachandran Chullikkadu', 'Devan', 'Gokulan', 'Shaju Sreedhar']",['Anil Karakkulam'],['Anil Karakkulam'],['Malayalam'],[],4.0,1,0.1292,104,https://image.tmdb.org/t/p/w500/qn39PG1HVYTFjM8pw4gPFnIpjY4.jpg
456751,Kolamass,2016-03-04,Shyam and Vandana head to a bigger city to start a new life and business.,"['Action', 'Thriller']",[],"['Ameer Niyaz', 'Dinesh Prabhakar', 'Dharmajan Bolgatty', 'Lakshmipriya', 'Ashkar Saudan']",['Sanoob Anil'],[],['Malayalam'],[],0.0,0,0.0921,122,https://image.tmdb.org/t/p/w500/omqSxrsIxOrim5T0uI4WqMeXZpW.jpg
1004183,Louis,2022-11-25,"Shaji Divakar, a Crime Branch officer, is certain that there is a hidden cause behind the suicides happening in his town and he sets out to solve the puzzle.",['Thriller'],[],"['Indrans', 'Manoj K Jayan', 'Ashokan', 'Vyshnavi Raj', 'Meenakshi Anoop']",['Shabu Usman'],[],['Malayalam'],[],0.0,0,0.318,119,https://image.tmdb.org/t/p/w500/miT5qkVmgXIEERpNT8G3bahsX0l.jpg
851829,Janazah,2021-07-18,"Janazah is the story of a fantastical journey to death of the eighty-year-old, Gandharvan Haji. When he travels at night in the same deathbed where his ancestors were carried, in the arms of his children. As he reaches the most relaxed state of his life, the wonders of the sky begin to call to him. Gandharvan Haji's beautiful journey to heaven begins here.",[],[],"['Mamukkoya', 'Sarasa Balussery', 'Sidhique Kodiyathur', 'Dominic Dom', 'Jayaraj Kozhikode']",['Kiran Kambrath'],['Kiran Kambrath'],['Malayalam'],[],0.0,0,0.1581,21,https://image.tmdb.org/t/p/w500/7RZI3PL2296mBvoVe1ohCdtSZc9.jpg
524958,Seed,2017-12-11,A slow burning film dealing with tensions between a father and a son set in the highlands of Kerala,['Drama'],[],"['Pradeep Kumar', 'Jain Syriac-Babu', 'Archana Padmini']",['Don Palathara'],['Don Palathara'],['Malayalam'],[],5.0,1,0.1078,84,https://image.tmdb.org/t/p/w500/At8nGmf5OrazjJhGic8ufuMFJp5.jpg
1650403,Superglue,2026-03-14,Art assistant Ryan wants to leave Crispin’s crew and something personal of Freddy’s goes missing.,['Comedy'],"['music video', 'culture', 'style', 'malayalam', 'short film', 'comedy']","['Nahas K. Gafoor', 'Franco Francis', 'Arshed Iqbal', 'Raju Ponnurunni', 'Abrar Anar']",['Maahir M'],"['Maahir M', 'Maahir M', 'Ajith Jenson', 'Gagan Dev']","['English', 'Malayalam']",[],0.0,0,0.1847,25,https://image.tmdb.org/t/p/w500/7wEB2S1ZTc8ipiRYyuhEzq1jlPh.jpg
1304113,DNA,2024-06-14,The film depicts the many efforts of a lovely woman with a tender soul as she conquers a stone-cold man who does not reciprocate her love.,"['Crime', 'Drama']",[],"['Raai Laxmi', 'Babu Antony', 'Hannah Reji Koshy', 'Renji Panicker', 'Raveendran']",['T S Suresh Babu'],['AK Santosh'],['Malayalam'],[],0.0,0,0.3196,156,https://image.tmdb.org/t/p/w500/nYFEoupQdH8I60cu97GXyQAyTqr.jpg
369564,Rasputin,2015-08-07,"Susheelan aka Sushee, is a 29-year-old man, who suffers from low self-esteem. Radhenathan aka Rad, Susheelan's cousin, colleague and mentor is an antitheses to him and has multiple affairs and one night stands. On Rad's advice, a depressed Susheelan gets in touch with Smita aka Dr. Smita, a high-class escort. He soon develops a special bond with her, resulting in a positive streak in his life. But one day, Susheelan travels to another city to meet Dr. Smita, not knowing that the ensuing events are going to change his and Rad's life for ever.","['Comedy', 'Romance']",[],"['Vinay Forrt', 'Sreenath Bhasi', 'Aju Varghese', 'Joy Mathew', 'Nandhu']",['Jinu G. Daniel'],['Jinu G. Daniel'],['Malayalam'],[],7.0,1,0.2094,116,https://image.tmdb.org/t/p/w500/t4JgTeicXQKu5PAZvGEvkHrjajf.jpg
502965,Vikadakumaran,2018-03-29,"Binu Sebastian, a small-time advocate, makes his living by taking up petty cases and leads a simple life. His life takes a drastic turn when he stumbles upon a sensational case and decides to take it up.","['Comedy', 'Thriller']",[],"['Vishnu Unnikrishnan', 'Dharmajan Bolgatty', 'Manasa Radhakrishnan', 'Jinu Joseph', 'Raffi']",['Boban Samuel'],['Y. V. Rajesh'],"['Malayalam', 'Tamil']",['Zee5'],5.167,6,0.1454,131,https://image.tmdb.org/t/p/w500/rYHV218pmcf0actOaMc54UVyxrI.jpg
927325,1744 White Alto,2022-11-18,"Set in an unspecified place in Northern Kerala. Vijayan, a lowlife, gets himself involved in a case of mistaken identity. His car gets swapped with that of two small-time crooks Ebi and Kannan. With the local police, Mahesh and his team hot on their tails, a fun-filled cat-and-mouse chase ensues. What happens next is a series of comedy of errors. The story is flush with satire, suspense, and violence on the way to an unexpected climax.","['Comedy', 'Drama', 'Crime']",[],"['Sharafudheen', 'Vincy Aloshious', 'Rajesh Madhavan', 'Navas Vallikkunnu', 'Arya Salim']",['Senna Hegde'],"['Senna Hegde', 'Arjun B']",['Malayalam'],[],5.0,1,0.1173,110,https://image.tmdb.org/t/p/w500/5dDniQcwkvyvLNsqpQp4GRG5KGJ.jpg
465419,Vilakkumaram,2017-06-16,Vilakumaram is a Malayalam movie starring Bhavana Menon and Manoj K Jayan in prominent roles. The cast also includes Neena Kurup and Suraj Venjaramoodu. It is a family drama directed by Vijay Menon.,"['Drama', 'Family']",[],"['Bhavana', 'Manoj K Jayan', 'Baiju V.K.', 'Neena Kurup', 'Nandhu']",['Vijay Menon'],"['Nikhil Menon', 'Vijay Menon']",['Malayalam'],[],0.0,0,0.1117,0,https://image.tmdb.org/t/p/w500/7EkqkA0dL12h6z5th9gFHND9KW7.jpg
995339,Sabaash Chandra Bose,2022-08-05,"Chandra Bose goes to his close friend Yatindran's house, to watch TV . One day a minor squabble gets out and Chandra storms out swearing to buy a color TV . He takes desperate measures to acquire TV and gets caught in a series of troubles.","['Comedy', 'Drama']",[],"['Vishnu Unnikrishnan', 'Johny Antony', 'Dharmajan Bolgatty', 'Jaffer Idukki', 'Irshad']",['V C Abhilash'],['V C Abhilash'],['Malayalam'],"['Amazon Prime Video', 'ManoramaMax', 'ManoramaMAX Amazon Channel', 'Amazon Prime Video with Ads']",5.0,4,0.1411,125,https://image.tmdb.org/t/p/w500/5WIhauNYqB2IP3lFNvWJ1RLzblh.jpg
889576,Aalankam,2023-03-10,,"['Action', 'Comedy']",[],"['Jaffer Idukki', 'Lukman Avaran', 'Gokulan', 'Saranya R Nair', 'Sudhi Koppa']",['Shani Khader'],['Shani Khader'],['Malayalam'],[],0.0,0,0.1775,110,https://image.tmdb.org/t/p/w500/3JX7m7aQvTroq7qJidKQBAUvnEG.jpg
1150273,Pakshikalkk Parayanullath,2020-11-20,"Meenakshi a thirteen-year-old girl, her father Mohamed Jahan and her mother Indulekha who live in there marooned worlds. Jahan is a taxidermist. He tries to freeze the flight of birds, reflecting his view of life affecting relationships. His world is like a box of eerie memories frozen in taxi -dermal mounts, glass jars and bead eyes. Indulekha, who had an emotional paralytic stroke, is bedridden. Life goes on disconnected in the huge ancestral house of dark shades. Fighting the forced solitude, the teenager created a magical world of happiness around her. On a fateful day, confused and drunk, Jahan during his usual charade of expressing his unrequited love towards Indulekha mistakenly advances towards Meenakshi. That dark act throws the splintered lives into a moral vortex. It takes her to an abysmal plunge to loss of her pictorial passion of life.",['Drama'],[],"['Nilanjana Sha Sudha', 'Amar Ramachandran', 'Namita Nambiar', 'Meenakshi Dinesh']",['Sudha Radhika'],['Sudha Radhika'],['Malayalam'],[],0.0,0,0.1756,112,
1615451,Swargathekkal Sundaram,2015-05-22,"A social family drama that follows Sathish, a man facing a sudden life crisis, as he seeks help from his two close friends during a transformative 24-hour period. As they navigate a series of high-stakes and comedic situations, they discover that ""heaven"" is found within the happiness and meaningful bonds of their own lives.",['Drama'],[],"['Sreenivasan', 'Lal', 'Joy Mathew', 'Mythili', 'Sreejith Ravi']",['Manoj Aravindakshan'],"['Rajesh Raghavan', 'Rajesh Raghavan']",['Malayalam'],[],2.0,1,0.1905,109,https://image.tmdb.org/t/p/w500/1tyGayTz6C6THVlwjOQKrp58Pcd.jpg
401475,Pachakallam,2016-01-29,Maqbool Salman plays lead role in the forthcoming movie ‘Pachakallam’,['Action'],[],"['Maqbool Salmaan', 'Aqsa Bhatt', 'Thyagarajan', 'Riyaz Khan', 'Dharmajan Bolgatty']",[],[],['Malayalam'],[],0.0,0,0.1883,125,https://image.tmdb.org/t/p/w500/uqOn6oXsQK14E2lMYEXVpcvZHYW.jpg
510446,Charminar,2018-03-09,,"['Romance', 'Thriller']",[],"['Ashwin Kumar', 'Hemanth Menon', 'Harshika Poonacha', 'Manoj Guinness']",['Ajith C Logesh'],['Ajith C Logesh'],"['Kannada', 'Malayalam']",[],0.0,0,0.1838,120,https://image.tmdb.org/t/p/w500/916Gu18q56XDgon8MYgUiHSITfT.jpg
797308,Humour,2021-02-17,"Hasyam (Humour) is the eighth film in writer-director Jayaraj’s Navarasa series that has so far yielded Shantham, Karunam, Bhibatsa, Adbutham, Veeram, Bhayanakam and Roudram, with one more to come. Rasa means juice, flavour or essence, and – to put it in the simplest terms possible –Navarasa in the Indian arts refers to the nine (nava) emotional states as captured by a work of art, and as manifested in the audience’s experience of and response to that work.","['Drama', 'Comedy']",[],['Harisree Ashokan'],['Jayaraj'],[],['Malayalam'],[],0.0,0,0.1388,75,https://image.tmdb.org/t/p/w500/awumim6oGT2eKPUune0971nwY1U.jpg
1406622,Churul,2024-08-30,"When a retired police officer is murdered, the case takes an unexpected turn when Sathyan, a distressed man with a history of mental health issues, confesses. As the investigation unfolds, it exposes many painful realities from Sathyan's life as a Dalit, revealing the deep-rooted caste discrimination and societal prejudice. The story explores the complexities of his life and the injustice he faced.",[],[],"['Pramod Veliyanad', 'Rahul Rajagopal', 'Aseem Ibrahim', 'Ajeesh Jose']",['Arun J Mohan'],['Arun J Mohan'],['Malayalam'],[],0.0,0,0.1026,0,https://image.tmdb.org/t/p/w500/srtDsNHpbU1cRetmDJUVOdu8Uq6.jpg
1143789,Thamara,2021-08-28,The film strongly emphasizes the relationship between man and nature.,['Drama'],[],"['Aparna Nair', 'Vijay Biju', 'Prakash Chengal', 'Anilesh Arsha', 'Megha Kunath']",['Prakash Vadikkal'],['Prakash Vadikkal'],['Malayalam'],[],0.0,0,0.1594,81,
490713,Redrun,2017-10-13,Red Run is a Malayalam movie starring Sreejith Ravi in a prominent role. The movie also stars Sunil Sukhada and Babu Antony. It is a crime drama thriller directed by Ram Baburaj.,"['Thriller', 'Crime', 'Drama']",[],"['Sreejith Ravi', 'Sunil Sukhada', 'Babu Antony', 'Shivaji Guruvayoor', 'Jayan Cherthala']",['Ram Baburaj'],[],['Malayalam'],[],0.0,0,0.1234,135,https://image.tmdb.org/t/p/w500/jaWwNfLwXA9sJqALiaYNOd37m4W.jpg
1093134,Secret Home,2024-03-22,"The lives of four protagonists get entangled in a gruesome incident, involving a typical home with 'uncomfortable' secrets. As aftermaths unfold, their grey shades get exposed.","['Crime', 'Drama']",[],"['Sshivada', 'Chandhunadh', 'Aparna Das', 'Anu Mohan', 'Maala Parvathi']",['Abhayakumar'],['Anil Kurian'],['Malayalam'],[],0.0,0,0.1836,117,https://image.tmdb.org/t/p/w500/zoOFYaFqPjiS1Kru298y32e3SqL.jpg
585246,Vazhiye,2022-06-11,"When two Youtube bloggers decide to make a documentary film about a mystery land, they are confronted with havoc and hell they could never expect.","['Horror', 'Thriller', 'Mystery']","['island', 'mockumentary', 'fake documentary', 'found footage', 'vlogger', 'malayalam']","['Jeffin Joseph', 'Aswathi Anil Kumar', 'Aswin Sreenivasan', 'Shyam Salash', 'Varun Ravindran']",['Nirmal Baby Varghese'],['Nirmal Baby Varghese'],"['English', 'Malayalam']",[],0.0,0,0.1613,0,https://image.tmdb.org/t/p/w500/ckxVDym0jbRAWx7Mt6sw0laxk5C.jpg
606756,Vishudha Pusthakam,2019-05-31,"Najeeb, a poor man, is asked to commit terrorism for money.",['Drama'],[],"['Badusha Mohammed', 'Manoj K Jayan', 'Padmaraj Ratheesh', 'Madhu', 'Janardhanan']",['Shabu Usman'],"['Jagadeep Kumar', 'Shabu Usman']",['Malayalam'],[],1.0,1,0.1081,138,https://image.tmdb.org/t/p/w500/huwnfOE06A0D4jq6W7PRko0GVLn.jpg
653153,Kamala,2019-12-05,"Safar, a high-level real estate broker, is on his way to one of the biggest deals of his life when he encounters Kamala. In the next 36 hours of his life, the mysterious Kamala turns Safar's perfect day into a nightmare.",['Thriller'],[],"['Aju Varghese', 'Ruhani Sharma', 'Anoop Menon', 'Biju Sopanam', 'Sunil Sukhada']",['Ranjith Sankar'],['Ranjith Sankar'],"['Malayalam', 'Tamil']",[],5.7,9,0.1635,125,https://image.tmdb.org/t/p/w500/9v4VvuHLZJzEKkWy2CR6MrYSBGd.jpg
515033,Eliyammachiyude Adhyathe Christmas,2017-12-01,Eliyammachiyude Adhyathe Christmas is a Malayalam movie starring K. P. A. C. Lalitha and Divya S Iyer in prominent roles. The cast also includes Rajesh Hebbar and Madhu. It is a drama directed by Benny Asamsa.,['Drama'],[],"['Divya S Iyer', 'KPAC Lalitha', 'Rajesh Hebbar', 'Madhu', 'Puunapara Appachan']",['Benny Asamsa'],['Benny Asamsa'],['Malayalam'],[],5.0,1,0.1849,122,https://image.tmdb.org/t/p/w500/fowzlWscUnMvt7ovC8bShMBKbLW.jpg
465146,Oru Malayalam Colour Padam,2017-03-17,'Oru Malayalam Colour Padam' tells a tale of a guy who decided to turn a gentleman overnight!,['Drama'],[],"['Manu Bhadran', 'KPAC Lalitha', 'Anjali Aneesh Upasana', 'Jose', 'Nirmal Palazhi']",['Ajith Nambyar'],['Ajith Nambyar'],['Malayalam'],[],10.0,1,0.1208,117,https://image.tmdb.org/t/p/w500/6WxsV3fdvqqKuCkYoWNVzgaik9L.jpg
423622,Vanyam,2016-09-02,The film revolves around the reckless life of three youngsters who maliciously plan a heinous act of violence and the aftermath of their act.,['Thriller'],"['rape', 'nun']","['Aparna Nair', 'Sumith Samudra', 'Vishnu Unnikrishnan', 'Anoop Ramesh']",['Sohan Seenulal'],"['Sohan Seenulal', 'Sohan Seenulal']",['Malayalam'],[],0.0,0,0.1619,93,https://image.tmdb.org/t/p/w500/3bBi6WtBR1Wxu4H1JJFGTug0gDY.jpg
524557,Kamuki,2018-05-11,"Achaamma is forced to make a promise to her father; she will not elope and marry anyone like her elder sister. While she keeps her word for the longest time, she begins to stumble when she meets Hari, her fellow student at her college.","['Romance', 'Comedy']",[],"['Aparna Balamurali', 'Askar Ali', 'Baiju Santhosh', 'Dain Davis', 'Pradeep Kottayam']",['Binu S'],['Binu S'],['Malayalam'],[],3.5,5,0.2585,138,https://image.tmdb.org/t/p/w500/oFeViGr7QxEHmz0YXQF2BxEJMoj.jpg
547354,Johny Johny Yes Appa,2018-10-26,"Johny pretends to be a gentleman but is a thief who thrives on lies and betrayals. His life turns upside down after his encounter with Adam, an orphan.","['Comedy', 'Drama']",[],"['Kunchacko Boban', 'Sanoop Santhosh', 'Anu Sithara', 'Vijayaraghavan', 'Geetha']",['G. Marthandan'],['Joji Thomas'],['Malayalam'],[],4.444,9,0.1273,143,https://image.tmdb.org/t/p/w500/63YwTXfzVfYSVuEKmSRJlTr5rpw.jpg
834639,Kammal,2021-05-28,"The new superintendent of prisons, who is new to his post, first finds out about the suicide attempt of a young man named Christy, who was convicted of murder for seven years. Christie, who lost his parents at a young age, had only a few friends with him and then a girl named Daya whom he sincerely loves. But she never recognized his love. Christie now knows that she's engaged to be married to someone else. Thus he attempts suicide. Resulting conflicting events form the crux of the movie ""KAMMAL"".",['Drama'],[],"['Aneesh', 'Sudheesh Anchery', 'Sunilraj Edappal', 'Sathat Zahmi', 'Minu Vargees']",['Aneesh'],"['Praveen Avani', 'Praveen Avani']",['Malayalam'],[],0.0,0,0.1334,92,https://image.tmdb.org/t/p/w500/gw7VfIMu2BhYymzF9oNlSxgttYi.jpg
423195,The Narrow Path,2016-10-22,Young Akhil lives with his old and crippled father. The two share a difficult relationship. Akhil has decided to run away with his girlfriend Nina to another city and he is keeping this a secret from the old man. But his last day at home doesn’t turn out the way he had planned it.,['Drama'],[],"['K Kaladharan', 'Sarath Sabha', 'Krishnapriya', 'Prajusha']","['Satish Babusenan', 'Santosh Babusenan']","['Satish Babusenan', 'Santosh Babusenan']",['Malayalam'],"['Amazon Prime Video', 'Amazon Prime Video with Ads']",0.0,0,0.1338,96,https://image.tmdb.org/t/p/w500/avDlqdXEylaFYfqHvMyOL5RMY7C.jpg
541084,Kuppivala,2017-03-17,"Kuppivala is a Malayalam movie starring Ananth K. Jayachandran and Sruthi Surendran in prominent roles. The cast also includes Kochu Preman and Mohan Ayiroor. It is a drama movie directed by Suresh Pillai, with Santhosh Olathanni as writer, forming part of the crew.",['Drama'],[],"['Kochu Preman', 'Ananth K  Jayachandran', 'Sruthi Surendran', 'M R Gopakumar', 'Dinesh Panicker']",['Suresh Pillai'],['Santhosh Olathanni'],['Malayalam'],[],0.0,0,0.1077,137,https://image.tmdb.org/t/p/w500/rWDVad3qUNFh7brFYkT8bsYc0PZ.jpg
1565656,Station 5,2022-01-07,"An under trial patient escapes from hospital. Karthik, the doctor in charge faces disciplinary action. Karthik takes his girl friend to enjoy his youthful life to the new remote place. But there is something else in store.",['Drama'],[],"['Indrans', 'Shivaji Guruvayoor', 'Sunil Sukhada', 'Dayyana Hameed', 'Priyamvada Krishna']",['Prashanth Kanathur'],['Prathap Nair'],['Malayalam'],"['ManoramaMax', 'ManoramaMAX Amazon Channel']",1.0,1,0.1944,118,https://image.tmdb.org/t/p/w500/T01FN0kdFuu7v17AuCKx27T0oH.jpg
962138,Bharatha Circus,2022-12-09,"The plot of Bharatha Circus is basically about a complaint that reaches a police station in a forest range area, its investigation, and certain unprecedented truths that come out after the investigation.","['Crime', 'Thriller']",[],"['Shine Tom Chacko', 'Binu Pappu', 'Nishad M A', 'Aradhya Ann', 'Megha Thomas']",['Sohan Seenulal'],['Muhad Vembayam'],['Malayalam'],"['ManoramaMax', 'VI movies and tv', 'ManoramaMAX Amazon Channel']",5.0,3,0.1264,120,https://image.tmdb.org/t/p/w500/l2OkaSvidqkh8EmAw4NRgXbw0mK.jpg
468016,Minnaminungu The Firefly,2017-07-21,"Charu has been very close to her mom, who is a single mother. When she gets into a relationship, she tries to migrate to Canada with her boyfriend and she doesn’t reveal it to her mom. The mother, who does numerous odd jobs to make ends meet, is now on the mission to acquire Rs 6 lakh for her daughter, under the assumption that she is leaving the country for higher studies.",['Drama'],[],"['Surabhi Lakshmi', 'Rebecca Santhosh', 'Krishnan Balakrishnan', 'Balu Narayanan', 'Prem Prakash']",['Anil Thomas'],['Manoj Ramsingh'],['Malayalam'],[],7.7,3,0.1712,130,https://image.tmdb.org/t/p/w500/onZ5qArMJrD5WxARh1WnHGoeTds.jpg
466967,Kuttikalundu Sookshikkuka,2016-12-02,"Military officer Gautam Kesav (Anoop Menon) and businesswoman Shahida (Bhavana) lead a very happy married life with their two sons Neeraj (Sidharth Ajith) and Niranjan (Sanoop Santhosh). Gautam Kesav and Shahida belong to two different religious beliefs, but this no way affects their married life. Neeraj and Niranjan do a playful act for their parents, which accidently ends up in trouble which creates issues not only in their family, but also in the society. The resulting incidents are plotted in 'Kuttikalundu Sookshikkuka'.","['Family', 'Thriller']",[],"['Sanoop Santhosh', 'Siddharth Ajith', 'Bhavana', 'Anoop Menon', 'Anumol']",['Kalavoor Ravikumar'],['Kalavoor Ravikumar'],['Malayalam'],[],0.0,0,0.1986,130,https://image.tmdb.org/t/p/w500/sBUk20iR4J65wBEXyqxexq70H6G.jpg
563699,French Viplavam,2018-10-26,"On 1st April 1996, the Kerala government had taken an initiative to prohibit arrack shops, which had led many alcoholics in awful situations. What follows, is how they prevailed over this change.",['Comedy'],[],"['Sunny Wayne', 'Lal', 'Chemban Vinod Jose', 'Sasi Kalinga', 'Noby Marcose']",['Maju'],"['Shajeer Jaleel', 'Anwar Ali']",['Malayalam'],[],0.0,0,0.1324,130,https://image.tmdb.org/t/p/w500/kwQHg9qcqZeuZnPMxwn6S8NHLQT.jpg
826979,Sameer,2020-01-03,Sameer is a Malayalam movie starring Anand Roshan and Anagha Sajeev in prominent roles. It is a drama directed & written by Rasheed Parakkal.,['Drama'],[],"['Arti Joshi', 'Ashraf Kiraloor', 'K.K. Moideen Koya', 'Mamukkoya', 'G.K. Mavelikkara']",['Rasheed Parakkal'],['Rasheed Parakkal'],['Malayalam'],[],6.5,1,0.1127,112,https://image.tmdb.org/t/p/w500/5u5nKVVPQcjzowb6Nbv7lbLAwNx.jpg
1616715,Namukkore Aakasham,2015-10-09,"The story travels through the mindscape of a ten-year-old boy, examining the adult world and life from a different perspective. It primarily follows a couple in an inter-caste marriage and conveys a message of universal love and goodness, symbolised by the idea that everyone lives under the same sky.",['Drama'],[],"['Joy Mathew', 'Sharbani Mukherji', 'Nassar', 'Irshad', 'M G Vijay']",['Pradeepan Mullanezhi'],"['Pradeepan Mullanezhi', 'Pradeepan Mullanezhi']",['Malayalam'],[],2.0,1,0.2534,115,https://image.tmdb.org/t/p/w500/ysgMLeV7XAfcCG45pcRHHPwctnb.jpg
317094,Names Unknown,2015-09-01,Film tells the story of marginalized people in Kerala through the life of a father who working as a temporary cleaner and his Eight year old son.,['Drama'],"['garbage', 'parent child relationship', 'corporation', 'nameless']","['Suraj Venjaramoodu', 'Govardhan B.K', 'Indrans', 'Nedumudi Venu', 'Seema G Nair']",['Bijukumar Damodaran'],['Bijukumar Damodaran'],['Malayalam'],[],7.8,4,0.2685,110,https://image.tmdb.org/t/p/w500/GJtjbrxGpEqM1bNNPyhj1RqVTx.jpg
1410893,Ariyathe - The Unknowns,2025-01-12,"A son struggles to cope with his father’s endless search for his  missing wife, but a visit to a significant place from their past  reveals heartbreaking truths that could change everything.",['Drama'],[],"['Haridas', 'Sohail Firoz Khan', 'Adithyan J']",['Farhan Musthafa'],['Farhan Musthafa'],[],[],0.0,0,0.1084,12,https://image.tmdb.org/t/p/w500/fPFpglUCI01cOrNeCix1e88iTJb.jpg
569904,Avarkkoppam,2018-09-20,"“Avarkkoppam is a journey of three families residing in a tri-State area (Connecticut, New York and New Jersey) who go through traumatic events and face difficulties in coping with their displaced lives. However, with time and tender loving care (TLC), they get better. Receiving effective treatment after PTSD symptoms develop can be critical in reducing them and improving life functions,”",['Drama'],[],"['Joji Varghese', 'Ezhil Queen', 'Kochunni Elavanmadom', 'Amith Pullarakatt', 'Parthasaradhy Pillai']",['Ganesh Nair'],['Ajith Nair'],"['English', 'Malayalam']",[],0.0,0,0.1348,140,https://image.tmdb.org/t/p/w500/3HEMpbwdyVumrDH8J8z4hl45hYA.jpg
361772,Ain,2015-09-25,"Maanu, a lazy and aimless youngster without a steady job and steady income, flees from his native place after witnessing a murder.",['Drama'],['youngster'],"['Muhammad Musthafa', 'Rachana Narayanankutty', 'Sudheesh', 'Sudhakaran Nair', 'Sidhartha Siva']",['Sidhartha Siva'],"['Sidhartha Siva', 'Sidhartha Siva']","['Arabic', 'Malayalam']",[],6.0,1,0.1687,116,https://image.tmdb.org/t/p/w500/oozz3mX28hI2BeTdvrTrFUshrBi.jpg
1235846,Behindd,2025-06-27,"The film is about a mother's (Sonia Agarwal) struggle to protect her daughter from some terrifying experiences. Initially her husband (Jinu E Thomas) ignore her words, but later he too experiences the same. The movie continues with the question whether the family will succeed to overcome the situation or not and what will be the further changes in their life...","['Horror', 'Thriller']",[],"['Jinu E Thomas', 'Sonia Agarwal', 'Mareena Michael', 'Noby Marcose', 'Sunil Sukhada']",['Ahman Raphy'],['Shija Jinu'],['Malayalam'],[],0.0,0,0.1416,0,https://image.tmdb.org/t/p/w500/hASdEortep480b7y2zdUeKiwZvK.jpg
1041248,Kanakarajyam,2024-07-05,"The relationship between two people, their complexes and pride.",['Drama'],[],"['Indrans', 'Murali Gopy', 'Leona Lishoy', 'Athira Patel', 'Jolly Chirayath']",['Sagar Hari'],['Sagar Hari'],['Malayalam'],"['Amazon Prime Video', 'Amazon Prime Video with Ads']",5.0,2,0.1719,124,https://image.tmdb.org/t/p/w500/ydcI3wSSjvjYt9X99tLUVDos9qi.jpg
385594,Amoeba,2016-01-29,"Amoeba is the second directorial of Manoj Kana after his critically acclaimed Chayilyam.The film starred Anumol, Indrans and Anoop Chandran in the lead.  From wikipedia",['Drama'],['village'],"['Aneesh G Menon', 'Athmeeya Rajan', 'Anumol', 'Anoop Chandran', 'Indrans']",['Manoj Kana'],['Manoj Kana'],['Malayalam'],[],0.0,0,0.1096,92,
1151536,Machante Malakha,2025-02-27,A couple experience marital difficulties after she donates her kidney to him.,"['Family', 'Drama']",[],"['Soubin Shahir', 'Namitha Pramod', 'Dileesh Pothan', 'Manoj K U', 'Shanthi Krishna']",['Boban Samuel'],"['Ajish Thomas', 'Jexson Antony']",['Malayalam'],"['Amazon Prime Video', 'ManoramaMax', 'ManoramaMAX Amazon Channel', 'Amazon Prime Video with Ads']",1.0,3,0.1242,125,https://image.tmdb.org/t/p/w500/hsz8GtsllPyaMDOYzTiTXophADO.jpg
412686,Shajahanum Pareekuttiyum,2016-07-14,Jiya is a rich girl who has a distinctive personality and has great hopes and dreams. An unfortunate incident shook her life. At this juncture two guys Pranav and Prince enter Jiya's life with definite intentions.,"['Comedy', 'Romance']","['amnesia', 'fake identity', 'lovers', 'soldier', 'accident']","['Kunchacko Boban', 'Jayasurya', 'Amala Paul', 'Aju Varghese', 'Lenaa']",['Boban Samuel'],['Y.V.Rajesh'],['Malayalam'],"['Sun Nxt', 'VI movies and tv']",4.3,5,0.2366,140,https://image.tmdb.org/t/p/w500/aPrj6R9e3ZJJL8lXguz0MNNJpCd.jpg
944992,100 Years of Chrysostom,2018-04-01,A Malayalam biographical documentary film on Philipose Mar Chrysostom.,['Documentary'],[],"['Narendra Modi', 'Mohanlal', 'Jagathy Sreekumar']",['Blessy'],['Blessy'],['Malayalam'],[],0.0,0,0.1659,999,https://image.tmdb.org/t/p/w500/khwNpLwsvvBk1kbeZt3jq0BBbdH.jpg
1007646,Kakkipada,2022-12-30,An eight year-old girl is killed by a drug-addict who happens to be an influential personality. Will the girl get justice? Will the police be able to maintain law and order while handling a high profile case?,"['Crime', 'Drama']",[],"['Sujith Sankar', 'Niranjan', 'Sarath Kumar', 'Manikandan Achari', 'Maala Parvathi']",['Shebi Chowghat'],[],['Malayalam'],[],1.0,1,0.1423,130,https://image.tmdb.org/t/p/w500/7e6d9A4p4EksMss3DibZudFMCeo.jpg
534787,Theetta Rappai,2018-07-06,The real life story of competitive eater Theetta Rappai  who could stomach unbelievably enormous amounts of food.,['Drama'],[],"['R L V Ramakrishnan', 'Sonia Agarwal', 'KPAC Lalitha', 'Sasi Kalinga', 'Saikumar']",['Winu Ramakrishnan'],['Winu Ramakrishnan'],['Malayalam'],[],2.0,1,0.1388,122,https://image.tmdb.org/t/p/w500/XsJzgXNvnkcqMK2U9FhMomCwnt.jpg
835690,Vidhi,2021-12-30,"Based on real incidents of the demolition of ‘illegally constructed’ Maradu flats, Vidhi weaves in two stories; apart from the real-life flat demolition, there is a story of Wayanad tribal colony murders and police atrocities.","['Drama', 'Thriller']",[],"['Anoop Menon', 'Sheelu Abraham', 'Dharmajan Bolgatty', 'Noorin Shereef', 'Manoj K Jayan']",['Kannan Thamarakkulam'],['Dinesh Pallath'],['Malayalam'],"['Sun Nxt', 'VI movies and tv']",8.0,2,0.1917,124,https://image.tmdb.org/t/p/w500/5W9GkEjpKXshqFZ8RXlEvovbW8L.jpg
641822,Puzhikkadakan,2019-11-29,"Havildar Samuel returns home on leave to Cheruthoni, Idukki. Initially focused on his family, he is suddenly thrust into a fight when an illegal quarry mafia begins causing problems in his village.",['Comedy'],[],"['Jayasurya', 'Chemban Vinod Jose', 'Dhanya Balakrishna', 'Maala Parvathi', 'Alencier Ley Lopez']",['Gireesh Nair'],"['Unni Malayil', 'Shyal Satheesh', 'Gireesh Nair', 'Hari Prasad Koleri']",['Malayalam'],"['ManoramaMax', 'ManoramaMAX Amazon Channel']",4.3,3,0.2065,122,https://image.tmdb.org/t/p/w500/5vgLDnUiq3Pzokxu84ihuKBBESi.jpg
683336,Poovalliyum Kunjadum,2019-08-30,The movie tells a story of the simple life and strong relationships within a village called Poovalli.,"['Family', 'Drama']",[],"['Basil George', 'Arya Manikandan', 'Shammi Thilakan', 'Kottayam Nazeer', 'Neena Kurup']",['Farooq Ahamadali'],"['Farooq Ahamadali', 'Farooq Ahamadali']",['Malayalam'],[],0.0,1,0.1995,120,https://image.tmdb.org/t/p/w500/AbS5tq9oedbl4VENGUfAyiC36TH.jpg
953120,Boomerang,2023-02-24,Four men of different age groups meet a beautiful woman at a romantic place. The situation leads to comical incidents and social issues.,"['Comedy', 'Thriller', 'Drama']",[],"['Samyuktha', 'Shine Tom Chacko', 'Chemban Vinod Jose', 'Baiju Santhosh', 'Dain Davis']",['Manu Sudhakaran'],['Krishnadas Panki'],['Malayalam'],[],5.0,2,0.2148,122,https://image.tmdb.org/t/p/w500/ewg6pD4ov1Kz1Yi8oAP8svNVYMQ.jpg
1189529,Rahel Makan Kora,2023-10-13,"The movie paints a vivid picture of Rahel and Kora`s bond, Kora`s internal struggle, Gowthami`s resilience, and the intertwining consequences of their choices",['Drama'],[],"['Anson Paul', 'Sminu Sijo', 'Merin Philip', 'Althaf Salim', 'Vijayakumar']",['Ubaini'],['Baby Edathua'],['Malayalam'],"['ManoramaMax', 'ManoramaMAX Amazon Channel']",1.0,1,0.1215,132,https://image.tmdb.org/t/p/w500/zgMklA3SSUgusmjHJoivrdAKvi0.jpg
1250042,The Suspect List,2024-02-19,"The Suspect List is a riveting corporate thriller delving deep into the clandestine world of a prestigious company. The narrative unfolds as the CEO, Vineeth takes charge to unravel the mystery behind alleged misconduct implicating seven senior officials from different departments. As the plot thickens, Vineeth emerges as an unwavering force determined to expose the culprit and decipher their motivations. Through a relentless pursuit of truth, he leads an investigation that peels back the layers of corporate dynamics, revealing a web of relationships, power plays, and hidden agendas.",['Thriller'],[],"['Vineeth Kumar', 'Binu Dev', 'Vivek Viswasm', 'Adhil Shajahan']",['Irfan Kamal'],['Irfan Kamal'],['Malayalam'],[],2.0,1,0.143,107,https://image.tmdb.org/t/p/w500/pegyyLrF7CuwrHf4W0wVUlw7RyU.jpg
510047,Aalorukkam,2018-04-06,"Pappu Pisharadi, an ageing man, is constant hunt for his son, who left him 16 years back, which is when he is brought to a hospital where he meets Dr. Seetha Priyan, who promise to help him find his son.",['Drama'],['lost son'],"['Indrans', 'Narayanankutty', 'Sreekanth Menon', 'Vishnu Agasthya', 'Shaji M Maruthayathu']",['V C Abhilash'],['V C Abhilash'],['Malayalam'],"['ManoramaMax', 'ManoramaMAX Amazon Channel']",6.75,4,0.1622,121,https://image.tmdb.org/t/p/w500/xfPayDu5XyFIFLkzFywjMA3Do2E.jpg
531721,Krishnam,2018-05-18,"Akshay, a young and handsome college student and a talented dancer, enjoys a colorful college life. Although very popular among his peers, Akshay, who is smitten by Radhika, feels dejected after she neglects him. To make matters worse, Akshay's life is turned upside down due to one unexpected incident. How he copes with it, forms the crux.","['Drama', 'Romance']",[],"['Mamitha Baiju', 'Aishwarya Ullas', 'Akshay Krishnan', 'Shanthi Krishna', 'Saikumar']",['Dinesh Baboo'],[],['Malayalam'],[],0.0,0,0.1495,128,https://image.tmdb.org/t/p/w500/v0bskGkKcxXMbSyrRRBh4yYuVLX.jpg
877311,Vishudha Mejo,2022-09-16,"Mejo`s childhood friend Jeena returns to his coastal village after completing her higher-education in Chennai. As she spends time with Mejo, he slowly starts developing feelings for her. Being an introvert, will Mejo ever get the confidence to propose?","['Drama', 'Romance']",[],"['Lijomol Jose', 'Dinoy Paulose', 'Mathew Thomas', 'RJ Murugan', 'Baiju Johnson']",['Kiran Antony'],['Dinoy Paulose'],['Malayalam'],[],3.5,4,0.2234,121,https://image.tmdb.org/t/p/w500/gSM53ZrfjCT8LPvQw9tkNdrWqqg.jpg
469544,Kaattu,2017-10-13,"Set in the rustic terrains during the late 70s, Arun Kumar Aravind's Kaattu is a slice-of-life tale with lead characters inspired from the short stories of veteran writer/filmmaker, P. Padmarajan.",['Drama'],[],"['Murali Gopy', 'Asif Ali', 'Varalaxmi Sarathkumar', 'Unni Rajan P Dev', 'Manasa Radhakrishnan']",['Arun Kumar Aravind'],['Ananthapadmanabhan'],"['Tamil', 'Malayalam']",['Sun Nxt'],6.0,6,0.1157,163,https://image.tmdb.org/t/p/w500/pEYVSvLMtifnsWZUEPeaJtF0cUa.jpg
833051,Padma,2022-07-15,"Padmaja Cheroth and psychologist Ravi are like chalk and cheese, but have a happy, married life. Will their wedded bliss stand the test of time?","['Drama', 'Family']",[],"['Anoop Menon', 'Surabhi Lakshmi', 'Shankar Ramakrishnan', 'Mareena Michael', 'Shruthi Rajanikanth']",['Anoop Menon'],['Anoop Menon'],['Malayalam'],"['ManoramaMax', 'ManoramaMAX Amazon Channel']",6.5,2,0.1032,122,https://image.tmdb.org/t/p/w500/ee7MjReehEUfLIOBbT6ytvXACbs.jpg
1634615,The Protector,2025-06-13,"A detective investigates mysterious deaths at Manakkal Tharavadu manor in Airavathakkuzhi village, where locals fear evil haunts. His probe into family secrets unleashes dangerous events affecting the community.","['Mystery', 'Thriller']",[],"['Shine Tom Chacko', 'Thalaivasal Vijay', 'Rajendran', 'Sudheer Karamana', 'Manikuttan']",['G. M. Manu'],"['Ajesh Antony', 'Ajesh Antony']",['Malayalam'],[],1.0,1,0.1181,116,https://image.tmdb.org/t/p/w500/8L9SFfRmtQj6bvKWzm36xmBzT3f.jpg
849895,Darkness,2020-01-09,"Ramdas, a left-leaning retired university professor is interviewed by Nilima, a young research scholar, about his political activities.",['Drama'],[],"['K Kaladharan', 'Nina Chakroborty', 'Sreeram Mohan', 'Gibin Nair', 'Pradeep Kumar']","['Santosh Babusenan', 'Satish Babusenan']","['Santosh Babusenan', 'Satish Babusenan']",['Malayalam'],[],0.0,0,0.0956,75,https://image.tmdb.org/t/p/w500/og48VPDVfHUHNmTgmWw8YYEyBDy.jpg
472046,Oru Visheshapetta Biriyani Kissa,2017-08-24,"Oru Visheshapetta BiriyaniKissa tells the story of Tara, a blessed cook in a southern village, and the funny series of events related to a suspended biriyani offering that the villagers attempt to restart.","['Comedy', 'Fantasy']",[],"['Lenaa', 'Nedumudi Venu', 'Joju George', 'V K Sreeraman', 'Surabhi Lakshmi']",['Kiran Narayanan'],['Kiran Narayanan'],['Malayalam'],[],6.0,1,0.238,126,https://image.tmdb.org/t/p/w500/1m9RgilB7Drsk0WSRXFrOFSasa4.jpg
411869,Aval Vannathinu Shesham,2015-12-17,"Aval Vannathinu Shesham is a Malayalam family drama Movie Released in August 2015. Baby Nayanthara, Maneesh Kurup and Rosin Jolly played the main roles in this movie.",['Drama'],[],"['Nayanthara Chakravarthy', 'Maneesh Kurup', 'Rosin Jolly', 'Jayan Cherthala', 'Kochu Preman']",['Chandru Manickavasagam'],['Maneesh Kurup'],['Malayalam'],[],0.0,0,0.1129,107,https://image.tmdb.org/t/p/w500/ja94A3oTZjjNPGCIjsaG0V9xAsz.jpg
1495207,Mayamma,2024-07-06,Mayamma revolves around the love between a Naboothiri boy and a Pulluvathi girl and the subsequent conflicts that the Pulluvathi has to face and her struggles for womanhood and pride.,['Drama'],[],"['Ankhitha Vinod', 'Arun Unni', 'Viji Thamby', 'Krishna Prasad', 'Jayan Cherthala']",['Ramesh Kumar Koramangalam'],['Ramesh Kumar Koramangalam'],['Malayalam'],[],0.0,0,0.1434,0,https://image.tmdb.org/t/p/w500/bSplAiZCRc4RCtcrF22ZH0g3GSz.jpg
792027,Archana 31 Not Out,2022-02-11,"After multiple marriage proposals flop due to a variety of reasons, Archana is happy that Middle-East-based Prasad is, finally, interested in marrying her. While the household celebrates the pre-wedding night, Archana grapples with an information that comes her way, out of the blue.","['Comedy', 'Drama']",[],"['Aishwarya Lekshmi', 'Lukman Avaran', 'Rajesh Madhavan', 'Sunil Sukhada', 'Anju Joseph']",['Akhil Anilkumar'],"['Akhil Anilkumar', 'Ajay Vijayan', 'Vivek Chandran']",['Malayalam'],"['Amazon Prime Video', 'ManoramaMax', 'ManoramaMAX Amazon Channel', 'Amazon Prime Video with Ads']",6.0,6,0.1938,110,https://image.tmdb.org/t/p/w500/4hlGsIBcONQdOupSGREpb0vHtSw.jpg
1279917,Stockholm,2022-11-01,"Three fearful goons kidnap Viswanathan, aged 60, living a life of solitude, as he is seen as a decrepit and liability by his own family.  The ride becomes even more exciting, when Viswanathan finds home, in his captors, all the while a Policeman is lurking around trying to find them.  Both the goons and their captives are trapped in the hideout, as  the Government announces strict lockdown measures.",['Comedy'],[],"['Santhosh Venjaramoodu', 'Anand Manmadhan', 'Sreejith Babu', 'Kannan Nayar']",['Murali Krishnan. S'],['Murali Krishnan. S'],['Malayalam'],[],0.0,0,0.1316,13,https://image.tmdb.org/t/p/w500/pJhlxCdW5TgiFnSqRmYZlIw2G0f.jpg
589931,Ilayaraja,2019-03-22,"Vanajan hails from a modest household and lives with his ailing father, wife and children. One day, he finds himself at a crossroads when his moneylender makes him an unusual offer.",['Drama'],[],"['Ajay Kumar', 'Harisree Ashokan', 'Gokul Suresh', 'Antony Thekkek', 'Jayaraj Warrier']",['Madhav Ramadasan'],"['Madhav Ramadasan', 'Sudeep T. George']",['Malayalam'],"['ManoramaMax', 'ManoramaMAX Amazon Channel']",6.0,3,0.1909,122,https://image.tmdb.org/t/p/w500/eyeaO1zo4Zqmgr83lWgzb5Z1h2S.jpg
1625615,Christina,2026-01-30,Four respected young men in a village face disruption and conflicts after a salesgirl's arrival.,"['Crime', 'Mystery', 'Drama']",[],"['Suneesh K Jaan', 'Kalabhavan Nandana', 'Sudheer Karamana', 'Arya Babu', 'M R Gopakumar']",['Sudharsanan'],['Sudharsanan'],['Malayalam'],['ManoramaMAX Amazon Channel'],1.0,1,0.127,131,https://image.tmdb.org/t/p/w500/mnXnKqz7eqYX4f1hlXI1Cnxp8ZR.jpg
836819,Ameera,2021-06-03,Ameera tells the story of an inter caste married couple and incidents happening to their children after they pass away.,['Drama'],[],"['Meenakshi Anoop', 'Kottayam Ramesh', 'Boban Samuel', 'Purushan Kottayam', 'Meenakshi Mahesh']",['Riyas Muhammad Shamon'],"['Sameer Muhammad', 'Anoop R. Paduva', 'Anoop R. Paduva']",['Malayalam'],[],0.0,1,0.1645,91,https://image.tmdb.org/t/p/w500/7CbGYTUCvktwCnFzx6OqtK5wZeV.jpg
726179,Silencer,2020-01-23,"Silencer is a 2020 Malayalam movie directed by Priyanandanan starring Lal, Meera Vasudev, Irshad and Jayaraj Warrier. The movie is produced by Benzee Naazar",['Drama'],[],"['Lal', 'Meera Vasudevan', 'Irshad', 'Jayaraj Warrier']",['Priyanandanan'],[],['Malayalam'],[],5.5,2,0.1721,106,https://image.tmdb.org/t/p/w500/aydyn1rApO2dxLv1FvSOBeq1bHC.jpg
338293,The Reporter,2015-01-01,"The Reporter is an Indian Malayalam mystery thriller-romance film directed by Venugopan. The film stars Kailash, Samuthirakani, Ananya and Abhinaya.","['Mystery', 'Romance', 'Thriller']","['rape', 'homicide', 'engaged']","['Kailash', 'Samuthirakani', 'Ananya', 'Abhinaya', 'Malavika Nair']",['Venugopan'],['Suresh Babu'],['Malayalam'],[],0.0,0,0.1382,132,https://image.tmdb.org/t/p/w500/9TRhd5YmufnDkIKUrDp00YLdPTw.jpg
1586569,Hrudhaya,2025-11-23,An unexplored love story before the silence!,['Drama'],[],"['Aswin Vishwanathan', 'Sudarshana']",['Kiran M Trilok'],['Kiran M Trilok'],[],[],0.0,0,0.1259,10,https://image.tmdb.org/t/p/w500/93WVbdFdCPOIFd6AK7GyscZvuMc.jpg
811906,Chiri,2021-03-26,"Chiri is an Indian Malayalam language movie whivh tells a tale of friendship. The film is said to be a light-hearted entertainer revolving around a group of youngsters, a wedding, and a troublemaking colleague from their school days who shows up unexpectedly years later to cause more problems.",['Comedy'],[],"['Joe John Chacko', 'Kevin Jose', 'Aneesh Gopal', 'Sreejith Ravi', 'Harikrishnan']",['Joseph P.  Krishna'],['Devadas'],['Malayalam'],[],0.0,1,0.2582,123,https://image.tmdb.org/t/p/w500/vUXlrVileYGb58q13dgAbg44Fbn.jpg
512270,Shadow,2018-03-16,"Five friends plan to venture out to the forest where people are afraid to go. Though the people in the locality and the family members object to go to this haunted place, they courageously get into the forest",['Horror'],[],"['Rathesh Tom', 'Muralidhar Goud', 'Sneha Rose', 'Ansil', 'Sneha Ramesh']",['Raj Gokul Das'],['Anas B'],['Malayalam'],[],4.0,1,0.1145,94,https://image.tmdb.org/t/p/w500/8dwiSVq9v7AQXGwQ1UFwzU161O0.jpg
541364,Muthalaq,2018-06-15,,['Drama'],[],"['Muhammed Sudheer', 'Rasheed Ponnani', 'Neena Kurup', 'Geetha Vijayan', 'Renu Soundar']",['Vijaya Kumar'],"['Shiva Prasad Eravimangalam', 'Vijaya Kumar']",['Malayalam'],[],0.0,0,0.1238,104,https://image.tmdb.org/t/p/w500/3hTGuGEYQgCUjFD6vdMpD9krYy4.jpg
661397,Dhamaka,2020-01-02,Crooked intellect father makes a plan for his son's marriage to a divorced millionaire. Problem begins when son finds out he has erectile dysfunction at his first night,['Comedy'],[],"['Mukesh', 'Urvashi', 'Arun Kumar', 'Nikki Galrani', 'Innocent']",['Omar Lulu'],['Sarang Jayaprakash'],['Malayalam'],[],2.1,8,0.2403,121,https://image.tmdb.org/t/p/w500/yk3Lb70tZ5NH6mTf90E9e1NQDht.jpg
1610829,Velleppam,2026-01-09,Josemon shirked responsibility while his sister Sarah gave up her dreams for the family. Artist Kaleena comes to paint the church and challenges him.,['Drama'],[],"['Akshay Radhakrishnan', 'Noorin Shereef', 'Roma Asrani', 'Shine Tom Chacko', 'Sreejith Ravi']",['Praveen Raj Pookkadan'],['Jeevan Lal'],['Malayalam'],"['Sun Nxt', 'ManoramaMAX Amazon Channel']",1.0,1,0.152,127,https://image.tmdb.org/t/p/w500/yGhCgaMkyoR8Ja7B1AurNni844x.jpg
468253,Himalayathile Kashmalan,2017-07-29,A man gets trapped in a situation and his three friends try to rescue him. It later snowballs into the issue of an entire village.,['Comedy'],[],"['Jins Baskar', 'Anoop Ramesh', 'Anand Manmadhan', 'Dheeraj Denny', 'Hima Shankar']",['Abhiram Suresh Unnithan'],"['Nandu Mohan', 'Anand Radhakrishnan', 'Abhiram Suresh Unnithan']",['Malayalam'],[],4.5,2,0.1015,105,https://image.tmdb.org/t/p/w500/s7Jpa5IyaHYCdsjptkV4OL8zXsd.jpg
496546,Sakhavinte Priyasakhi,2018-01-05,"Rohini's husband, a political leader, gets killed soon after their marriage. She struggles very hard to live her life after his death.",['Drama'],[],"['Neha Saxena', 'Sudheer Karamana', 'Shine Tom Chacko', 'Salim Kumar', 'Kalabhavan Shajon']",['Sidheeque Thamarasseri'],"['Sidheeque Thamarasseri', 'Sidheeque Thamarasseri']",['Malayalam'],[],2.0,1,0.2156,155,https://image.tmdb.org/t/p/w500/l0Yyeq8bLWq2qZUQLSYzC9ISErk.jpg
1505014,Vanitha,2023-01-20,"A civil police officer named Vanitha encounters cases on night duty that mirror her personal struggles. While helping others with domestic issues, she reflects on her own troubled marriage and desire for divorce.",['Drama'],[],"['Lenaa', 'Sreejith Ravi', 'Salim Kumar', 'Seema G Nair', 'Kalabhavan Navas']",['Rahim Khader'],"['Rahim Khader', 'Rahim Khader']",['Malayalam'],[],2.5,2,0.1269,110,https://image.tmdb.org/t/p/w500/q4234RxclNVkbvizf8SLFXXTJ6A.jpg
440476,Chinna Dada,2016-09-02,"Chinna Dada is a Malayalam movie. The movie is directed by Raju Champakara and featured Riyaz Khan, Jayan Cherthala and Ganga T. Krishnan as lead characters. Other popular actors who were roped in for Chinna Dada are Kalabhavan Shajon, Jinu Aanikkad, N. Gopalakrishnan and Nazeer Samkranthi.","['Thriller', 'Action']",[],"['Riyaz Khan', 'Sudheer Karamana', 'Neena Kurup', 'Ullas Pandalam', 'Kalabhavan Shajon']",['Raju Champakara'],"['Bijesh S K', 'Raju Champakara']",['Malayalam'],[],7.5,2,0.1633,117,https://image.tmdb.org/t/p/w500/xGkpMkXh2SSdS97LhwbJhXuGMIx.jpg
1569609,Madappally United,2022-07-08,"Eleven young cricket enthusiasts in a Kerala village set off to play with their newly acquired kit. Simultaneously, the kit's donor, a lawyer, finds himself at the centre of a fraught land dispute.",['Drama'],[],"['Hareesh Peradi', 'Srikant Murali', 'V. T. Vijilesh', 'Sibi Thomas', 'Renji Kankol']",['Ajay Govind'],['Ajay Govind'],['Malayalam'],[],1.0,1,0.0895,87,https://image.tmdb.org/t/p/w500/2oYnwNrX3BOcPUHKAVWle3gQDWF.jpg
1195924,Kasiminte Kadal,2023-10-27,Tale of a 13-year-old boy who is forced to shift from a 'happening' city to a quiet seaside town with his terminally ill father.,['Drama'],[],"['Harish Uthaman', 'Arya Salim']",['Shyamaprasad'],['Shyamaprasad'],['Malayalam'],[],0.0,0,0.1899,0,https://image.tmdb.org/t/p/w500/8ejE9Hbmif05dyh90Z98FONuosM.jpg
1250180,Exit,2024-03-08,Four teenagers from a hilly village get stuck in a desolate bungalow one night.,['Thriller'],[],"['Vishak Nair', 'Vaisakh Vijayan', 'Sree Raam', 'Ashlin joseph', 'Reneesha Rehman']",['Shaheen Mohammed'],"['Anish Janardhan', 'Shaheen Mohammed']",['Malayalam'],[],0.0,0,0.1059,107,https://image.tmdb.org/t/p/w500/jPd02aGmzCB6vQhPotDFR2RZVQJ.jpg
569804,Pen Masala,2018-11-23,Pen Masala is a Malayalam movie starring Aparna Nair and Arjun Raj in prominent roles. It is a drama directed by Suneesh Neendoor.,['Drama'],[],"['Arjun Raj', 'Aparna Nair', 'Saji Gopalakrishnan']",['Suneesh Neendoor'],['Suneesh Neendoor'],['Malayalam'],[],0.0,0,0.0878,118,https://image.tmdb.org/t/p/w500/7FIVGeZEO2ufVzCPbrC0MR7A4cF.jpg
409209,Raag rangeela,2015-03-27,"Younus Mohammed's 'Raag Rangeela' looks like a shoddily made music video sans a story or script. Making no sense whatsoever, it intersperses a few songs into some haphazardly shot scenes and comes up with a tedious film that terrifies you with its bumpiness.",[],[],"['Saju Kodiyan', 'Harisree Martin', 'Jaffer Idukki', 'Devan', 'Dhruvan']",['Yousef Muhamed'],[],['Malayalam'],['Eros Now Select Apple TV Channel'],0.0,0,0.1346,0,
1291344,Tomorrow,2022-04-23,"Everybody deserves a second chance. So does Rajeev, a script writer who was once quite successful and most sought after. He is a total mess now, his wife and kids have left him and he's struggling to make a comeback to get a hold of the things. But the second chance offered is dangerous. Is it worth taking the risk?",[],[],"['Sudheesh', 'Innocent', 'Riya Jijoy', 'Jijoy Pulikal']",['Vishnu Bharathan'],['Sujith Sujathan'],['Malayalam'],[],0.0,0,0.2036,23,
579289,Oru Caribbean Udayippu,2019-01-11,The film revolves around the rivalry between two music bands in a college campus.,"['Comedy', 'Music']",[],"['Samuel Abiola Robinson', 'Rishi Prakash', 'Megha Mathew', 'Vishnu Vinay', 'Vishnu Govindan']",['A Joji'],[],['Malayalam'],[],0.0,0,0.1067,131,https://image.tmdb.org/t/p/w500/sDKi18zTXdNKBoVK2P1RxixbUuZ.jpg
1675481,Thala,2026-04-18,"A group of children living in a slum in the capital city found a bloody human head in abandoned condition. It belonged to someone very dear to those children. The children decided to keep the head as a secret for a short period, To find the truth.",['Drama'],[],"['Surabhi Lakshmi', 'Shaalin Zoya', 'Murugan Martin', 'Binoy Antony', 'Sreevidya Nair']",['Khais Millen'],['Khais Millen'],['Malayalam'],[],3.0,1,0.1516,107,https://image.tmdb.org/t/p/w500/nTpt2jJlldyEmc9yEnvAeJUU7U6.jpg
1193694,Now and Forever,2023-12-10,"In an alternate dystopian present a couple in rural Kerala, South India, try to decide whether or not to become immortal (by downloading the consciousness into chips). In a world where political parties create immortals instead of martyrs, procreation becomes an indulgence rather than necessity what becomes of identity? How much of the individual and how much of the multitude is pared down to meet the needs of the future?",['Drama'],[],"['Santhy Balachandran', 'Anoop Mohandas', 'Anumol', 'Sithara Vijayan', 'Gibin Gopinath']",['Shalini Usha Devi'],[],['Malayalam'],[],4.5,2,0.1598,88,https://image.tmdb.org/t/p/w500/iSnkzCUGb0ws8MEEbLk88Dc94RW.jpg
1617975,Randam Mukham,2026-01-16,"A neglected wife flees with her young son and a seemingly kind driver, seeking a better life. But when she discovers the man's true predatory nature, she must fight to protect her son from a horrifying fate.",['Thriller'],[],"['Manikandan Achari', 'Mareena Michael', 'Bitto Davis', 'Anjali Aneesh Upasana', 'Nandan Unni']",['Krishnajith S Vijayan'],['K Sreevarma'],['Malayalam'],"['ManoramaMax', 'ManoramaMAX Amazon Channel']",3.0,1,0.1628,105,https://image.tmdb.org/t/p/w500/jB2Tp2uKqrNLe6Zdkb8AGdRTGoC.jpg
1465606,Kovarty,2025-04-15,"In the early 1980s in a government office somewhere in Kerala (southern India), a brand-new typewriter loses its heart to Daisy, the young typist of that office.","['Romance', 'Fantasy', 'Drama']",[],"['Rajisha Vijayan', 'Lijo Jose Pellissery', 'Noorudheen Ali Ahamed', 'Shine Jo Philip']",['Rohin Raveendran'],"['Vimal Gopalakrishnan', 'Rohin Raveendran']",['Malayalam'],[],0.0,0,0.1984,31,https://image.tmdb.org/t/p/w500/cClR9afPQ0up6bwMmt4B5j4VoxU.jpg
835699,King Fish,2022-09-16,,"['Drama', 'Thriller']",[],"['Anoop Menon', 'Ranjith', 'Divya Pillai', 'Durga Krishna', 'Nandhu']",['Anoop Menon'],"['Anoop Menon', 'Anoop Menon']","['English', 'Malayalam']","['Sun Nxt', 'VI movies and tv']",5.7,3,0.0971,122,https://image.tmdb.org/t/p/w500/1q6vmqn4qo6L0qzCMQgrhD34YVy.jpg
1066822,Praavu,2023-09-15,"The paths of two young lovers and four middle-aged men intertwine, leaving long-lasting implications on each person involved.",['Drama'],[],"['Amith Chakalakkal', 'Sabumon Abdusamad', 'Yami Sona', 'Manoj K U', 'Aadarsh Raja']",['Navaz Ali'],['Navaz Ali'],['Malayalam'],"['ManoramaMax', 'ManoramaMAX Amazon Channel']",3.0,1,0.2056,131,https://image.tmdb.org/t/p/w500/koF8DVTqJoHjKM63dGQ0cXD8Pdg.jpg
437932,Romanov,2016-12-09,,"['Drama', 'Romance']",[],"['Harikrishnan', 'Tini Tom', 'Navami Gayak', 'Sunil Sukhada', 'Nisha Sarangh']",['M.G. Sajeevan'],['M.G. Sajeevan'],['Malayalam'],[],0.0,0,0.1395,133,https://image.tmdb.org/t/p/w500/isHDLHBuFvEZ9ixDVd94FgKqWKL.jpg
915415,Autorickshawkkarante Bharya,2022-10-28,"Sajeevan, a lazy auto rickshaw driver marries the responsible Radhika. Things take a turn when circumstances force Radhika to take up driving.",['Drama'],[],"['Suraj Venjaramoodu', 'Ann Augustine', 'Swasika', 'Kailash', 'Janardhanan']",['Harikumar'],['M Mukundan'],['Malayalam'],"['ManoramaMax', 'ManoramaMAX Amazon Channel']",4.0,2,0.0901,114,https://image.tmdb.org/t/p/w500/eD0Od1wwwVzAFBCXpfEefvsLhAV.jpg
1219444,Raastha,2024-01-05,"Shahana and Faizal arrive in Oman to find Shahana's mother, missing for 22 years. Facing difficulties, they journey deeper into the desert, lost. Police try to locate them.",['Drama'],[],"['Anagha Narayanan', 'Aradhya Ann', 'Sarjano Khalid', 'Sudheesh', 'T G Ravi']",['Aneesh Anwar'],"['Shahul Erattupetta', 'Fayiz Madakkara']","['Arabic', 'English', 'Malayalam']","['ManoramaMax', 'VI movies and tv', 'ManoramaMAX Amazon Channel']",1.0,1,0.1089,129,https://image.tmdb.org/t/p/w500/bAIhCeoIYRycfe64zu8j7BztNM0.jpg
599071,Ormma,2019-03-08,"Jayakrishnan, an activist who is relentlessly fighting for the cause of nature, marries an orphan girl Rajashree, against the will of his family. Things take a turn when he is killed. What follows is how Rajashree and her daughter Anamika survive in this harsh reality of the world.",['Drama'],[],"['Gayatri Arun', 'Audrey Miriam', 'Sooraj Kumar', 'Jayakrishnan', 'Baiju V.K.']",['Suresh Thiruvalla'],"['Suresh Thiruvalla', 'Suresh Thiruvalla']",['Malayalam'],[],3.0,1,0.2084,127,https://image.tmdb.org/t/p/w500/26VUUBTu1ScD6um2R6kTVPetC0d.jpg
1519042,Private,2025-08-01,"When an old man and a teenager from different walks of life are brought together by chance, they form an unlikely connection that transforms them both in unexpected ways.",['Drama'],[],"['Indrans', 'Meenakshi Anoop', 'Annu Antony', 'Kiran Peethambaran', 'Kunhikkannan Cheruvathoor']",['Deepak Deon'],['Deepak Deon'],['Malayalam'],[],4.0,1,0.1304,136,https://image.tmdb.org/t/p/w500/9pRKlkCLO3BKG8xGM1vGvVwfW47.jpg
511376,Aneesya,2016-06-24,"Aneesya is Malayalam drama film released 2016. Its directed by Arjun Binu and Bijukuttan, Dharmajan Bolgatty, M.R. Gopakumar play as lead in film.",['Drama'],[],"['Said Alharb', 'Bijukuttan', 'Dharmajan Bolgatty', 'Sarath Chandran', 'Sreeya Remesh']",['Arjun Binu'],['Rajan Kizhekkanda'],['Malayalam'],[],0.0,0,0.1083,0,
1245648,Perumani,2024-05-10,"When a mysterious stranger turns up at a remote village, superstitious locals begin to suspect he is a mythological figure. Meanwhile, rumours swirl about an unfaithful bride-to-be.","['Comedy', 'Fantasy']",[],"['Lukman Avaran', 'Vinay Forrt', 'Sunny Wayne', 'Deepa Thomas', 'Navas Vallikkunnu']",['Maju'],['Maju'],['Malayalam'],"['Amazon Prime Video', 'Amazon Prime Video with Ads']",5.5,2,0.313,135,https://image.tmdb.org/t/p/w500/uEx03XNu4PST3a5oCsf2TTaoYAj.jpg
782565,Guardian,2021-01-01,The story revolves around a doctor who tries to save his wife when her past comes back to haunt her.,"['Thriller', 'Crime']",[],"['Saiju Kurup', 'Sijoy Varghese', 'Miya George', 'Nayana Elza', 'Shiyas Kareem']",['Satheesh Paul'],['Satheesh Paul'],['Malayalam'],"['ManoramaMax', 'ManoramaMAX Amazon Channel']",5.0,5,0.1577,129,https://image.tmdb.org/t/p/w500/1RrYahZpdq1q2Le3khfOfIB5Z6o.jpg
937357,Woman With A Movie Camera,2022-03-20,"A real woman, doing things, being in places. A girl like us, holding a camera, filming her immediate surroundings to show us how it is not easy being a woman, to reveal the elemental plight of being.",[],"['docufiction', 'womanwithamoviecamera', 'micro budget']","['Athira Santhosh', 'Mahitha UP', 'Sreekala Santhosh', 'Jicky Paul', 'Manikarnika Ponnappan']",['Atal Krishnan'],"['Atal Krishnan', 'Athira Santhosh']",['Malayalam'],[],0.0,0,0.171,104,https://image.tmdb.org/t/p/w500/4sfpmDBNbDE6INO3RrV0Yd6efkZ.jpg
456855,Poyi Maranju Parayathe...,2016-06-03,"The film tells the story of a household where several murders have happened. The plot picks up from a point many years after the killings, and what happens next.","['Mystery', 'Horror']",[],"['Kalabhavan Mani', 'Vimala Raman', 'Meghanathan', 'Baburaj', 'Kalasala Babu']",['Martin C. Joseph'],"['Martin C. Joseph', 'Pradeep Sivasanker']",['Malayalam'],[],0.0,0,0.1582,131,https://image.tmdb.org/t/p/w500/glDDATIJfQpJ7D32j6j89GijRXi.jpg
922128,RJ Madonna,2021-12-25,"RJ Madonna decides to spend a day lonely with the love of her life but arrives at a completely unfamiliar place, ends up spending it with a complete stranger, who knows deep secrets of her life.",['Thriller'],[],"['Amalendu K Raj', 'Anil Anto', 'Shersha Sherief', 'Jijo Jacob', 'Nileen Sandra']",['Anand Krishna Raj'],['Anand Krishna Raj'],['Malayalam'],[],5.0,2,0.1327,93,https://image.tmdb.org/t/p/w500/iiR5rtGIScFIRhvQyCRvU0ISbls.jpg
579435,Madhaveeyam,2019-01-11,"Madhav Dev, a painter of international repute, and his sister Manasi, a renowned writer, both unmarried, are siblings who live for each other. And then one day, Madhav meets Mallika, a girl from an impoverished background, and she changes his life forever.",['Drama'],[],"['Vineeth Radhakrishnan', 'Mamukkoya', 'Geetha Vijayan', 'Babu Namboothiri']",['Thejas Perumanna'],['Thejas Perumanna'],['Malayalam'],[],0.0,0,0.1915,137,https://image.tmdb.org/t/p/w500/jpOzVvpdVEkizGJEDRqh4CW1M6a.jpg
405378,Oru New Generation Pani,2015-06-01,"Oru New Generation Pani' is an atrocity that shocks you with its attempt to spin out a story line that will have you banging you head against the rails. Inauthentic to the core, the film tells a story that will have an insomniac snoring away in no time.",[],[],"['Byon', 'Nakshathra', 'Devan', 'Anil Murali', 'Thalaivasal Vijay']",['Shankar Narayanan'],['Shankar Narayanan'],['Malayalam'],[],0.0,0,0.1246,0,https://image.tmdb.org/t/p/w500/tIst79ylg42e87TNjVBnpHgCKUa.jpg
987883,Yellow,2022-02-25,"The film is about two individuals meeting after a long time and spending time in awkward silences and confessions.  As fate has brought them together again to pick up from what they'd left off, the  duo makes an effort to speak their minds, hoping for closure.","['Drama', 'Romance']","['romance', 'kerala', 'feelgood']","['Abilash Nandakumar', 'Nazlin Jameela Saleem', 'Kiran Chandrasekaran', 'Arun Sunny', 'Kesiya Rachel Varghese']",['Samuel Henry'],['Samuel Henry'],['Malayalam'],[],3.0,1,0.14,23,https://image.tmdb.org/t/p/w500/jFTkcwFs4TGnO9ZxqhVmW5Q7X6V.jpg
1126815,Sunday,2021-05-21,A drama short film about two friends who regularly get to meet every weekend and they spend a Sunday chatting and how things take a turn from there.,"['Drama', 'Family', 'Comedy']","['family drama', 'relationship drama', 'religious drama', 'drama']","['Anna Priya S Dominic', 'SAMEERA NAIR', 'Aaradhya Arun Lakshman', 'RESHMI PADMA', 'SREYAS SARATH']",['Aman Saji Dominic'],['Aman Saji Dominic'],"['English', 'Malayalam']",[],0.0,0,0.0971,16,https://image.tmdb.org/t/p/w500/9LI2Q02NzeTGrSB29ZZR1QRGHqA.jpg
456779,Aakashathinum Bhoomikkumidayil,2017-03-17,The movie revolves around a village in northern Kerala where political murders happen and In such one incident a guy is murdered mistaking him to be someone else. The families of both are left stranded and the film takes us through the incidents that happen to the children of both the family.,['Drama'],"['politics', 'murder']","['Neena Kurup', 'Muhammad Musthafa', 'Kozhikode Sarada', 'Udit Nived']",['Sandeep Ajith Kumar'],['Peethambaran'],['Malayalam'],[],0.0,0,0.2079,92,https://image.tmdb.org/t/p/w500/8GlR2cPPxWfaMkmcIRkDESDDCmo.jpg
981364,SECTION 306 IPC,2023-04-06,,[],[],"['Renji Panicker', 'Shanthi Krishna', 'Rahul Madhav', 'Jayaraj Warrier', 'Mareena Michael']",['Sreenath Shiva'],"['Vh Dirar', 'Sreenath Shiva']",['Malayalam'],[],0.0,0,0.109,149,
1350809,Puliyattam,2023-03-17,"Jose, once a renowned Pulikali performer, fell into heavy drinking after a personal tragedy. Persuaded by Manoharan, he joined an Onam procession despite his wife Mary's objections. The experience deeply affected Jose, Manoharan, and Mary, rekindling old passions and emotions in their lives.",['Drama'],[],"['Sudheer Karamana', 'Meera Nair', 'Mitun M Das']",['Santhosh Kallaattu'],['Santhosh Kallaattu'],['Malayalam'],"['ManoramaMax', 'ManoramaMAX Amazon Channel']",3.0,1,0.1184,120,https://image.tmdb.org/t/p/w500/8hhj8OpsblFhmURFd21L50wq88D.jpg
1184122,Janvi,2023-09-25,,"['Drama', 'Romance']",[],"['Joy Mathew', 'Devan', 'Pradeep Kottayam', 'Rahul Radhakrishnan', 'Preethi Jino']",['Rajendran Thevassery'],[],['Malayalam'],[],3.0,1,0.116,102,https://image.tmdb.org/t/p/w500/6ByMUa5UCtPYjoq5meq5gUVrEVC.jpg
594717,Oronnonnara Pranayakadha,2019-05-24,Ramanan and Amina are childhood sweethearts. Their love grows with them and he proposes. Life changes after that.,['Romance'],[],"['Shebin Benson', 'Rachel David', 'Indian Pallassery', 'Alencier Ley Lopez', 'Sudheer Karamana']",['Shibu Balan'],"['Shibu Balan', 'Shibu Balan']",['Malayalam'],[],1.0,1,0.1053,122,https://image.tmdb.org/t/p/w500/pHrYdWwRL4w7sS8k4SUSH1Uh5Lo.jpg
1322678,CICADA,2024-08-09,"Cicada movie is a gripping survival thriller about an unscrupulous man whose journey through the jungle reveals a harsh truth: In the jungle, there is only one law: hunt to satisfy hunger. If the hunt is to serve other desires, the hunter will become the hunted.",['Thriller'],[],"['Rejith Menon', 'Jaise Jose', 'Gayathry Mayoora', 'Arun K Michael', 'Adeline Simon Chittilappilly']",['Sreejith Edavana'],['Sreejith Edavana'],"['Kannada', 'Malayalam', 'Tamil', 'Telugu']",[],0.0,0,0.2309,120,https://image.tmdb.org/t/p/w500/hv8R6z57NAL5Gtofd9OwX9sXn4h.jpg
1421134,Jameelante Poovan Kozhi,2024-11-08,"Shanawas, a flirtatious taxi driver in Fort Kochi, faces a life-changing moment when his mother, Jamila, arrives unexpectedly.","['Comedy', 'Romance']",[],"['Nithin Thomas', 'Mithun Nalini', 'Bindu Panicker', 'Sooraj Pops', 'Anjana Appukuttan']",['Shaajahan'],['Shaajahan'],['Malayalam'],[],3.0,1,0.1722,122,https://image.tmdb.org/t/p/w500/i72VEcbygZC2c33DFOvePspH6q.jpg
846880,Puzhayamma,2019-02-14,"Puzhayamma is based on the friendship between a 13-year-old girl Baby Meenakshi and an American tourist Linda Arsenio and the hurdles they had to face, when they tried to save a polluted river.",['Drama'],['enviromental'],"['Meenakshi Anoop', 'Linda Arsenio', 'Antony Thekkek', 'Ashly Boban', 'Fathima al Mansoori']",['Vijeesh Mani'],['Prakash Vadikkal'],['Malayalam'],[],0.0,0,0.2418,120,https://image.tmdb.org/t/p/w500/fDmGCXCqKsCBtPyUWSea2MLB2IE.jpg
706165,Oru Njayarazhcha,2019-12-13,"Events happening in one single day, a Sunday, in the life of two couples who're in extramarital affairs.","['Drama', 'Romance']",[],"['Murali Chand', 'Satheesh Kumar', 'Megha Thomas', 'Sally Kannan', 'Anuja Krishnan']",['Shyamaprasad'],[],['Malayalam'],[],7.0,2,0.099,91,https://image.tmdb.org/t/p/w500/p0vrVdgen5QNSYhwiv2jBTksR2O.jpg
522777,Irattajeevitham,2018-02-17,"Sainu and Amina were thick friends when they were kids and this attraction between the two has grown irresistibly, making them inseparable. But there is one major hitch. Inside Amina is a man yearning for release. As they slip into adolescence, this reality becomes a stark and unbearable one and one day Amina disappears from home. Sainu is married off to a local guy. But almost ten years later a stranger, a man calling himself Adraman, appears at the village.",[],[],['Aami'],['Suresh Narayanan'],[],['Malayalam'],[],0.0,0,0.0907,103,https://image.tmdb.org/t/p/w500/4BqXeU3SAidmtfPM30dbj2320a4.jpg
1578135,Bumblinga,2025-01-31,"‘Bumblinga’, a modern matchmaking tale, is a coming of age romantic comedy short film that revolves around two youngsters in Kochi, Prahaladhan and Bhagya, and how they connect with each other through a dating app.","['Comedy', 'Romance']",[],"['George Kora', 'Sheethal Joseph', 'Anju Joseph', 'Stany Steephen', 'Dhanil Krishna']",['Naveen Najose'],['Naveen Najose'],['Malayalam'],[],0.0,0,0.1257,37,https://image.tmdb.org/t/p/w500/7v9JxOOVippa3fyjJyXslleBzxk.jpg
1219151,Aadrika,2024-05-01,,"['Crime', 'Drama']",[],"['Niharica Raizada', 'Donovan Wodehouse', 'Ajumalna Azad']",['Abhijit Adhya'],['Abhijit Adhya'],['Malayalam'],[],0.0,0,0.108,0,https://image.tmdb.org/t/p/w500/g6fRL0sWBoOuyZ1U4raaayO8Qi9.jpg
1019341,Pendulum,2023-06-16,"Dr. Mahesh, on trying to unravel the mystery of an unusual incident, concludes that lucid dreaming might help digging up his past. Will he be able to rectify the future by altering his past mistakes?","['Fantasy', 'Thriller']",[],"['Indrans', 'Vijay Babu', 'Anumol', 'Sunil Sukhada', 'Shobi Thilakan']",['Rejin S Babu'],['Rejin S Babu'],['Malayalam'],[],3.0,2,0.1825,106,https://image.tmdb.org/t/p/w500/oGFJSs8G4HkimKrJTxNK5aTnCbs.jpg
1377384,The Other Side,2024-12-14,"A teenage girl, caught between the love for her mother and the fear of losing her, battles inner turmoil and societal taboos as she strives to honour a promise, confronting the harsh realities of gender discrimination and deeply rooted superstitions. As she treads through this intricate maze, she discovers the limitations of her youth, often realising the helplessness of being a young girl in a world where adults make all decisions. Set against the backdrop of contemporary India, where gender discrimination is normalised, the film sheds light on the persistence of superstitions in society. The movie explores the profound bond between a mother and daughter and the lengths to which a young girl could go to fulfil a promise made to her mother.",['Drama'],[],"['Anagha Maya Ravi', 'Jagadish', 'Mini IG', 'Ravi Sreedhar', 'Pradeep Joseph']",['Indu Lakshmi'],['Indu Lakshmi'],['Malayalam'],[],5.0,2,0.1432,73,https://image.tmdb.org/t/p/w500/14XmrYeNE24RYpQHuseta1YRmug.jpg
578494,Nalla Vishesham,2019-01-25,"Nalla Vishesham is a feel-good, yet strong movie which fights for the serious need to protect the natural assets of this beautiful earth, especially water.",['Drama'],[],"['Aparna Nair', 'Biju Sopanam', 'Chembil Ashokan', 'Dinesh Panicker', 'Narayanankutty']",['Ajithan'],['Vinod Vishwan'],['Malayalam'],[],3.0,1,0.1412,102,https://image.tmdb.org/t/p/w500/hOaoJnAHSBSN6JtlcI4qbAqgiHn.jpg
1396331,Agolathapanavum Athmahathyayum - Chapter 1: Aipose Puranam,2024-12-03,First chapter in the chronicles of a 231-year-old vampire in his journey with his fellow vampires.,"['Comedy', 'Documentary']","['vampire', 'mockumentary']","['Renjith Murali', 'Nikhil Madhu', 'M S Abhiram', 'Aswin Krishna', 'Sebastian Jose']",['Khasi'],"['Sreedev Suprakash', 'Sreedev Suprakash']",['Malayalam'],[],0.0,0,0.0954,26,https://image.tmdb.org/t/p/w500/wHEQEK38WtrYIA3yVHkcrT5mpuI.jpg
1668440,Krishnashtami: The Book of Dry Leaves,2026-01-16,"The first still-image feature in India, inspired by Vyloppilli Sreedhara Menon's 1958 poem. It portrays marginalized lives held in an illegitimate detention centre, using dry leaves and storms as metaphors. An omniscient narrator from an undefined future recalls fragments lost to censorship, inviting others to complete the story. Through static images, memories, and voices, the film reflects on art, poverty, imagination, divinity, and power.",['Drama'],[],"['Jeo Baby', 'Abhijith Chithrakumar', 'Sushama Anil', 'Surya S', 'Aparna Asok']",['Abhilash Babu'],['Abhilash Babu'],['Malayalam'],[],0.0,0,0.1311,78,https://image.tmdb.org/t/p/w500/4HJ1zvsbPuRqVtDbc0pIeboAZUA.jpg
803719,Mmmmm (Sound of Pain),2021-02-20,"Tells the story of a tribal person hailing from the Kurumba tribe, who ekes out a living by collecting honey. The story unfolds the difficulties the central character has to go through when environmental changes occur due to irresponsible human activities, leading to scarcity of honey. It also portrays his fight against the challenges and how he eventually adapts to the changing environmental conditions.",['Drama'],[],"['I. M. Vijayan', 'Semmalar Annam', 'Baby Raichal Kocheri', 'Lateef', 'Vipin Mani']",['Vijeesh Mani'],['Prakash Vadikkal'],['Malayalam'],[],0.0,0,0.1439,0,https://image.tmdb.org/t/p/w500/zCiEGgrGH3xUZhHNaEV4g1PE3mO.jpg
462522,Ayaal Sassi,2017-07-07,"Sassi, a self-proclaimed painter in his 60s, tries to make a mark in the society but fails with every attempt. He is soon diagnosed with a terminal illness, following which he moves back to his hometown to spend his last few days. His days turn rather boring and uninteresting until he learns of a newly designed coffin, having all sorts of advanced features in it, and finally, knows how to spend his last days.",['Comedy'],['artist'],"['Sreenivasan', 'Divya Gopinath', 'S.P. Sreekumar', 'Anil Nedumangad', 'Kochu Preman']",['Sajin Baabu'],[],['Malayalam'],[],6.0,1,0.2089,127,https://image.tmdb.org/t/p/w500/frnzivyS4dLdoMBBsoujGGEHlEg.jpg
531923,Angane Njanum Premichu,2018-05-25,,"['Comedy', 'Romance']",[],"['Suryakanth Udayakumar', 'Jeevan Gopal', 'Anjana Appukuttan', 'Nirmal Palazhi', 'Neena Kurup']",['Rajeev Varghese'],[],['Malayalam'],[],0.0,0,0.1027,136,https://image.tmdb.org/t/p/w500/65I3sEM4fGZNmoah0Om4wVesVp8.jpg
472954,Thank You Very Much,2017-08-25,"Achyut Shankar, a plus two student, wants to be a cricketer, but his father has already chalked out a career in medicine for him. While fighting parental pressure from his strict parents, this young boy gets involved in an incident.",['Drama'],"['career', 'cricket', 'parents']","['Lenaa', 'Babu Namboothiri', 'Mukundan Menon', 'Baiju V.K.', 'Bijukuttan']",['Sajin Lal'],['R. Ajith'],['Malayalam'],[],0.0,0,0.1702,122,https://image.tmdb.org/t/p/w500/2Dasxwa4rf6djWHNZTkPArqKr4y.jpg
599056,Thenkasikkatu,2019-03-01,"The life of three unemployed friends who come to Tamil Nadu and perform in a band that features at funerals, get complicated after one amongst them falls for a village local.",['Drama'],[],"['Hemanth Menon', 'Padmaraj Ratheesh', 'Jiivika Pillappa', 'Kavya Suresh', 'Byon']",['Shinod Sahadevan'],"['Sudheesh Kavanchery', 'Vinod Annara']",['Malayalam'],[],2.0,1,0.1504,129,https://image.tmdb.org/t/p/w500/ueI7jr1rJHdDiTOa0Zlc93Pqprf.jpg
1193685,The Sentence,2025-02-21,"Geetha, a solitary Anganwadi teacher, grapples with a dire existence. Diagnosed with a life-threatening illness, she plots a crime to access medical aid available to jail inmates.",['Drama'],[],"['Beena R Chandran', 'M.N. Anitha', 'Ishak Musafir', 'P P Subramanian', 'Vappu Poolath']",['Fazil Razak'],['Fazil Razak'],['Malayalam'],[],4.0,1,0.1037,89,https://image.tmdb.org/t/p/w500/tlDROAOx00aTNLXhxh6uumJ7ByS.jpg
1000508,Moppala,2025-07-04,"The life of a Theyyam exponent and his grandson, who is the child of an inter-caste marriage, is topsy-turvy due to caste hierarchy and prejudices. Devanandan, the grandson who is very much passionate about Theyyam, is not allowed to perform the art by the diehard followers of caste systems. So Devanandan leaves the scene wearing the attires and makeup of Theyyam.",['Drama'],[],"['Santhosh Keezhattoor', 'Soniya malhaar', 'Kookal Raghavan', 'Rithesh Aramana', 'Prajna R Krishna']",['Santhosh Puthukkunnu'],['Upendran Madikkai'],[],[],0.0,0,0.105,0,https://image.tmdb.org/t/p/w500/3l1NbEjIxfnCkT3sJqkXIN0piFj.jpg
372345,Ozhivudivasathe Kali,2016-06-17,"On an election holiday, five friends get together for a booze party. Their only intention is fun and refreshment. As the time passes they start to open up the hidden wildness of their real nature. Tired and bored in arguments they plan to play a game. A game they used to play in their childhood.","['Mystery', 'Crime', 'Drama']","['holiday', 'friends', 'drinking', 'election']","['Nisthar Ahamed', 'Pradeep Kumar', 'Girish Nair', 'Baiju Netto', 'Reju Pillai']",['Sanal Kumar Sasidharan'],"['Unni R.', 'Sanal Kumar Sasidharan']",['Malayalam'],[],7.5,13,0.138,104,https://image.tmdb.org/t/p/w500/fttFT9kYkqvZOiDhv8IEfFnvuq1.jpg
1372858,Oshana,2024-11-01,"Oshana takes you through the journey through the life of a guy named John, where you see how the people around him and his love stories shape everything. Each romance brings unexpected twists and turns, making it a real rollercoaster ride. It's a film that captures all the drama and excitement of love and life in a way that'll keep you hooked.","['Romance', 'Drama']",[],"['Althaf Salim', 'Dhyan Sreenivasan', 'Sminu Sijo', 'Sabumon Abdusamad', 'Nizhalgal Ravi']",['N.V. Manoj'],['Jithin Jose'],['Malayalam'],[],1.0,1,0.138,149,https://image.tmdb.org/t/p/w500/3r4mYUlTcDctHnlYI5EcjWPTs4G.jpg
1560745,Thelivu Sahitham,2025-06-06,"During a village carnival, a shocking murder plunges the quiet community of Kuttikadavu into chaos.","['Crime', 'Thriller']",[],"['Nishanth Sagar', 'Major Ravi', 'Abu Salim', 'Rajesh Sharma', 'Nirmal Palazhi']",['Sakkeer Mannarmala'],"['Karad Shafeeq', 'Karad Shafeeq']",['Malayalam'],[],1.0,1,0.1635,101,https://image.tmdb.org/t/p/w500/60LkqcbuhcckrGjgXl8oCpWOB2l.jpg
1321932,Jeevi,2024-07-30,"Four friends reel in a strange, otherworldly creature while fishing. One sees profit, another devotion, a third seeks answers, and their clashing intentions set off a chain of unforeseen consequences",['Fantasy'],[],"['Sankar Raj', 'Jayesh Mohan', 'Alan Prak', 'Ben Sharo', 'Aby']",['Aromal R Lal'],[],['Malayalam'],[],0.0,0,0.1612,32,https://image.tmdb.org/t/p/w500/fNCJbYOnGt97Jipe2iDBUqnHhlh.jpg
466082,Ente Kallu Pencil,2017-06-16,Ente Kallu Pencil is a Malayalam movie starring Narayanan Kutty and AS Rajendra in prominent roles. The cast also includes Ajith Raja and Kalabhavan Rahman. It is a drama directed by Jespal Shanmughan.,['Drama'],[],"['Narayanankutty', 'Saju Navodaya', 'Kalabhavan Rahman']",['Jespal Shanmughan'],"['Niyas Abdul Rahim', 'Ajit Soman']",['Malayalam'],[],0.0,0,0.1304,151,https://image.tmdb.org/t/p/w500/vXnyzH682QMYAiVaoxfyvgQTIkG.jpg
1212000,Kundannoorile Kulsitha Lahala,2024-10-18,"Gossip, illicit relationships and an elaborate underwear-stealing prank fuel escalating tensions between rival villagers.",['Action'],[],"['Lukman Avaran', 'Veena Nair', 'Asha Madathil Sreekanth', 'Suneesh Saami', 'Pradeep Balan']",['Akshay Ashok'],['Akshay Ashok'],['Malayalam'],[],1.0,1,0.1575,146,https://image.tmdb.org/t/p/w500/sYzVVwaAdFhvMRmQhQaX5VTglgE.jpg
1102533,ICU,2026-02-27,,"['Thriller', 'Drama']",[],"['Baburaj', 'Bibin George', 'Vismaya Aneesh', 'Srikant Murali', 'Murali Gopy']",['George Varghese'],['Santosh Kumar'],['Malayalam'],[],0.0,0,0.2018,0,https://image.tmdb.org/t/p/w500/yptmMlu702EcBldnI9fElgSMd9V.jpg
998666,Dreadful Chapters,2024-09-06,Time-loop horror thriller film,"['Horror', 'Thriller']",[],"['Jeffin Joseph', 'Varun Ravindran', 'Nibin Stany', 'Shyam Salash']",['Nirmal Baby Varghese'],['Nirmal Baby Varghese'],[],[],0.0,0,0.0892,0,https://image.tmdb.org/t/p/w500/qwKa5PnAGY2iQRPZWLDL3CNBtQH.jpg
937355,Avanovilona,2022-03-20,"Pathrose, is a self-anointed evangelist, who in another avatar turns into a pimp for the transgender sex workers in town. His daughter is a nun who stays in a monastery. The return of his son Eddie from the city as a transgender wounds Pathrose and triggers an inner journey back to nature leaving all material bonds, Eddie follows the same path like his father.",[],[],[],"['Sherry Govindan', 'Deepesh T']",[],['Malayalam'],[],0.0,0,0.0753,0,https://image.tmdb.org/t/p/w500/gP3tFV5tdrRDUREZnCn2Nm8wLnZ.jpg
411935,Ma Chu Ka,2017-06-09,"While investigating a story, a journalist crosses path with an advocate. The investigation leads her to a series of complicated situations, unraveling secrets that can pose a threat to her life.","['Crime', 'Mystery']","['journalist', 'conversion', 'psychological thriller']","['Pasupathy', 'Janani Iyer', 'Prathap Pothan', 'Maala Parvathi', 'Amith Chakalakkal']",['Jayan Vannery'],['Jayan Vannery'],"['Malayalam', 'Tamil']",[],4.5,2,0.0908,119,https://image.tmdb.org/t/p/w500/2xJGAD16KGGg9DAah55RLAdj30m.jpg
494805,Akatho Puratho,2017-03-01,"In or Out is about the inexorable flow, constant flux and endless process that life is.The film looks at the incessant process of change that life is.It unfolds through four parts that present different theme from different perspectives and structures of feeling.",[],['anthology'],[],['Sudevan'],[],['Malayalam'],[],8.0,1,0.0949,122,https://image.tmdb.org/t/p/w500/2Hup6EwSs1FcCwBfSHblVX8SRJw.jpg
1399234,Back Door,2024-12-17,"“Pinvathil (Back Door),” directed by J C George, is an unconventional take on everyday socio-political life. Set in a small village, the movie uses absurdity and surrealism to critique the concept of world democracy.",['Drama'],[],[],['J. C. George'],[],['Malayalam'],[],0.0,0,0.1006,123,https://image.tmdb.org/t/p/w500/oU9AkuFkS3A0aTgTnDO0T4ntyNF.jpg
866437,The Quarrel,2022-07-29,"On the day he agreed to sign a mutual divorce in court, Siddharthan, who is also a lawyer, cheats on his wife Lakshmi, and goes on an inland drive. He urges Lakshmi to postpone the divorce, citing their daughter Tara's future, but the attempt fails. On his way back, he meets Sathi and her dumb daughter who are leaving their home due to marital issues. The meeting changes Siddharthan's outlook on life.",['Thriller'],[],"['Tovino Thomas', 'Kani Kusruti', 'Azees Nedumangad', 'Sudev Nair', 'Devaki Rajendran']",['Sanal Kumar Sasidharan'],['Sanal Kumar Sasidharan'],['Malayalam'],[],4.0,1,0.1091,94,https://image.tmdb.org/t/p/w500/bSxgqeeQ2FEFxq3dhr6R7aN4lBz.jpg
1435187,Escape,2022-03-25,"The protagonist arrives at a relative's house with a pregnant friend due to some problems, and stays there without going back, suspecting some of the activities of the family members there. The subsequent events happening that night forms the crux of the story.",['Thriller'],[],"['Gayathri Suresh', 'Sreevidya Nair', 'Santhosh Keezhattoor', 'Arun Kumar', 'Shaju Sreedhar']",['Sarshick Roshan'],['Sarshick Roshan'],['Malayalam'],[],2.5,2,0.09,107,https://image.tmdb.org/t/p/w500/xlycUmmClFECdxjFWdjwJMGICuF.jpg
1169164,Michael's Coffee House,2021-12-17,"Vincent, a promising young IT Professional is striving to maintain the balance between his love life and his dream project. Vincent has been avoiding a serious commitment with Jasmine. Will he manage it?","['Crime', 'Thriller']",[],"['Dheeraj Denny', 'Margret Antony', 'Jins Baskar', 'Rony David Raj']",[],[],['Malayalam'],[],1.5,2,0.1204,141,https://image.tmdb.org/t/p/w500/w7Hg7tNOXrsaJVJK8bfnSqlBINY.jpg
581379,Theerumanam,2019-02-01,,['Drama'],[],"['Santhosh Keezhattoor', 'Major Ravi', 'Neena Kurup', 'Lakshmipriya', 'Shobi Thilakan']",['P K Radhakrishnan'],['P K Radhakrishnan'],['Malayalam'],[],0.0,0,0.118,0,https://image.tmdb.org/t/p/w500/nowPUBpRdHPhSH770gj357QhjJz.jpg
1084183,Memories of a Machine,2016-11-20,"Memories of a Machine explores sexuality through human morals and instincts as a woman narrates her early sexual experience as a curious young girl and her quirky struggles of finding ""self"" amid a traditionally bound system.",['Drama'],[],['Kani Kusruti'],['Shailaja Padindala'],[],['Malayalam'],[],0.0,0,0.1464,10,https://image.tmdb.org/t/p/w500/AcX1nxhBj7QtjmNXlqm8Ilu8jI8.jpg
1589356,Oru Onnonnara Ottam,2025-10-31,"Set in a small, vibrant village, Oru Onnonnara Ottam follows the hilarious journey of three youngsters running a struggling event management business. When their warehouse owner demands overdue rent, they finally find hope in a cousin’s upcoming wedding — but things take a wild turn when the bride suddenly elopes !",['Comedy'],[],"['Shelwin Shibu', 'Granz Baby', 'Midhun Machan', 'Elizabath', 'Adithyan Mani']",['Pranav Unnikrishnan'],['Pranav Unnikrishnan'],['Malayalam'],[],0.0,0,0.0814,42,https://image.tmdb.org/t/p/w500/j1gjpoiN7hKqhQ5zk8QkunzyWzO.jpg
1120580,O.Baby,2023-06-09,"A caretaker's ancestrally formed relationship with a family is strained when the caretaker's son disrespects age-old traditions, wants to challenge generational ties, and is influenced by the awakening culture.","['Thriller', 'Drama', 'Action']",[],"['Dileesh Pothan', 'Vishnu Agasthya', 'Haniya Nafisa', 'Raghunath Paleri', 'Saji Soman']",['Ranjan Pramod'],['Ranjan Pramod'],['Malayalam'],"['Amazon Prime Video', 'Amazon Prime Video with Ads']",5.0,5,0.1236,126,https://image.tmdb.org/t/p/w500/uBCkPBJRoNccOFN6RHvgXoesBRu.jpg
1187357,Moonamghattam,2023-11-11,A man in emotional turmoil after a break-up seeks the advice of an imaginary figure to solve a missing person case.,"['Drama', 'Mystery']","['missing person', 'karma', 'indian', 'souls']","['Joe Eshwar', 'Simi Jose', 'Kuriakose Oonnittan', 'Sijo Mangalasseril', 'Jayrus Kuriakose']",['Ranji Vijayan'],['Ranji Vijayan'],['Malayalam'],[],0.0,0,0.0922,151,https://image.tmdb.org/t/p/w500/ab0oK5oL2hQxaEBo3JuUr4g822R.jpg
531707,Shirk,2018-03-16,,['Drama'],[],"['Aditi Rai', 'Jagadish', 'Indrans', 'Kalasala Babu', 'Jayan Cherthala']",['Manu Krishna'],[],"['Arabic', 'Malayalam']",[],0.0,0,0.1075,132,https://image.tmdb.org/t/p/w500/ntAoSxdLQ5AFpDdy7AeNE8n5NGJ.jpg
924134,Stomp,2022-01-26,"A Theatre group is rehearsing their play.On the day of Performance, they reach the venue early in the morning and finished their final corrections and stage settings before evening.After annual day celebration of the residence association , the group starts their Play.","['Documentary', 'Drama']",[],[],"['Sajas Rahman', 'Shinos Rahman']",[],['Malayalam'],[],0.0,0,0.0919,85,https://image.tmdb.org/t/p/w500/gAWICmAGLxfrbgirGc574IXYUYB.jpg
328322,Alif,2015-02-27,"Set in a remote village in Malabar, the film portrays the struggles of a young Muslim woman and her family who is ostracised by society for questioning a religious speech",['Drama'],['revolt'],"['Lenaa', 'Kalabhavan Mani', 'Irshad', 'Nedumudi Venu', 'Zeenath']",['N K Muhammed Koya'],"['N K Muhammed Koya', 'N K Muhammed Koya']",['Malayalam'],[],5.0,3,0.1455,101,https://image.tmdb.org/t/p/w500/8Al47pwOuvhfzLfi6UFnuNXc17D.jpg
573253,Madhuramee Yathra,2018-12-07,,['Drama'],[],"['Maanav', 'Shivaji Guruvayoor', 'Krishna Prasad', 'Narayanankutty', 'Ann Saji']",['Satheesh Guruvayoor'],['K C Ajith Namboothiri Guruvayoor'],['Malayalam'],[],0.0,0,0.1837,124,https://image.tmdb.org/t/p/w500/cO8FWuxswajogsRYuGSuLipPLyk.jpg
466984,Ottakolam,2016-09-23,Ottakolam is the exceptional tale of a man who makes a living by cremating the dead.,['Drama'],['cremation'],"['Santhosh Keezhattoor', 'Hima Shankar']",['Jayan K. Saaj'],"['Prasanth Azhimala', 'Jayan K. Saaj']",['Malayalam'],[],3.0,2,0.0935,111,https://image.tmdb.org/t/p/w500/f71blQnbYm64DvfXnpBWFqZFpSP.jpg
1616393,Aashamsakalode Anna,2015-07-03,"The story revolves around the lives of two identical twin sisters. Amongst the two, one is dumb, whose love tale is narrated by her sister to her friend.","['Romance', 'Comedy']",[],"['Rahul Gowda', 'Madhu', 'Suraj Venjaramoodu', 'Kalasala Babu', 'Pannian Ravindran']",['Sangeeth Louis'],"['Sangeeth Louis', 'Sangeeth Louis']",['Malayalam'],[],1.0,1,0.163,119,https://image.tmdb.org/t/p/w500/4XdORKAbfptkHiGaR9PYlHmq0H4.jpg
981372,Vedikkettu,2023-02-03,"Two island communities constantly fight each other but unite once a year for a festival. However, everything begins to change when a love story blooms between the rival groups.",['Drama'],[],"['Vishnu Unnikrishnan', 'Bibin George', 'Aiswarya Anilkumar', 'Samad Sulaiman', 'Manjusree Nair']","['Bibin George', 'Vishnu Unnikrishnan']","['Vishnu Unnikrishnan', 'Bibin George']",['Malayalam'],['VI movies and tv'],2.0,2,0.0947,158,https://image.tmdb.org/t/p/w500/dM2pZPWuPGODAALQWiNPkl75cVj.jpg
406851,Yathra Chodikkathe,2016-04-08,,[],[],"['Kalabhavan Mani', 'Sadiq', 'Anil Panachooran', 'Reena Basheer', 'Manuraj']",['Aneesh Varma'],['Haripad Harilal'],['Malayalam'],[],0.0,0,0.0967,0,https://image.tmdb.org/t/p/w500/eznLKm3qgKtjyY5q171yr4Ef54H.jpg
1297088,Kundala Puranam,2024-05-31,"Venu's well draws crowds in a parched area. His daughter Kingini loses her earrings in it, igniting conflicts that test relationships. A simple incident exposes underlying tensions.","['Drama', 'Comedy']",[],"['Indrans', 'Remya Suresh', 'Dinesh Prabhakar', 'Unni Raja', 'Babu Annur']",['Santhosh Puthukkunnu'],['Sudheesh Kumar'],['Malayalam'],[],0.0,0,0.0939,122,https://image.tmdb.org/t/p/w500/hyeGUQzJmn705aTeSfwWyXRUu0E.jpg
1169589,Onnam Sakshi Parethan,2023-08-25,"The movie narrates a story of a man who unknowingly involved in a situation, never expecting that to happen. He then loses even the opportunity to explain what happened, and how he tries to survive is the story.","['Drama', 'Crime']",[],"['Arun Bhaaskaren', 'Nikitha', 'Visakh J A', 'Vinaya']",['Arun Vanaja Raju'],['Arun Vanaja Raju'],['Malayalam'],[],6.0,1,0.0996,82,https://image.tmdb.org/t/p/w500/9lQYuJnN9RqQfDwGeeZ5s8z9naG.jpg
471562,168 Hours,2016-08-26,This horror thriller revolves around the 168 hours of a married couple. Many scary events creep into their life and this forms the crux of the movie.,['Horror'],[],"['Manu Mohit', 'Anju Priya', 'Seema G Nair', 'Sidha Raj', 'Shivaji Guruvayoor']",['K G Vijayakumar'],['K G Vijayakumar'],['Malayalam'],[],0.0,0,0.1089,109,https://image.tmdb.org/t/p/w500/7apmh5vCJx6o9TkGgIGJGhs8x5k.jpg
1405276,Deshakkaran,2024-11-21,A man who performed the religious rituals for a village from which he was driven out is asked to return and revive the place's fortunes.,['Drama'],[],"['Ajay', 'Pathmaa Gopika', 'T G Ravi']",['Ajay Kumar Babu'],['Ajay Kumar Babu'],['Malayalam'],[],0.0,0,0.0994,123,https://image.tmdb.org/t/p/w500/1MXMLZ4VjLov4PcllooNbLYtWY5.jpg
726997,No Go,2019-11-17,A couple along with a bunch of jobless and critical youngsters gathers in a cafe to kill time and share their own misery,"['Drama', 'Comedy']","['jobless', 'nothing goes right', 'kashmir', 'indian politics']","['Vishnu Mukundan', 'Renju K Menon', 'Jenu Perinchery', 'Anagha Ajith', 'Joseph Mathews']",['Hafis AK'],[],['Malayalam'],[],0.0,0,0.1145,15,https://image.tmdb.org/t/p/w500/wrVWCCN84bm4whsp2oSPfvFwFZw.jpg
1371749,Pattth,2024-12-15,"Unni, a struggling film editor in Kerala, is editing a travel vlog. It shows members of a Kenyan tribe singing a traditional song. Unni’s grandmother overhears the song, starts singing along, and claims to know the song. Intrigued, Unni and his girlfriend Anupama share his grandmother’s song on social media. Realising from the comments that many people know the song, they set out to make a documentary about its origin. They travel across Kerala and interview people from various walks of life claiming to know the song. With each new person they meet, the mystery surrounding the song deepens.",['Drama'],[],"['Ashik Safiya Aboobakker', 'Gauthami Lekshmi Gopan', 'M. Kethi', 'Cheriyakaalan', 'P.M. Aishabi']",['Jithin Issac Thomas'],"['Jithin Issac Thomas', 'Jithin Issac Thomas']",['Malayalam'],"['ManoramaMax', 'ManoramaMAX Amazon Channel']",4.0,1,0.1496,86,https://image.tmdb.org/t/p/w500/r6I5VrlqivnfPbcBk1KoDegzxMF.jpg
851703,The Talking Plow,2021-05-01,"A short film based on Ponkunnam Varkey’s short story, of the same title, Shabdikkunna Kalappa (the talking plow) narrates a heart-warming tale about a farmer and his ox Kannan, who he treats as kin.",['Drama'],[],[],['Jayaraj'],[],['Malayalam'],[],0.0,0,0.0647,15,https://image.tmdb.org/t/p/w500/hQEmyxNIGWd6nNjHk0sP9DVLlEJ.jpg
743112,A’hr,2020-10-21,"Maya, a girl in her forties, goes on a trek to the Himalayan mountains together with a youthful man named Akash.",['Drama'],[],"['Manju Warrier', 'Gaurav Raveendran']",['Sanal Kumar Sasidharan'],['Sanal Kumar Sasidharan'],['Malayalam'],[],2.0,2,0.123,105,https://image.tmdb.org/t/p/w500/m5DCb2z1XKkYVFwQGZcKXylDXaM.jpg
1101667,Ithuvare,2023-12-12,The film which discusses the issues of Brahmapuram waste treatment plant at Kerala and health problems faced by families who are settled around the area.,['Drama'],[],"['Kalabhavan Shajon', 'Letha Sunil', 'Prem Prakash', 'Rajesh Sharma', 'Rani Sarran']",['Anil Thomas'],['Anil Thomas'],['Malayalam'],[],2.0,1,0.2202,128,https://image.tmdb.org/t/p/w500/mtjFp45jgnmLzsLsNDoUVWcDTj8.jpg
456851,Dhanayaathra,2016-05-13,Vijila who has to fight with adverse circumstances and is forced to face many tragic moments in her life. Devarajan supports her financially and even makes her the manager of his company. But later Vijila recognizes his true intentions.,['Drama'],[],"['Shweta Menon', 'Riyaz Khan', 'Idavela Babu', 'Bijukuttan']",['Gireesh Kunnummal'],[],['Malayalam'],[],0.0,0,0.1521,0,https://image.tmdb.org/t/p/w500/xGbp7UrbaTqBEcNM83GOHoddj6y.jpg
563743,369,2018-11-23,"When police couldn't tackle a mysterious incident involving his girlfriend, Sanjay decides to fight his own battle and get the truth out. What follows next?","['Mystery', 'Thriller']",[],"['Hemanth Menon', 'Miya Sree', 'Shafique Rahiman', 'Benn Sebastian', 'Letha Das']",['Jefin Joy'],['Jefin Joy'],['Malayalam'],"['Amazon Prime Video', 'Amazon Prime Video with Ads']",7.0,2,0.1043,117,https://image.tmdb.org/t/p/w500/iikgoD67VZCrlQgfVzs03s6XaMH.jpg
834579,Simon Daniel,2022-08-19,"When Simon Daniel, a wandering Archaeologist, learns that his friend, Santhosh, has disappeared while looking for a lost treasure in an mysterious estate, embarks on a journey to find him and complete the mission.","['Action', 'Thriller', 'Mystery']",[],"['Vineeth Kumar', 'Divya Pillai', 'Vijeesh Vijayan', 'V K Sreeraman', 'Sunil Sukhada']",['Sajan Antony'],['Rakesh Kuriakose'],['Malayalam'],[],3.8,2,0.1449,122,https://image.tmdb.org/t/p/w500/li42nBMZoVxiI2MFI295kuNwzg6.jpg
606004,Prakashante Metro,2019-05-03,"Prakashan is an amoral thug-turned-autorickshaw driver plying an autorickshaw he fondly calls Metro. Sans kith or kin, Prakashan undergoes a change of heart when he decides to help a young woman in distress to find a man she came searching for.",[],['woman director'],"['Dinesh Prabhakar', 'Saju Navodaya', 'Sabumon Abdusamad', 'Jayan Cherthala', 'Noby Marcose']",['Haseena Suneer'],['Mitran'],['Malayalam'],[],0.0,0,0.1554,110,https://image.tmdb.org/t/p/w500/8X6OoLer7A5gutfuHRRkbroqq3n.jpg
343239,Black,2015-12-11,Gopu kesav menon(Hindu upper cast ) and Bilal (Muslim) travel from south to north and on the way they visit Dineshan’s(scheduled cast) home who is an employee of Gopu. When they reach the home there is some preparations happening for an offering to a nearby temple in the form of a mythical dance form named karinkaliyattam(karie). They hand over some money to Dineshan’s father.The pardox is this money is used to conduct the dance as an offering to goddess to get a permanent visa in Gopu’s firm which Gopu can easily give if he decides.,['Drama'],"['dance', 'cast']","['Gopu Kesav', 'Rammohan Ravindran', 'K T Satheesan', 'Parukutti Amma', 'Unni Kumbidi']",['Naranipuzha Shanavas'],['Naranipuzha Shanavas'],['Malayalam'],[],0.0,0,0.1354,103,https://image.tmdb.org/t/p/w500/q2ElfPhSMNtLyvQx6lM0VUWCPM6.jpg
1004653,Jawanum Mullappoovum,2023-03-31,A school teacher and her family and depicts how they overcome the overcome the troubling circumstances thrown at them.,['Drama'],"['malayalam', 'shivada']","['Sshivada', 'Sumesh Chandran', 'Rahul Madhav', 'Devi Ajith', 'Vinod Kedamangalam']",['Raghu Menon'],['Suresh Krishnan'],['Malayalam'],"['Amazon Prime Video', 'ManoramaMax', 'ManoramaMAX Amazon Channel', 'Amazon Prime Video with Ads']",4.2,4,0.1408,135,https://image.tmdb.org/t/p/w500/5B5d0DWRQHiTKG8L32lmSK1wIRp.jpg
1157985,Njaan Ippo Entha Cheyya?,2023-07-28,A tale of urban angst trapping two individuals during the pandemic lockdown that eventually leads to murder.,['Comedy'],[],"['Deepa Thomas', 'Abhimanyu Gautham', 'Shyam Mohan', 'Geetha Kailasam', 'Akshara Balaji']",['Vijay Menon'],"['Vijay Menon', 'Smrithi Amarendran']","['Malayalam', 'Tamil']",[],2.0,1,0.0619,110,https://image.tmdb.org/t/p/w500/zHEbkT4VtNQGK6cMKaPyViEDPRr.jpg
1517846,Oru Ronaldo Chithram,2025-07-25,"Ronaldo aspires to become a filmmaker and win over the love of his life, so when he hears of a filmmaking contest, he prepares to finally achieve his dreams.",['Drama'],[],"['Ashwin Jose', 'Chaithania Prakash', 'Mitun M Das', 'Indrans', 'Althaf Salim']",['Rinoy Kalloor'],['Rinoy Kalloor'],['Malayalam'],"['Amazon Prime Video', 'Amazon Prime Video with Ads']",5.0,1,0.2261,161,https://image.tmdb.org/t/p/w500/b50Z9uN7bONSnXxQyASEND7NfCA.jpg
469146,Kaaliyan,2017-09-22,Kaaliyan is a Malayalam movie starring Tini Tom in prominent roles. It is an action drama directed by Jijo Pangode.,"['Drama', 'Action']",[],"['Tini Tom', 'Meghanathan', 'Grace Antony', 'Shivaji Guruvayoor', 'Balachandran Chullikkadu']",['Jijo Pancode'],['Shaji P Chelachuvad'],['Malayalam'],[],0.0,0,0.079,107,https://image.tmdb.org/t/p/w500/7dTYQkNecEPb8m91VJ9GgDXmFUB.jpg
1114218,Seven-Forty-Seven Leapfrogs,2023-04-20,Rapper Nerdyrengan decides to go to the mall with his friends but things go awry as they have other plans.,"['Comedy', 'Music']","['hip-hop', 'violent death', 'rap', 'blood']","['Sidharth Rengan', 'Aditya J. Revathi', 'Akhil Raj', 'Akshay Ravindran', 'Benjamin Zachariah']",['Cyril Abraham Dennis'],['Cyril Abraham Dennis'],"['English', 'Malayalam']",[],0.0,0,0.1007,14,https://image.tmdb.org/t/p/w500/gEa7JnsslZm3HbKjO1OrMkwkbVm.jpg
471451,The Black Jew,2017-08-18,"Aaron Eliyahu, a Jewish man, travels to a small village called Mala, Kerala in search of his Jewish heritage. On his journey, he befriends a Muslim man named Beerankunj. Unfortunately, Aaron meets with a fatal motor accident that lands him in a state of coma in a hermitage somewhere in North India. By the time he reaches Mala, he sees that his house has been converted into a post office and learns that his mother, Veronica, entrusted all her property with the panchayat before leaving for Israel. Unable to prove his own identity, Aaron is denied the rights to his own house. Since he is unable to provide any concrete evidence in the court of law, Aaron is thrown into the streets with only his true friend Beerankunj by his side. Karutha Joodhan reveals the unexpected happenings passing through the three generations of Aaron and Beerankunj.","['History', 'Drama']",['house'],"['Salim Kumar', 'Babu Annur', 'Usha', 'Shivaji Guruvayoor', 'Ramesh Pisharody']",['Salim Kumar'],['Salim Kumar'],"['Hebrew', 'Malayalam']",[],0.0,0,0.2098,120,https://image.tmdb.org/t/p/w500/hJ1llMj70NuRky2XdnWaqwHk7uj.jpg
1472793,Headmaster,2022-07-29,"A powerful story about underpaid teachers in 1950s Kerala leads Education Minister Joseph Mundassery to advocate for reform, sparking changes in teacher welfare despite initial legislative setbacks.",['Drama'],[],"['Babu Antony', 'Antony Thekkek', 'Manju Pillai', 'Shankar Ramakrishnan', 'Jagadish']",['Rajeev Nath'],"['Karur Neelakanta Pillai', 'Rajeev Nath', 'K. B. Venu']",['Malayalam'],[],4.0,1,0.147,94,https://image.tmdb.org/t/p/w500/oX7XMz6cnEJg0jU5D3UbJiRWn9u.jpg
1371518,Charam,2024-10-11,"Vishwasam, athale ellam.","['Drama', 'Crime']",[],"['Harish Uthaman', 'Jijoy Rajagopal', 'Dayyana Hameed']",['Rajith Kumar'],['Rajith Kumar'],['Malayalam'],[],2.0,1,0.0938,45,https://image.tmdb.org/t/p/w500/9htKPoFht08Y1pRMV4yddzOg93d.jpg
828590,St Mary'sile Kolapathakam,2015-06-26,The whole story revolves around a murder that takes place in St Mary's Hostel in Trivantrum.,"['Crime', 'Thriller']",[],"['Sudheer Karamana', 'Aparna Nair', 'Sreejith Vijay', 'Indrans']",['H N Shijoy'],[],['Malayalam'],[],0.0,0,0.1114,99,https://image.tmdb.org/t/p/w500/uCtEdjDMEb8MHHYxoVtGHhZ1y2I.jpg
1020757,The Parable Of Tommy,2022-09-05,"Tommy, a devout catholic, is hired by a Priest to be his driver. Things take a turn on his first day when Tommy accidentally sneezes on the priest. The rest revolves around Tommy's tryst with his faith, guilt and man's ever craving to suffer.","['Drama', 'Comedy']","['religious hypocrisy', 'religious conflict', 'absurdism', 'drama']","['Manoranjan', 'Pradeep Kumar', 'Benny', 'Manju']",['Vimal Jose Thachil'],['Vimal Jose Thachil'],"['English', 'Malayalam']",[],10.0,3,0.1147,35,https://image.tmdb.org/t/p/w500/hiaEQ1ulxLEh0mpyltNVMPAuamt.jpg
877643,Kaadakalam,2021-09-25,Kaadakalam movie speaks about the relation between a tribal boy and his father and the way he teaches his son to live in the forest and love the forest.,[],[],"['Satheesh K Kunnath', 'Master Davinchi']",[],[],[],[],0.0,0,0.1143,0,https://image.tmdb.org/t/p/w500/uLnYMDbVYgPd9Y8Cqb2MeWBIOkS.jpg
609413,Sachin,2019-07-19,"Sachin revolves around a boy who born on the auspicious day when cricketer Sachin Tendulkar hit century. After watching Sachin's performance, Viswanathan  got excited and named his son as Sachin.","['Romance', 'Drama']",[],"['Dhyan Sreenivasan', 'Anna Reshma Rajan', 'Aju Varghese', 'Hareesh Perumanna', 'Sarath Kumar']",['Santhosh Nair'],['S.L Puram Jayasurya'],['Malayalam'],[],4.3,3,0.0987,137,https://image.tmdb.org/t/p/w500/7xvYNsriEXOnELFH4gOyLWZjhNC.jpg
531718,2 Days,2018-05-18,"Hailing from different parts of the state, four girls, who became friends through social media, get together at Kovalam to meet for the very first time. However, to their shock, all of their baggage and cash disappears mysteriously. Will they be able to make the most of this vacation?","['Action', 'Thriller']",['single take'],"['Samuthirakani', 'Riyaz Khan', 'Sunil Sukhada', 'Anil Murali']",['Nizar'],[],['Malayalam'],[],5.0,1,0.1093,120,https://image.tmdb.org/t/p/w500/yeKdzbsZZsxDebU8IikiPgdX4NE.jpg
465143,God Say,2017-01-07,"The film which is set in the background of early nineties of Kozhikode portrays the life of Harischandran (Vinay Forrt), an anarchist and a drunkard, who is an employee at the Aakashvani radio station. His life changes totally when he starts anchoring the programme named ""Gandhimargam"" and starts following Gandhism","['Drama', 'Comedy']",[],"['Vinay Forrt', 'Joy Mathew', 'Mythili', 'Mamukkoya', 'Indrans']","['Shyju Govind', 'Sherry Govindan']",[],['Malayalam'],[],0.0,0,0.1206,106,https://image.tmdb.org/t/p/w500/jVGTrxuM2ogJ4OZJDkgescbakgC.jpg
1030853,Lal Jose,2022-03-18,"Nandu a young chap wishes to be a director like the director, Lal Jose. The film depicts his journey to achieve his dreams","['Drama', 'Family']",[],"['Shariq Mohammed', 'Bhagath Manuel', 'Rizabawa', 'Vinod Kedamangalam', 'Devi Ajith']",['Kabeer Puzhambram'],"['Kabeer Puzhambram', 'Kabeer Puzhambram']",['Malayalam'],[],4.0,2,0.1445,119,https://image.tmdb.org/t/p/w500/nRpswIPr4mFYysaAB6zlNyHK1d5.jpg
1407009,Theatre,2025-01-31,"A cattle farmer who aspires to be a stage actor, Das works with a cosmopolitan theatre troupe headed by an ill-tempered, foul-mouthed director. When the director’s tantrums unearth buried resentments among the group’s members, the play they are rehearsing threatens to come apart.",['Drama'],[],"['Manibharathi', 'Hakkim Shajahan', 'David Salamon', 'L. Bhoominathan', 'Cécile Mouchel']",['Nishanth Kalidindi'],['Nishanth Kalidindi'],"['Malayalam', 'Tamil']",[],0.0,0,0.0972,93,https://image.tmdb.org/t/p/w500/9wg5bcCUO15VITXb8xbqYwlstca.jpg
1377415,The Looking Glass,2024-12-14,"“The Looking Glass” is a reflective journey through the eyes of Kaladharan, an aging filmmaker confronting his past. As he grapples with the consequences of altering his characters’ fates, particularly Sreeram’s, the film questions the nature of art and love.",['Drama'],[],"['K Kaladharan', 'Sreeram Mohan', 'Jwala Parameswar', 'Meera Nair', 'Krishnan Nair']","['Santosh Babusenan', 'Satish Babusenan']","['Satish Babusenan', 'Santosh Babusenan']",['Malayalam'],[],0.0,0,0.1821,121,https://image.tmdb.org/t/p/w500/8CjWqcvO7O9LN0aQOlqBRh2dtOW.jpg
532213,Dustbin,2018-06-01,Dustbin is a Malayalam movie starring Kulapulli Leela and Madhu in prominent roles. It is a drama directed by Madhu Thathampally.,['Drama'],[],"['Madhu', 'Sudheer Karamana', 'Kulappulli Leela']",['Madhu Thattampally'],[],['Malayalam'],[],0.0,0,0.0815,130,https://image.tmdb.org/t/p/w500/603t3QqvblSHA9VkyrI6jMgwnin.jpg
1377394,Girl Friends,2024-12-15,"Five female transgender friends in Kerala, Rosa, Janaki, Nandhana, Uma, and Benila, with different sexual orientations, upholds their identities, assert ownership of bodies, challenge societal, familial restrictions and expectations.","['Drama', 'Romance']",[],"['Ramya Valsala', 'Kannanunni', 'Anoop Mohandas', 'Rosa Felicia', 'Sethu Lakshmi III']",['Shobhana Padinjhattil'],['Shobhana Padinjhattil'],['Malayalam'],[],0.0,0,0.1099,104,https://image.tmdb.org/t/p/w500/kZ0mSUeLh6XyyBMLBQdxmbApReF.jpg
1541676,Police  Day,2025-06-20,A sudden death of DYSP leads to suicide at first sight and then it turns suspicious murder. Was the DYSP's death a sucide or a murder? The investigation officer Lal MOhan IPS gets into action that leads to more mystery.,['Thriller'],['police day'],"['Tini Tom', 'Nandhu', 'Ansiba Hassan', 'Dharmajan Bolgatty', 'Hareesh Perumanna']",['Santhosh Mohan Palodu'],['Manoj I G'],['Malayalam'],[],2.0,1,0.1033,106,https://image.tmdb.org/t/p/w500/w2eOIeoHDvRK5vJVnlpGzODut5G.jpg
1398750,Sea of Love,2025-07-18,"Ratheesh develops strong romantic feelings for his neighbour, Jumaila, but she ends up rejecting him. Things take a turn when Jumaila's sexuality is uncovered.",['Drama'],[],"['Dilsha Prasannan', 'Kottayam Ramesh', 'Meera Nair', 'Zeenath', 'Jibnu Chacko Jacob']",['Sai Krishna'],"['Devakrishnan', 'Sai Krishna']",['Malayalam'],[],0.0,1,0.092,92,https://image.tmdb.org/t/p/w500/v8rgamMxasTboYzzx4gdS0JSE2G.jpg
514691,Irupuram: Two Sides,2017-11-14,"Portraying two sides of life in our society through a day of a lonely old man,who lives with his nostalgia in a busy hedonist world around.","['Drama', 'Family']",[],['Krishnan Potti'],['P.V.Vippin'],['P.V.Vippin'],['Malayalam'],[],0.0,0,0.1093,10,https://image.tmdb.org/t/p/w500/6pKnUIcmr98eVVIbjcgLFB06hZ5.jpg
893570,Aaro,2024-05-09,,[],[],"['Joju George', 'Kichu Tellus', 'Anumol', 'Sudheer Karamana', 'Jayaraj Warrier']",['V K Kareem'],['V K Kareem'],['Malayalam'],[],5.3,6,0.1817,0,
1461958,Uttavar,2025-03-14,"Set in suburban Trivandrum, Kerala, Uttavar unveils a gripping narrative inspired by true events that challenge societal norms. Padma, from an esteemed Nair family, defies convention through her forbidden love for Chanthu, a tribal man.","['Romance', 'Drama']",[],"['Arun Narayanan', 'Athira Sudheer', 'Vishnu Vijayan Nair', 'Saji Sopanam', 'Dora Bai']",['Anil Dev'],['Anil Dev'],['Malayalam'],"['ManoramaMax', 'ManoramaMAX Amazon Channel']",3.0,1,0.1091,104,https://image.tmdb.org/t/p/w500/uBnwyKPwuWohS2hDadwHEp23ntk.jpg
772747,Thallumpidi,2020-01-03,Three college-going friends land into trouble when a simple issue that could have been reconciled in a peaceful manner ends up in a fight.,['Action'],[],"['Prajin Prathap', 'Devi Ajith', 'Fukru Krishnajeev', 'Kulappulli Leela', 'Sandhya Vijayan']",['Prajin Prathap'],"['Prajin Prathap', 'Prajin Prathap']",['Malayalam'],[],1.0,1,0.0945,128,https://image.tmdb.org/t/p/w500/iCSCo4Kw5qJ72anuumMnEop00XM.jpg
1200197,Anand Monalisa Waits for Death,2023-12-11,"Anand Gautaman, a vlogger, gives dating and lifestyle advice. But the dark times of today force him to address Death.",[],[],"['Sreeram Mohan', 'K Kaladharan', 'Krishnan Nair', 'Meera Nair', 'Anand Hareendran Nair']","['Santosh Babusenan', 'Satish Babusenan']","['Satish Babusenan', 'Santosh Babusenan']","['English', 'Malayalam']",[],0.0,0,0.0816,83,https://image.tmdb.org/t/p/w500/4HJBzImtsHaPFi4m20qBYNjcBSm.jpg
544866,Laughing Apartment Near Girinagar,2018-08-24,"The residents of an upscale apartment face the most horrible days of their lives when the water supply in the building is blocked on a hartal day. In addition to the external trouble, the residents are plagued by the turmoils in their personal lives ranging from infidelity, dysentery divorce and death.","['Comedy', 'Drama']",[],"['Ramesh Pisharody', 'Dharmajan Bolgatty', 'Anjana Appukuttan', 'Aswathi Menon', 'Geetha Vijayan']",['Nissar'],"['Nissar', 'P. Parappuram', 'P. Parappuram']",['Malayalam'],[],0.0,1,0.1666,133,https://image.tmdb.org/t/p/w500/ttAUxclCId5wt3Lxdq93n0aHJwc.jpg
1204686,CHEETTU,2022-09-10,"""Cheetu"" is a Malayalam drama thriller short film that revolves around the life of an ordinary youngster, living with his family. Little does he know, his life takes a dramatic turn when he encounters an enigmatic stranger, who he initially doesn't realize is a pivotal player in a much larger and mysterious game.","['Drama', 'Thriller']",[],"['Rahul Babyraj', 'Nithin Thomas', 'Sujith Mamachan', 'Sumin Mamachan', 'Mahesh MJ']",['Sarath Ashok'],['Sarath Ashok'],['Malayalam'],[],10.0,1,0.0953,34,https://image.tmdb.org/t/p/w500/xTymzG5DBK5vfS6Z1voWabrmo3C.jpg
870662,Abode,2019-05-11,A 70-year-old widowed woman on the verge of being sent to an old age home makes a decision that shocks her family.,['Drama'],[],"['Seema Biswas', 'Hareesh Peradi', 'Anil Nedumangad', 'Abhija Sivakala', 'Leela Panicker']",['Jaya Jose Raj'],['Jaya Jose Raj'],['Malayalam'],[],7.5,2,0.1414,83,https://image.tmdb.org/t/p/w500/m6f7kg3rvFUGWJw7xa45YZeR082.jpg
566375,Nervarennu Immani Cherinjoo.. Ttaa..,2018-11-30,Prakashan is missing after a pulikkali performance. The new SI in town investigating Prakashan's missing case.,"['Crime', 'Thriller']","['missing person', 'pulikkali']","['Sudhi Koppa', 'Kalabhavan Shajon', 'Noby Marcose', 'Anjana Appukuttan', 'Kalabhavan Haneef']",['Mani Madhav'],['Mani Madhav'],['Malayalam'],[],0.0,0,0.0903,126,https://image.tmdb.org/t/p/w500/qfx4B3PlLWd2gt93Ax8FoXnebV0.jpg
892621,Insomnia,2018-12-27,The protagonist is suffering from insomnia and the story revolves around his attempts to sleep.,['Drama'],['insomnia'],"['Aswin Krishna', 'Aswanth Ashtaman', 'Sreedev Suprakash', 'Jinu K George', 'Ken T Varghese']",['Sreedev Suprakash'],"['Sreedev Suprakash', 'B Jayashankar', 'Sreedev Suprakash']",['Malayalam'],[],0.0,0,0.1078,26,https://image.tmdb.org/t/p/w500/1flJkWSn1fYl3IMtjOGSBicJBbg.jpg
719444,Deira Diaries,2021-03-19,"It is the story about a man told through the viewpoints of various others. His name is YOSUF in the story. The man from Kerala, India lives in UAE for 30 years. He touches the lives of many through his simple words and actions.",['Drama'],[],"['Abu Valayamkulam', 'Shalu Rahim', 'Arfaz Iqbal', 'Benn Sebastian', 'Madhu Karuvath']",['Mushthaque Rahman Kariyaden'],['Mushthaque Rahman Kariyaden'],['Malayalam'],[],0.0,0,0.0944,128,https://image.tmdb.org/t/p/w500/gXuUaTcYuuNdYmF5r0q8nbQTVTY.jpg
824113,Thimiram,2020-01-19,"Sudhakaran, a seventy-year-old man moulded by a male centric society from his childhood is a male chauvinist by nature. He gets to face situations where the society and his family questions his attitude towards opposite sex.",['Drama'],[],"['K.K. Sudhakaran', 'Vishak Nair', 'Meera Nair', 'Rachana Narayanankutty', 'Asha Nair']",['Sivaram Mony'],['Sivaram Mony'],['Malayalam'],[],6.3,3,0.1842,107,https://image.tmdb.org/t/p/w500/dNdjakDm0em5CGVGjnzQIRCK0Tv.jpg
507045,Bonsai,2018-02-23,,['Drama'],[],"['Manoj K Jayan', 'Lenaa', 'Santhosh Keezhattoor', 'Sunil Sukhada', 'Rajesh Sharma']",['Santhosh Peringeth'],['Santhosh Peringeth'],['Malayalam'],[],0.0,0,0.1176,102,https://image.tmdb.org/t/p/w500/cf0oAHzk5wkf1GRcLiwF626CTu8.jpg
855368,Paka,2022-07-06,"This Romeo and Juliet–esque vengeance tale is set deep in the forests of Kerala, where the river is witness to a violent, generations-old feud.","['Mystery', 'Crime']",[],"['Nithin George', 'Jose Kizhakkan', 'Vinitha Koshy', 'Joseph Manickal', 'Bipin Basil Paulose']",['Nithin Lukose'],['Nithin Lukose'],['Malayalam'],['Sony Liv'],6.5,4,0.151,101,https://image.tmdb.org/t/p/w500/zmvYe43akQBO4m8pQMcf4AUaBvQ.jpg
866003,Alice in Panchalinadu,2021-08-26,"The movie revolves around the life of Alice, a resident of Delhi, after she visits her ancestral home in Pachalinadu, an infamous village in Idukki known as the hub for robberies.",[],[],"['Ajay Mathew', 'Kamya Ahlawat', 'Shilpa Ajay', 'Anil Murali', 'K. T. S. Padannayil']",['Sudhin Vamattam'],['Arun V Sajeev'],[],[],4.0,1,0.0943,105,https://image.tmdb.org/t/p/w500/jvuzicK9n6B5xiTDNewsE9yVOp5.jpg
1352288,Bhagavan Dasante Ramrajyam,2023-07-21,A misperception that developed among Vannathikkavu locals over a young man who portrays Lord Srirama in a ballet drama that was performed at the temple festival.,['Drama'],[],"['Akshay Radhakrishnan', 'Prasant Murali', 'Sreejith Ravi', 'T G Ravi', 'Irshad']",['Rasheed Parambil'],['Febin Sidharth'],['Malayalam'],"['ManoramaMax', 'ManoramaMAX Amazon Channel']",4.5,2,0.0714,124,https://image.tmdb.org/t/p/w500/j0E4oIRaJb3NnYNFDu0Br1LbJiT.jpg
1499582,Jangar,2025-07-03,A man arrives on an island to escape a troubled past and battles a vengeful antagonist who follows him there.,"['Action', 'Thriller']",[],"['Sarath Kumar', 'Shabareesh Varma', 'Shweta Menon', 'Sudheer Karamana', 'Geethi Sangeetha']",['Manoj Yadav'],['Manoj Yadav'],['Malayalam'],[],0.0,0,0.1037,108,https://image.tmdb.org/t/p/w500/4biQe6tZx9TaXV6YNC8YT21NGqZ.jpg
1007082,Route Map,2022-12-25,The story is based on the events that took place in a flat during Covid-19.,"['Comedy', 'Thriller']",[],"['Sunil Sukhada', 'Shaju Sreedhar']",['Sooraj Sukumar Nair'],[],[],[],0.0,0,0.1324,0,https://image.tmdb.org/t/p/w500/fSKyZ2GxWjQJBR479r3PHmIWNZX.jpg
1162721,Article 21,2023-07-28,It talks about the necessity of upholding the basic rights of the underprivileged and the marginalized section within our society and how education could make a difference in the lives of those living on the streets.,['Drama'],[],"['Lenaa', 'Joju George', 'Aju Varghese', 'Leswin Ullas']",['Lenin Balakrishnan'],['Lenin Balakrishnan'],['Malayalam'],[],0.0,0,0.0855,140,https://image.tmdb.org/t/p/w500/onRjxHcTtAVLRyd7sIN1FKkYfwG.jpg
1068829,B For Apple A For Darwin,2022-12-30,"Literacy refers to the ability to read, write, and use language effectively. It is an important skill that enables people to communicate, learn, and participate fully in their communities.","['Drama', 'Comedy']","['apple', 'darwin, australia']","['Rajith Kumar', 'Prem Kumar', 'Amrita Mohan', 'Febin Fahan', 'Shibu Chirayinkeezhu']",['Shafi SS Hussain'],['Shafi SS Hussain'],['Malayalam'],[],9.0,1,0.1553,135,https://image.tmdb.org/t/p/w500/aMMHqvAWCyfR9y4jbuiegWnXRs9.jpg
1239264,Mrudhu Bhave Dhruda Kruthye,2024-02-02,"Shankar Das, with the help of his friends, escapes from his hometown in Kerala to Mumbai seeking refuge from false persecution in a criminal case. After 16 years, he returns back to solve the issues of drinking water shortage and to unveil the truth of his past.","['Thriller', 'Drama']",[],"['Sooraj Sun', 'Suresh Krishna', 'Dinesh Panicker', 'Sravana TN', 'Anil Anto']",['Shajoon Kariyal'],['Dr Vijayasankar Menon'],['Malayalam'],[],0.0,1,0.0816,146,https://image.tmdb.org/t/p/w500/6Z1oYQl2laKZ34456tmALfEiJlT.jpg
829008,Midnight Run,2018-07-21,"A Young boy escapes from a scrap yard on a festive night and reaches a road. To achieve his goal, he is compelled to hitch a ride with a trucker who seems to be headed in the same direction as him. Despite his attempts to strike a friendship with the driver, he fails, and his questions create an uncomfortable ambiance in the truck.. Slowly, a frightening danger starts to loom over the boy and there seems to be no escape possible.",['Thriller'],[],"['Dileesh Pothan', 'Chethan Jayalal']",['Remya Raj'],"['Remya Raj', 'B T Anil Kumar']",['Malayalam'],[],0.0,0,0.089,15,https://image.tmdb.org/t/p/w500/jViyHSJCThgbzzVMpKN1WsRA61c.jpg
1086629,Cloud Nine,2019-06-20,"A pet cat of child gone missing, a person comes to help and search the cat in the deserted forest area. His mystical experience in the journey is the essence of the short film.","['Drama', 'Thriller']",[],"['Sunil Anatappan', 'Ani Aravind', 'Sonia Giri']",['Rajesh Nanoo'],['Sha Thachilam'],['Malayalam'],[],0.0,0,0.1263,20,https://image.tmdb.org/t/p/w500/vADOoEnOroif3Cym3iORY2hZgCp.jpg
595721,Death of Insane,2019-01-25,"Unmadi’s dreams cause disturbances in society as his fellow citizens also start watching them. Authorities insist that he censor his dreams, but when he refuses, they ban him from dreaming.","['Fantasy', 'Drama']",[],"['Suni R S', 'Rajshri Deshpande', 'Ambi Neenasam', 'Ratheesh Sundar', 'Murali Gopy']",['Sanal Kumar Sasidharan'],['Sanal Kumar Sasidharan'],['Malayalam'],[],4.0,1,0.1069,83,https://image.tmdb.org/t/p/w500/lBODOW1o2QIlDlu73MNBfcYXciX.jpg
456691,Out of Range,2016-02-19,"Jerin (Ajayaghosh), at crossroads with his stagnant love life; Subru Vishnu Unnikrishnan), fed up with his mom's argumentative nature; Sanjay (Sumith Samudra), all against his reckless job schedule; Aashiq (Askar Ali), annoyed with unending family obligations - are four friends with instability in their lives. On one decisive night, the four friends take an unusual oath, to quit using their mobile phones forever. From the next daybreak, the world around them turns upside down. Sacking, break-up, and resentment follows. After the initial chaos, they seem to enjoy the peace, ease, and all the joys. However, this is just the beginning of another story. A steely resolve for more adventure, more determination, more drama, and more blows. Will they live to tell the tale?","['Drama', 'Comedy']","['oath', 'friends', 'break-up', 'phone']","['Askar Ali', 'Swathy', 'Vishnu Unnikrishnan', 'Anjali Aneesh Upasana', 'Sumith Samudra']",['Johnson V. Devassy'],['Johnson V. Devassy'],['Malayalam'],[],0.0,0,0.1327,134,https://image.tmdb.org/t/p/w500/omu5SbOuynk8sDwFRYZdJQkmIgw.jpg
534773,Police Junior,2018-06-22,,"['Action', 'Thriller']",[],"['Shanavas Shanu', 'Narain', 'Sunil Sukhada', 'Kanakalatha']",['Suresh Shankar'],['Suresh Shankar'],['Malayalam'],[],0.0,0,0.0939,143,https://image.tmdb.org/t/p/w500/dP06Co2G71FArpwSxUy3m1BEoO5.jpg
528764,Premanjali,2018-06-01,"Hari is in love with Mythili, who belongs to a rich and aristocratic family on who Hari's family depends. The lovers, however, are determined to let nothing come between them.",['Drama'],[],"['Shweta Menon', 'Devan', 'Ambika Mohan', 'Anoop Chandran', 'Mohan Sharma']",['Suresh Narayanan'],[],['Malayalam'],[],0.0,0,0.1933,122,https://image.tmdb.org/t/p/w500/xeSjL7DU5RtHVQi5oVN0GLghbxw.jpg
507058,Moonnam Niyamam,2018-02-23,Investigation thriller revolves around a murder mystery which happened in a resort.,"['Horror', 'Thriller', 'Crime']",[],"['Riyaz Khan', 'Sanoop Soman', 'Selin Sooraj', 'Varun Kumar']",[],[],['Malayalam'],[],0.0,0,0.087,105,https://image.tmdb.org/t/p/w500/fMQaX5pxtDiDA2giqpeKrWkbiKJ.jpg
760942,Aquarium,2022-04-09,"A Convent in a scenic high range.A rugged mother superior of the convent.The inmates,Sister Elsitta and Sister Jaseentha, perceive Jesus Christ in two ideological extremes.The abrasion of fantasy and reality augments the contention between them.The clergy are the only male intervention in their life.",['Drama'],[],"['Sunny Wayne', 'Honey Rose', 'Rajshri Ponnappa', 'V. K. Prakash', 'Shari']",['Deepesh T'],"['Deepesh T', 'Belram Mattannoor', 'Deepesh T']",['Malayalam'],[],3.5,2,0.1478,94,https://image.tmdb.org/t/p/w500/uw280f8ni3csO34ztsxYe3jCwFX.jpg
1036146,Son of Alibaba Nalpathonnaman,2022-05-27,"Set in Kunnamkulam, a series of thefts takes place and the Police department is confused over the culprit and the mode of execution. Will they catch the real culprit?",['Thriller'],[],"['Rahul Madhav', 'Aliyar', 'Aniyappan', 'Bineesh Bastin', 'Shivaji Guruvayoor']",['Najeeb Ali'],['V V Vinayan'],['Malayalam'],[],1.0,1,0.0859,108,https://image.tmdb.org/t/p/w500/ec24VVpzOCPLX1xj1q9PFynPlU0.jpg
1123361,"Alone, But Not Forever",2023-05-08,"Yamin and his struggles with loneliness and isolation. His little brother, Dhamin, helps him to find some solace through their shared love of drawing. However, Yamin still feels the need to leave and find his own way in the end. It's a touching story about the power of connection and creativity.",['Drama'],"['alone', 'loneliness', 'psychological melodrama', 'short film', 'sad']","['Yamin Faizal', 'Dhamin Faizal', 'Hafiz']",['Ibrahim'],[],['Malayalam'],[],0.0,0,0.0657,2,https://image.tmdb.org/t/p/w500/lc7grxhp3eUa4wNzoVWKrThThmr.jpg
1035033,Baakki Vannavar,2022-12-13,"A food delivery boy in Kerala, a representative of today's youth, strives for a better life. But he realises that nothing can be done beyond the limits of the system, and it begins to slowly affect his and his friends' existence.",['Drama'],[],"['Salmaanul Faris', 'Anekh Bosz', 'Lejeesh', 'Faeez']",['Amal Prasi'],"['Amal Prasi', 'Salmaanul Faris']",['Malayalam'],[],5.0,2,0.1211,87,https://image.tmdb.org/t/p/w500/2FfJOL9Y6VuR4SBLzgMChxyhjyR.jpg
1001250,e Valayam,2025-06-13,,[],[],"['Nandhu', 'Renji Panicker', 'Ashly Usha', 'Muthumani Somasundaran', 'Vinod Thomas']",['Revathy S Varmha'],['Sreejith Mohandas'],['Malayalam'],[],0.0,0,0.0878,0,https://image.tmdb.org/t/p/w500/vyidrz9HuNOLm5XrBaS787zu5un.jpg
785137,Confessions of a Cuckoo,2021-01-08,Sherin is pursuing a journey through the lives of many children who went through brutal abuses in past. She meets with many stories for her documentary including the story of Naseema and Anna which makes U-Turn to Sherin's past.,['Drama'],[],"['Durga Krishna', 'Arjun Nandhakumar', 'Abhija Sivakala', 'Prarthana Sandeep', 'Arjun Ravindran']",['Jay Jithin Prakash'],"['Jay Jithin Prakash', 'Dinesh Neelakandan', 'Dinesh Neelakandan']",['Malayalam'],[],4.8,3,0.1672,97,https://image.tmdb.org/t/p/w500/ggbAsRlDVJRfBLJzLtR4sZFI3B8.jpg
606171,Muttayikkallanum Mammaliyum,2019-03-15,,[],[],"['Aakash Santhosh', 'Dharmajan Bolgatty', 'Kailash', 'Rajeev Pillai', 'Mamukkoya']",['Ambujakshan Nambiar'],['Lekha Ambujakshan'],['Malayalam'],[],0.0,0,0.0886,122,https://image.tmdb.org/t/p/w500/4PYU6q7kV3nhbIWMOElfIm4qX7D.jpg
727640,Vattamesha Sammelanam,2019-10-25,An anthology of six stories describing the lives of people around a producer trying to declare bankruptcy by making a flop movie.,['Comedy'],[],"['Sasi Kalinga', 'Major Ravi', 'Jis Joy', 'Amarendran Baiju', 'Adhish Praveen']","['Vipin Atley', 'A.C. Vijeesh', 'Sagar Ayyappan', 'Noufas Noushad', 'Saju Navodaya']","['A.C. Vijeesh', 'Vipin Atley', 'Saju Navodaya', 'Vipin Atley']",['Malayalam'],[],3.0,1,0.0922,132,https://image.tmdb.org/t/p/w500/pH5PLFcXTbzZsRBM2v9DLDXS30y.jpg
1297144,Murivu,2024-06-14,,['Action'],[],"['Ajai Vasudev', 'Sharook Shemeer', 'Riyad Mohammed', 'Bhagat Venugopal', 'Sona Philip']",['K. Shemeer'],['K. Shemeer'],['Malayalam'],[],0.0,0,0.0924,0,https://image.tmdb.org/t/p/w500/tCh3kFK2BJGppICouxyJ0asdrfr.jpg
1651970,Ottayan,2023-10-13,"A young woman secretly marries her estranged cousin, and their love begins to heal a fractured family's painful past.",['Drama'],[],"['Thalhath Babs', 'Geethika Gireesh', 'Devan', 'Neena Kurup', 'Nirmal Palazhi']",['Rejin Naravoor'],"['Mareechan', 'Shimsi Vineesh']",['Malayalam'],"['Eros Now Select Apple TV Channel', 'ManoramaMAX Amazon Channel']",2.0,1,0.0842,143,https://image.tmdb.org/t/p/w500/32xuxFW3C7J0HXo8Ss1mjbqprd7.jpg
1315939,Dust Art Redrawn in Respiration,2024-12-15,"Maayunnu, Maarivarayunnu, Nisvaasangalil... or ""Dust Art Redrawn in Respiration"" is about s documentary crew arriving to document the life of two couples. In their conversations the couples tries to trivilize the man's 'concerns' and express their views on social life, individual freedom, borderlines in relations, power in relations etc. among other things. As the interaction progresses, a controlling voice, and then a commanding presence which determine how they should be presented and heard are revealed.",['Drama'],[],"['Pradeep Kumar', 'Surya S', 'Gautami Kaur', 'Kenshin', 'Aromal S']",['Abhilash Babu'],['Abhilash Babu'],"['English', 'Malayalam']",[],0.0,0,0.1098,134,https://image.tmdb.org/t/p/w500/4bMMYiiF97BuNqBbTGN9JbVqSho.jpg
468670,Pakal Pole,2017-07-28,"Pakal Pole is a movie which deals with terrorism and how it's become an issue which needs immediate attention globally. It gives a great message to people on how to deal with this evil, even while stuck in a difficult situation.",['Drama'],['terrorism'],"['Ajith Kollam', 'Riyaz Khan', 'Bindu Ramakrishnan', 'Jaffer Idukki', 'Kanakalatha']",['Ajith Kollam'],"['Ajith Kollam', 'Ajith Kollam']",['Malayalam'],[],0.0,0,0.1405,144,https://image.tmdb.org/t/p/w500/56reDTiygZ1DE8jJLl9U9Xqz2bF.jpg
1617043,All That We Inherit,2026-05-15,"After their mother’s death, estranged siblings Nina and Gagan return to their childhood home in North Goa. As routines resume and decisions loom, their opposing ways of grieving surface, forcing them to confront loss, belonging, and what it means to move on.",[],[],[],['Vinuja Ramachandran'],[],"['English', 'Hindi', 'Malayalam']",[],0.0,0,0.1131,30,https://image.tmdb.org/t/p/w500/uH4OhNNENr58lwPcVUmb3MyxLBr.jpg
1377397,In Search of the Light,2024-12-14,"Roshini reconnects with her estranged half-brother Nived after their mother's death. While Nived remembers a loving, present mother, Roshini struggles with memories of abandonment and alcoholism. As they confront their contrasting perceptions, Roshini seeks closure for the pain of a mother she barely knew. Through heartfelt conversations and a symbolic attempt to connect with their mother, the film explores grief, family, and the search for healing.",['Drama'],[],"['Pooja Sreenan', 'Nidhin Poppy', 'Noila Francy', 'Smitha Pisharody']",['Rinoshun K'],[],['Malayalam'],[],0.0,0,0.081,91,https://image.tmdb.org/t/p/w500/cChTPJCmXkfl79jDNs5GwTbx3Hp.jpg
430884,Manhole,2016-12-11,"A movie on the modern victims of manual scavenging, a social menace in India that has its roots in caste stratification.",['Drama'],['woman director'],"['Munshi Baiju', 'T S Saji', 'Shylaja J', 'Sunnykutty Abraham', 'Renu Soundar']",['Vidhu Vincent'],['Umesh Omanakuttan'],['Malayalam'],[],7.0,1,0.134,86,https://image.tmdb.org/t/p/w500/3PyQ8b4Hdwyl6wJHGLnY9xaM4Di.jpg
1207141,Sheltering Skies,2023-11-24,"Exploration of the ordinary lives led by women of different classes—a college professor, an unmarried woman, and a seasoned drama artist. They unveil the societal intricacies woven into their social backgrounds, with typical evening talks besides them. Gripping tales of yore immersed in the metaphorical embrace of their surroundings, their familial shelters are emblematic of resilience and protection, where profound truths lie hidden within the depths of the commonplace.",['Documentary'],"['social documentary', 'social & cultural documentary', 'poetic documentary', 'documentary', 'poetic']","['Rajeswari Lakshmi Sadanam', 'Girija Teacher', 'Rosy', 'Ammini Koramboor', 'Padmini Madampilly']",['Jayakrishnan M S'],['Jayakrishnan M S'],['Malayalam'],[],0.0,0,0.1001,74,https://image.tmdb.org/t/p/w500/zUOD1rVVmTpdmGJw8gfyziVHeZk.jpg
1373443,OH GOD !,2025-01-20,An insurance claim adjuster's life turns upside down when god pays him a visit,"['Comedy', 'Drama', 'Fantasy']","['social satire', 'divine comedy']","['Sudheesh Scaria', 'Dijo Augustine', 'Vishnu Rajan', 'Sajai Sebastian', 'Dennisha David']",['Vishnu Rajan'],['Vishnu Rajan'],"['English', 'Malayalam']",[],0.0,0,0.0574,29,https://image.tmdb.org/t/p/w500/kN0SflfVPOoHvzGAGkmXMgpNi96.jpg
1578873,Stolen Skies,2025-12-14,"Arun, a transgender man in his twenties, is trapped in an abusive relationship with his boyfriend, Madhu. Estranged from his family, Arun struggles to navigate a society that refuses to accept him. Fear and isolation keep him from living openly, but his friendship with Padma, a lesbian colleague at the textile shop, becomes a quiet source of strength. As their bond deepens, Padma’s unwavering support helps Arun find the courage to embrace his truth and reclaim his place in the world.",[],[],[],['Sreekumar K'],['Sreekumar K'],['Malayalam'],[],0.0,0,0.0754,98,https://image.tmdb.org/t/p/w500/3VsOQ4oZL1rWg1h7hwxJN1NdnHI.jpg
1181896,Oruvattam Koodi,2023-09-22,"Erstwhile lovers have a chance meeting two decades later and they stay together a few days exploring the emotions hitherto not shared, the man proves to be the ideal friend to the lady in distress.","['Romance', 'Drama']",[],"['Divya Devdas', 'Amala Rose Dominic', 'Sibi Thomas', 'Srikant Murali', 'Manoj Nandam']",['Sabu James'],"['Sabu James', 'Paul Vargheese']",['Malayalam'],[],0.0,0,0.1208,134,https://image.tmdb.org/t/p/w500/p3YaZNaKgPjB3J3KN4UsXYCqCOx.jpg
1252510,Andru the Man,2024-05-31,"Andruman lives in a colony of orphans, transgender, people and the poor. Small jobs keep him alive and afloat. Helping people and other living things around Andru moved on. An act of innocence on Andru's part disturbs the peace of the place when divisive forces in the society manipulates the situation.",['Drama'],[],"['Harisree Ashokan', 'Anumol', 'Manoj K U', 'Babu Annur', 'Renji Kankol']",['Sivakumar Kankal'],['Sivakumar Kankal'],['Malayalam'],[],3.0,1,0.13,92,https://image.tmdb.org/t/p/w500/L2at0R9u97lPTtccjvua0SZqZB.jpg
1219581,Kiss Wagon,2024-01-25,"In the realm of Mountland, Ms. Isla maintains control through a labyrinthine parcel service system. It’s the only form of order in this chaotic world. As the Atqaba religious festival nears, Ms. Isla is entrusted with the delivery of an unconventional package from an important figure, and its destination is anything but usual. It’s a mission even she feels unsettled by, but her reputation is everything, so she sets off on the perilous journey.",['Animation'],[],"['Reshma Ramachandran', 'Jicky Paul']",['Midhun Murali'],['Midhun Murali'],"['Malayalam', 'English']",[],0.0,0,0.0811,173,https://image.tmdb.org/t/p/w500/fDJrPiQwYPbUH9Rq34lFTOSdxuB.jpg
1127393,In the Name of Love!,2022-01-01,"As per a recent report, thousands of girls from Kerala and Mangalore from Hindu and Christian communities have been converted to Islam, most of them ending in Syria, Afghanistan and other ISIS and Taliban influenced areas. There is hardly any visible action being taken being taken on this. No specific data available. Police and administration are muffled. Government is in denial mode. As a result, rampant religious conversion through a deep-rooted indoctrination network has taken over Kerala like fire in hay.","['Crime', 'Documentary']",[],[],['Sudipto Sen'],"['Sudipto Sen', 'Sudipto Sen', 'Ambika Jk']","['English', 'Malayalam']",[],0.0,0,0.0839,52,https://image.tmdb.org/t/p/w500/xDtFQxLw89hYksTPzZMWzv1Ypih.jpg
894847,Udumbu,2021-12-10,"Simittu Ani, who is married to Hima, works for Bharathan, a notorious man who is involved in anti-social activities. Ani's life takes a dramatic turn when he is held guilty of murder.","['Action', 'Drama']",[],"['Senthil Krishna Rajamani', 'Alencier Ley Lopez', 'Hareesh Peradi', 'Manuraj', 'Paul Thadikkaran']",['Kannan Thamarakkulam'],"['Sreejith Sasidharan', 'Aneesh Sahadevan']",['Malayalam'],"['Sun Nxt', 'VI movies and tv']",6.0,2,0.1261,106,https://image.tmdb.org/t/p/w500/djeofABsuGo2KzOfJ2BYrF8BKUs.jpg
1609529,Poovu,2024-01-20,"Travelling with four women who influenced him most in life - mother, wife, daughter and the first lover is fifty year old Jeevan. And time and seasons and places entwine hands with Jeevan on this journey. Just as he had desired.",['Drama'],[],"['Manjulan', 'K.P.A.C Leela', 'Shanthi Rao', 'Meenakshi Anoop', 'Sruthi Vipin']","['Anish Babu Abbas', 'Binoy George']","['Anish Babu Abbas', 'Johnson V. Devassy', 'Johnson V. Devassy', 'Anish Babu Abbas']",['Malayalam'],[],5.0,1,0.0869,81,https://image.tmdb.org/t/p/w500/a9fOfuoKSgSBFbUxBfPSug4reYZ.jpg
1219453,Adiyantharavasthakalathe Anuragam,2023-12-22,"A love story based in a hamlet, during the time of the Emergency.","['Drama', 'Thriller', 'Romance']",[],"['Gopika Girish', 'Nihal Ahmed']",['Alleppey Ashraf'],['Titus Attingal'],['Malayalam'],[],0.0,0,0.0777,0,https://image.tmdb.org/t/p/w500/q8LcMqlXveYAXJKUCymSfOuAbD4.jpg
415110,Chennai Koottam,2016-03-04,Chennai Koottam Five friends attempt to go into business together. Hilarity ensues.,"['Horror', 'Comedy']",[],"['Sreejith Vijay', 'Sunil Sukhada', 'Zinil Zainuddin', 'Leema Babu', 'Neena Kurup']",['Lohith Madhav'],[],['Malayalam'],[],0.0,0,0.2054,108,https://image.tmdb.org/t/p/w500/zzaJpoEhqfdGETRmIT1Dw1wDcbN.jpg
1077358,Sashiyum Sakunthalayum,2023-07-28,"Rivarly between two paralal colleges in the inner village, blossoming romances between the college teachers and a family rivalry.","['Comedy', 'Drama']",[],"['Shaheen Siddique', 'Neha Salam', 'R. S. Vimal', 'Siddique', 'Rasna Pavithran']",['Bichal Muhammed'],['R. S. Vimal'],['Malayalam'],[],2.0,1,0.1149,135,https://image.tmdb.org/t/p/w500/cHRitjn1hJgz00jOkF7PRGkn9kY.jpg
411872,Mashithandu,2015-01-30,,['Drama'],[],"['Seema G Nair', 'Murukan Kattakkada', 'Balachandran Chullikkadu', 'Dr MK Muneer']",['Anish Urumbil'],['Anish Urumbil'],['Malayalam'],[],0.0,0,0.1037,0,
1151223,Nerchappetty,2023-07-28,A Love Story Between a Nun and a Village Boy and Its Consequenses on the Community,[],[],"['Athul Suresh', 'Naira Nihar']",['Babu John Kockavayal'],['Babu John Kockavayal'],['Malayalam'],[],0.0,0,0.0725,0,https://image.tmdb.org/t/p/w500/uJ0GztaOXHDoMYNJYbR1r57eHDz.jpg
1607926,Ima Chimmathe,2026-02-13,Dreams Dreams Dreams...  Are they real?,"['Mystery', 'Thriller']","['psychological thriller', 'bad dream', 'dreamscape', 'dream realm', 'psychological horror', 'lynchian']","['Athira', 'Mohammed Akbar Sha', 'Ebin Varghese', 'Kripa Karthikeyan', 'Krishnendu']",['Sree Nandan Chengannur'],"['Sree Nandan Chengannur', 'Sree Nandan Chengannur']",['Malayalam'],[],0.0,0,0.0585,0,https://image.tmdb.org/t/p/w500/ov3TJqJlIsHrzBKTrdE5flasfeW.jpg
1002079,Vivaha Avahanam,2022-11-18,"Young lovers commit suicide when their parents don’t agree to their marriage. But when the families face big troubles since the tragedy, to change their circumstances, Based on an astrologer's advice, they resort to desperate measure of  marrying souls unhappy souls of both children, which takes more funny and serious turns.","['Comedy', 'Drama', 'Romance']",[],"['Niranjan', 'Aju Varghese', 'Sudhi Koppa', 'Santhosh Keezhattoor', 'Sabumon Abdusamad']",['Sajan Alummoottil'],"['Nitaarah Nadhine', 'Nitaarah Nadhine']",['Malayalam'],['Hungama Play'],2.0,1,0.117,128,https://image.tmdb.org/t/p/w500/t6Gqzgwui7aM8bDs2hiVhbl3Z8L.jpg
1171413,Oppees Chollan Varatte,2022-09-29,,[],[],"['Deepa Thomas', 'Unni Lalu', 'Zhinz Shan', 'Jordi Poonjar', 'Adarsh Sukumaran']",['Sooraj K R'],['Sooraj K R'],['Malayalam'],[],0.0,0,0.0695,37,https://image.tmdb.org/t/p/w500/oIchz2mLwcwI8FDBKmLFGxWe4s1.jpg
893698,No Man's Land,2021-11-19,"Working as a housekeeper and escort, Sumitra finds solace in alcohol. One day, a duo rents a room in the resort she works at, cold-blooded murder is committed. Considering it a mistake, she puts it behind her and lives peacefully till a police officer, Ahmed, arrives to investigate the missing duo.","['Drama', 'Crime']",[],"['Lukman Avaran', 'Sudhi Koppa', 'Sreeja Das', 'Anu Krishna', 'Shafeek Karim']",['Jishnu Harindra Varma'],['Jishnu Harindra Varma'],['Malayalam'],[],6.5,2,0.1607,114,https://image.tmdb.org/t/p/w500/srRnPI43ZJgvvlgtuEsoei7CUxo.jpg
1454623,Gi,2017-01-01,"Gi lives with Appachan, her grandfather. She and he are dealing with different realities. Appachan is losing some memories and delving into worlds Gi is unfamiliar with. She on the other hand is trying to come to terms with the world around her, her lover and her work which all seem hostile to her.",['Drama'],[],"['Kani Kusruti', 'Soumya Patitundi', 'Khalid', 'Gayatri Balusha']",['Kunjila Mascillamani'],['Kunjila Mascillamani'],[],[],0.0,0,0.1269,31,https://image.tmdb.org/t/p/w500/sMta6xl8tszJ10qmzy4Aosfjplo.jpg
1184807,Ettu,2023-09-29,"The death of two close friends and the police investigation into it. Just when the police fairly solves this case, a voice message of a girl arrives and leads the story to another level.","['Thriller', 'Crime']",[],"['Irfan Imam', 'Aneesha Ummer', 'Guinnes Vinod', 'Lakshmi Devan']",['Roshin A. Rahman'],['Roshin A. Rahman'],"['English', 'Malayalam']",[],7.0,1,0.0814,75,https://image.tmdb.org/t/p/w500/6nDbbdmkAI8QF92EaEW7levrxgc.jpg
563694,Theekuchiyum Panithulliyum,2018-07-27,"A cop, who is on leave, is asked to re-open an old case that deals with the death of a young boy and girl. As his probe hits a brick wall, he reads his wife’s short story that curiously resembles the lives of those he has been investigating.","['Crime', 'Thriller']",[],"['Krishna Kumar', 'Kani Kusruti', 'Bineesh Bastin', 'Rajesh Sharma', 'Neena Kurup']",['Mithran Naufaldeen'],['Mithran Naufaldeen'],['Malayalam'],[],0.0,0,0.0957,118,https://image.tmdb.org/t/p/w500/mE9GzuoFrTLXaj6RoElI7Kp3Q7F.jpg
1525824,Mehfil,2025-08-08,"Based on the life of Mullassery Raju, the story unfolds over a single night of music, exploring love, relationships, and the resilience of a man who hides his pain to bring joy and unity to those around him.","['Music', 'Drama']",[],"['Mukesh', 'Asha Sarath', 'Unni Mukundan', 'Manoj K Jayan', 'Renji Panicker']",['Jayaraj'],['Jayaraj'],['Malayalam'],"['ManoramaMax', 'ManoramaMAX Amazon Channel']",2.0,1,0.0806,92,https://image.tmdb.org/t/p/w500/t6kfxD6hXFzI1DdPmiCTRbrozQH.jpg
1150345,Madhuram Ee Jeevitham,2022-12-09,,['Drama'],[],"['Prakash Bare', 'Gayathri Krishna']",['Anil Philip'],[],['Malayalam'],[],0.0,0,0.0979,0,
1637636,The Last Reel,2026-02-14,"Vinu and Thommen, often run into trouble at school. One day, things slip out of hand and they both get tangled in a mess.",['Romance'],[],"['Dilan', 'Abhiram', 'Avni']",['Vijay Mathew Joseph'],['Vijay Mathew Joseph'],['Malayalam'],[],0.0,0,0.1174,44,https://image.tmdb.org/t/p/w500/8GnyyoFXUd3QloM1SdHj6qed2nJ.jpg
319154,CR NO: 89,2015-06-05,"Two men on a mission find themselves in the middle of nowhere when their jeep breaks down inside a forest. They manage to bring a mechanic, but he refuses to repair when he smells something fishy.","['Crime', 'Thriller']","['jeep', 'mechanic']","['Asok kumar', 'Pradeep Kumar', 'Santhosh Babu', 'Achuthanandan', 'Saradhi']",['Sudevan'],['Sudevan'],['Malayalam'],[],5.7,3,0.1585,79,https://image.tmdb.org/t/p/w500/tqVbuxtEczngtncnvajRvAWE4M9.jpg
1181514,Sofi,2023-01-06,"A love story between a young man, Jo and an older woman, Sofi. The film highlights the fact that love knows no limits and can be just as passionate and intense regardless of the age difference.",[],[],"['Swathi', 'Dipin', 'Danuja', 'Badari', 'Harisree Martin']",['Joby Vayalaunkal'],"['Olla Prakash', 'Joby Vayalaunkal']",[],[],0.0,0,0.0655,140,https://image.tmdb.org/t/p/w500/5znUYsMrvQq9LXGomxbwdsnevVZ.jpg
1257072,Whisper of the Lost,2024-03-09,"In Kochi, Kerala, a Japanese assassin Koji  is on the run after a failed job uncovers secrets from his past. Pursued by local thugs and a hitman from his own organization, Koji  must confront his identity and seek the truth while evading capture in a dangerous game of cat and mouse.",['Action'],[],"['Orson Mochizuki', 'Arjun Kalari', 'Krishnadas Murali']",['Ramesh Menon'],['Ramesh Menon'],"['Japanese', 'Malayalam']",[],0.0,1,0.0754,16,https://image.tmdb.org/t/p/w500/3HDds2LlEBpN47NPzpPmD23W41N.jpg
917225,Utopia,2022-02-05,"In Thomas Moore's 'Utopia', people do not have a permanent place of residence. Every 12 years, everyone exchanges their home with each other. Homes do not even have doors or windows at all. This short cinema is inspired from this concept.","['Fantasy', 'Drama']","['utopia', 'vagabonds parallel culture']",['Akhil Bhadran'],['Sruthil Mathew'],['Sruthil Mathew'],['Malayalam'],[],0.0,0,0.0784,17,https://image.tmdb.org/t/p/w500/90eyhTCi78AhjpBIWPeGiL23Bf6.jpg
1256941,Agathokakological,2024-03-08,"Nisha gets frequent blackmail calls from a Pvt number and she ignores it. Initially, it looks like a blackmail attempt, but things take a different turn as Nisha gets into trouble regularly. SI Ajith, has to figure out who's behind this.","['Thriller', 'Crime']",[],"['Leona Lishoy', 'Prasant Murali', 'Maqbool Salmaan']",['C D Venkitesh'],[],"['English', 'Malayalam']","['ManoramaMax', 'ManoramaMAX Amazon Channel']",3.0,1,0.0924,112,https://image.tmdb.org/t/p/w500/f2lX9zzTlz8hKdtYoPfNRaCUlfO.jpg
1544945,Midnight in Mullankolli,2025-09-12,,['Thriller'],[],"['Akhil Marar', 'Navas Vallikkunnu', 'Jaffer Idukki', 'Joy Mathew', 'Kottayam Nazeer']",['Babu John Kockavayal'],['Babu John Kockavayal'],['Malayalam'],[],0.0,0,0.0749,126,https://image.tmdb.org/t/p/w500/jkKGu1YEnMXQiHk4Ptg5o19oDwL.jpg
1522089,Thayyal Machine,2025-08-01,Police Officer Shiva and his family move into a rented house where they encounter a sewing machine with supernatural powers.,['Horror'],[],"['Kichu Tellus', 'Gayathri Suresh', 'Sruthi Jayan', 'Rajeev Rajan', 'Rathish Pattimattom']",['C S Vinayan'],['Rakesh Krishnan G'],['Malayalam'],"['ManoramaMax', 'ManoramaMAX Amazon Channel']",3.0,2,0.0881,91,https://image.tmdb.org/t/p/w500/vpDgtDGdnFbzoxbDGsjxsjGVo0L.jpg
1210572,The Legend of Arana,2023-11-26,"Mr. P.N.K Panicker's animated avatar reveals how Arana, the humble red-tailed skink, acquired a famous trait.",['Animation'],[],"['P.N.K Panicker', 'Suresh Eriyat', 'Adithi Krishnadas', 'Oorjit B.S', 'Ashin Munnu K']",['Adithi Krishnadas'],['P.N.K Panicker'],['Malayalam'],[],8.0,1,0.0915,4,https://image.tmdb.org/t/p/w500/uA0MfiGjCsjjo5BJs46kTUDqHy3.jpg
463040,Viswasapoorvam Mansoor,2017-06-24,Vishwasapoorvam Mansoor is a story that will discuss about the current socio-political scenario prevailing in the society,['Drama'],"['police', 'jail', 'police interrogation']","['Roshan Mathew', 'Prayaga Martin', 'Asha Sarath', 'Zarina Wahab', 'Leona Lishoy']",['P.T. Kunju Muhammad'],['P.T. Kunju Muhammad'],['Malayalam'],[],6.0,1,0.1207,112,https://image.tmdb.org/t/p/w500/vRMcnzWKkdFVjGrvMLOHgOTLkK5.jpg
1676221,Super Jimni,2026-01-01,"In a rural community plagued by health crises, corruption, and drug mafias, Veena fights to protect an abused child while grappling with her estranged, ailing mother and her drug-addicted daughter.",[],[],"['Meenakshi Anoop', 'Manuraj', 'Seema G Nair', 'Cobra Rajesh', 'Kalabhavan Rahman']",[],[],[],[],0.0,0,0.1224,0,https://image.tmdb.org/t/p/w500/tj8gmXXWCWCZm61zOW3gmxHHZws.jpg
832312,Moral Nights,2021-05-21,Moral Nights is an anthology of five stories on human rights violations in a country that constituted it’s moral and social values on caste and gender discrimination.,['Drama'],[],"['Alencier Ley Lopez', 'Anil Nedumangad', 'Santhosh Keezhattoor', 'Sheethal Shyam', 'Ajith M Gopinath']",['Dr. S Sunil'],['Dr. S Sunil'],"['Bengali', 'English', 'Hindi', 'Malayalam']",[],2.0,1,0.1363,91,https://image.tmdb.org/t/p/w500/h6Y9ZlJ8tko8e7dYkJKbm6W0D2E.jpg
1002484,Chalachithram,2022-08-01,,[],[],[],['Gafoor Elliyas'],[],['Malayalam'],[],0.0,0,0.0906,0,https://image.tmdb.org/t/p/w500/ydFN8x525JRXsmoXHtmB6yT0Uka.jpg
465040,Uthara Chemmeen,2015-08-15,The story of ‘Uttarachemmeen’ is inspired from the classic Malayalam movie 'Chemmeen'.,['Drama'],[],"['Byon', 'Ansiba Hassan', 'Madhu', 'Sheela', 'Bijukuttan']",['Benny Asamsa'],['Hariharan Kadungapuram'],['Malayalam'],[],0.0,0,0.1498,123,https://image.tmdb.org/t/p/w500/ppPsLsaSPNKGkuUQt3xWNZZEHHD.jpg
752847,The False Eye,2020-07-24,Young Vincent steals a camera with the intention of making a video,['Drama'],[],"['Sreejith Babu', 'Vinitha Koshy', 'Srikanth Mohan', 'Renjit Shekar']",['Rahul Riji Nair'],['Rahul Riji Nair'],['Malayalam'],[],0.0,0,0.0807,72,https://image.tmdb.org/t/p/w500/cm9SUaT4Bl2GwSnfy7wMloVdHL7.jpg
1405459,Kurunji,2024-02-02,"The hardships of the tribal community, living against the backdrop of a Paniya colony. These tribal people make root sculptures and indulge in agriculture farming for their survival. As the trailer proceeds, a blend of emotions and challenges faced by the community is depicted skilfully.",[],[],[],['Gireesh Kunnummal'],[],['Malayalam'],['ManoramaMAX Amazon Channel'],0.0,0,0.0789,126,https://image.tmdb.org/t/p/w500/uiSEsZWuQ49LTglQcMRnvh4iYeY.jpg
920229,Crow Island,2022-01-08,"Set in a remote island in Kerala, Kakathuruth tells the tale of Jose, a newcomer to the island who befriends Kannappan, a fish farmer from a neighbouring plot.  Kannappan and his father are the only people remaining in the line of fish farmers who have been living in the island for centuries. As the story progresses, it becomes clear that Jose may have an ulterior motive.","['Crime', 'Fantasy', 'Drama', 'Horror']",['short film'],[],['Mohammed Ali Faisal Valiyaveettil'],['John Kennedy'],['Malayalam'],[],0.0,0,0.0928,25,https://image.tmdb.org/t/p/w500/iKSHb7l8qA3bS7fxk0Kkp6ctked.jpg
1603841,Cherukkanum Pennum,2025-10-25,"Two IT professionals, Balu and Ritha, face unforeseen challenges that test their relationship after their recent marriage.","['Romance', 'Drama']",[],"['Sreejith Vijay', 'Dileesh Pothan', 'Deepthi Nambiar', 'Riya Saira', 'Revathy Sivakumar']",['Pradeep Nair'],"['Pradeep Nair', 'Pradeep Nair']",['Malayalam'],[],1.0,1,0.1368,107,https://image.tmdb.org/t/p/w500/sOynBnlgNYb67Koevr9BAbj2jQl.jpg
933013,Karinchathan,2017-04-13,"Two guys on a mission for terminating Satan, has been encountered with an unexpected turn and the situation soars.",[],[],"['Nithin George', 'Praveen Parameshwar', 'Brijesh Chandran', 'Praveen Kumar']",['Krishnendu Kalesh'],['Krishnendu Kalesh'],['Malayalam'],[],0.0,0,0.0524,16,https://image.tmdb.org/t/p/w500/i41zAssam7aIIgMFzOeveDSGaOp.jpg
1612348,Oru Vadakkan Pennu,2020-01-31,A young North Indian woman reaches Kerala in search of her lover. The movie goes on to show the challenges that life throws at her and her daughter.,['Drama'],[],"['Vijay Babu', 'Sreejith Ravi', 'Anjali Aneesh Upasana', 'Sona Nair', 'Nadiya Kathara']",['Irshad Hameed'],"['L Sreekanthan', 'Irshad Hameed']",['Malayalam'],[],1.0,1,0.0905,102,https://image.tmdb.org/t/p/w500/kdoO4onCsePsMujvNkpCVGu1t2E.jpg
606197,Pixelia,2018-11-14,"Kumar, a bachelor in his thirties leaves his corporate job in Kochi to become a graphic novelist. He embarks on a new life as an Uber driver in Kochi while working on his graphic novel titled ‘Pixelia’. One day a transgender woman named Mandakini gets into his cab and that day changes Kumar’s life forever. Kumar and Mandakini spend the whole day where they open each other’s minds. Mandakini shares her past life and her desire to adopt a child while Kumar narrates the story of his graphic novel to her. Gradually a bonding ensues between Kumar and Mandakini making Kumar realise about his queer identity. As they start a relationship, Kumar gets into deeper conflicts regarding adopting a child, as adoption by queer parents is realistically difficult in a country like India. Pixelia, a movie with a stylistic blend of documentary and magical realism talks about the fragmentation in our daily lives.",[],['lgbt'],"['Sanal Aman', 'Gowri Savithri', 'Vijay Menon']",['Ratheesh Ravindran'],[],[],[],0.0,0,0.1482,70,https://image.tmdb.org/t/p/w500/7YwUXlM0XPd9l8IRG6REYq3Uj2L.jpg
1251044,Aaromalinte Adyathe Pranayam,2023-10-06,"Aaromalinte Adyathe Pranayam is a 2023 Malayalam drama movie, directed by Mubeen Rouf","['Romance', 'Drama']",[],"['Salim Kumar', 'Vinod Kovoor', 'Amana Sreni', 'Siddique Salaman', 'Akshay Ashok']",['Mubeen Rouf'],['Mirshad Kaipangalam'],['Malayalam'],[],1.0,1,0.0709,100,https://image.tmdb.org/t/p/w500/iY10JskMjq9GU8X4f7Hh4N3aOdt.jpg
372353,Munroe Island,2015-10-31,"The movie portrays the brief stay of a young man and his father to Munroe island, where his grandfather resides.",['Drama'],[],"['Jason Chacko', 'Indrans', 'Alencier Ley Lopez', 'Anil Nedumangad', 'Abhija Sivakala']",['Manu PS'],['Manu PS'],['Malayalam'],"['ManoramaMax', 'VI movies and tv', 'ManoramaMAX Amazon Channel']",7.4,5,0.0793,92,https://image.tmdb.org/t/p/w500/kvBOm6rUeBydZntB4TaoZe1PDVh.jpg
1327825,Anuragam,2023-09-21,She baked some love.,[],[],[],['Ankith J Therambil'],['Jishnu Vijayan'],['Malayalam'],[],0.0,0,0.0882,22,https://image.tmdb.org/t/p/w500/hCw6tL5Qzk9ywKic2O77WORcQLB.jpg
1612649,Kattu Kadal Athirukal,2020-01-31,"With a heartfelt love story at its centre, Kattu Kadal Athirukal throws light on the Rohingya refugees and the Tibetan people, who migrated to India.",[],[],"['Anu Mohan', 'Leona Lishoy', 'Kailash', 'Anil Murali']",['Samad Mankada'],[],['Malayalam'],[],0.0,0,0.0736,120,https://image.tmdb.org/t/p/w500/sy7O0pwywu6WDZOSsL2Q3yDeTgQ.jpg
1416415,Look at the Sky,2025-01-10,A teenager feeling loneliness,['Drama'],"['alone', 'loneliness']",['Athulkrishna'],['Athulkrishna'],[],['Malayalam'],[],0.0,0,0.075,5,https://image.tmdb.org/t/p/w500/AfoMh3JXxByMM7w5aMAENILkjhX.jpg
610323,Adutha Chodyam,2019-05-24,,['Thriller'],[],"['Sheikh Rasheed', 'Malavika Narayan', 'Varsha Venugopal', 'Awanthika Pradeep', 'Benny John']",['A K S Nambiar'],"['Sathar Nabee', 'A K S Nambiar']",['Malayalam'],[],0.0,0,0.075,120,https://image.tmdb.org/t/p/w500/h9VLvZVgKElvitnajEvXsC2uw1a.jpg
465182,Kalippaattakkaaran: Toy Maker,2017-03-15,A young toymaker tries to make sense of the impermanence of life that he has been forced to acknowledge through experiences of separation and death.,['Drama'],['childhood'],"['Noel Raphael', 'Kshama Krishna', 'Sunitha', 'Gopika', 'Goutham']","['Shinos Rahman', 'Sajas Rahman']","['Sajas Rahman', 'Sajas Rahman']",['Malayalam'],[],5.0,4,0.1023,84,https://image.tmdb.org/t/p/w500/9KdNvx97A6JYMXni2nwcyE0c2pi.jpg
1288721,"The Past, the Present & the Ghost",2024-05-10,"Two Actors cast ashore alive. They wander off in two directions.The Locals narrated Stories about the 'Ghost' and the foreign travellers talk about Arts. One attempts to dig out his Past. The other is Thirsty. Exhausted, trudging over the tragic Landscapes, they meld into the Ghost Tales.",['Drama'],[],"['Justin John', 'Siju Wilson', 'Gerhard Leixl', 'Claudia Hrushcka', 'Sofia']","['Sajas Rahman', 'Shinos Rahman']","['Shinos Rahman', 'Sajas Rahman']",['Malayalam'],[],0.0,0,0.0705,81,https://image.tmdb.org/t/p/w500/8h7GhwzqFDB1IJIU7lsINFK5wGs.jpg
938087,AT (Welcome to the Dark Side),2026-02-13,,['Thriller'],[],"['Shaju Sreedhar', 'Rachel David', 'Nayana Elza', 'Sanjana Doss', 'Sujith Raj']",['Don Max'],['Don Max'],['Malayalam'],[],0.0,0,0.1194,143,https://image.tmdb.org/t/p/w500/arkvG2T7GYec8z1tZQ6tk4GUQPA.jpg
643547,Chilappol Penkutty,2019-10-01,The lives of two 15-year-old girls who are the best of friends change when one of them is brutally raped and murdered.,"['Crime', 'Drama']",[],"['Krishnachandran', 'Sunil Sukhada', 'Dileep Shankar', 'Shruthi Rajanikanth', 'V. Suresh Thampanoor']",['Prasad Noornad'],['M Kamarudheen'],['Malayalam'],"['Amazon Prime Video', 'Amazon Prime Video with Ads']",2.0,1,0.1062,137,https://image.tmdb.org/t/p/w500/iDxOk2Y6akIXqYDx7oMGzqnoKCD.jpg
592699,The Pretty Eyed Girl,2019-01-20,"Sunetra is a migrant cook from far away Bengal working in Kerala. To celebrate her birthday Adi, the young poet she loves, steals a car and takes off with her to a beach. The two lovers do not realise that the car belongs to a thug who is following them - a thug who will not hesitate to kill. SUNETRA can be seen as a metaphor for life itself, where death is always hiding behind the trees.  As always, the Babusenan Brothers are exploring their philosophical concerns here through the medium of the film story.",['Drama'],[],"['Nina Chakroborty', 'Sreeram Mohan', 'K Kaladharan', 'Gibin Nair', 'Anand Anil']","['Satish Babusenan', 'Santosh Babusenan']","['Satish Babusenan', 'Santosh Babusenan']",['Malayalam'],[],0.0,0,0.0939,72,https://image.tmdb.org/t/p/w500/8qHDk95lgJYOSUr3qBsA0WXl2O5.jpg
563712,Mottitta Mullakal,2018-11-16,Mottitta Mullakal is a Malayalam movie starring Joy Mathew and Bijukuttan in prominent roles. It is a drama directed by Vinodh Kannol.,['Drama'],[],"['Bijukuttan', 'Joy Mathew', 'Kulappulli Leela', 'Deepika Mohan']",['Vinodh Kannol'],['Mohanan Nellikkat'],['Malayalam'],[],0.0,0,0.0616,112,https://image.tmdb.org/t/p/w500/dodZAnLR8RspAOqGEii0RCChWnc.jpg
917214,Animal Farm,2021-01-27,"After industrialization, human dominance over animals has changed in another way. The film portrays the world shrinking beyond the ""Orwellian"" era of questioning exploitation and establishing another revolutionary dictatorship, with dictatorships unrecognizable or isolated defenses.",['Documentary'],['animal farm'],[],['Sruthil Mathew'],[],['No Language'],[],0.0,0,0.1105,6,https://image.tmdb.org/t/p/w500/99utzMw7eJgVjidL0Rfghd9GTUq.jpg
1369596,Prathibha Tutorials,2024-09-13,The film's premise centres on the intriguing events surrounding the reopening of a parallel college that was previously operating successfully.,['Comedy'],[],"['Althaf Salim', 'Johny Antony', 'Sudheesh', 'Jaffer Idukki', 'Nirmal Palazhi']",['Abhilash Raghavan'],['Abhilash Raghavan'],['Malayalam'],"['ManoramaMax', 'ManoramaMAX Amazon Channel']",2.0,1,0.1013,111,https://image.tmdb.org/t/p/w500/5o0eTjCIkVcSdhiilx8iBI3VR2R.jpg
1256531,The Awakening,2023-12-31,A young girl experiences the tragic loss of her deep connection with nature when she encounters the strangeness of the patriarchal world.,['Drama'],[],[],['Sumi Mathai'],[],['Malayalam'],[],0.0,0,0.0727,14,https://image.tmdb.org/t/p/w500/7M5yw5rm77PCE6auxFi1xvZmdA6.jpg
1041157,Adiyaan,2022-10-20,"Sarath, a 28 years old boy belonging to a lower caste falls in love with Nayana who belongs to an upper caste and her father is a superior officer in the police department. Harichandran (Nayana’s Father) comes into know about the relationship through one of his sub ordinates, Sreenath who is also belonging to Nayana’s caste. Both Harichandran and Sreenath plan a crooked idea to trap Sarath in a smuggling case. Crime branch officers led by SI Jayram arrests Sarath and forces him to accept that he has committed the crime but Sarath disagree. Brutal harassment and tortures lead to the death of Sarath in police custody. Custody murders have been the heading of our newspapers since a long time. But the unfortunate thing is that such stories are still remaining as stories only. Adiyaan raises its fingers to this brutal reality of casteism and superior torturing that really exists around us.",['Drama'],[],"['Prasant Murali', 'Shaju Sreedhar', 'Zaira Backer', 'Kidilan Firoz', 'Capt. Manoj John']",['Nithin Noble'],['Nithin Noble'],[],[],0.0,0,0.0725,67,https://image.tmdb.org/t/p/w500/iwSXfmL053MRFVAnfqiyOHkfYUk.jpg
737952,The Vida,2020-08-28,"The conversation between two club mates, when one of them decides to quit smoking.","['Drama', 'Comedy']","['black and white', 'deadpan comedy']","['Rishikesh Radhakrishnan', 'Vishnu Mukundan']",['Hafis AK'],[],['Malayalam'],[],0.0,0,0.0711,13,https://image.tmdb.org/t/p/w500/l0PW6xwpsCQdGgi6DP2XikjnEhI.jpg
1194040,Neela Mudi,2025-01-26,"In today's tech-driven world, new media has become an integral part of contemporary life. This has enabled people to misuse media for mockery and humiliation, lacking sense of responsibility. 'Blue hair' delves in to the vlogs from 4 young men, whose humor rooted in insensitive comments on caste, color and class leads to unsettling events.",['Drama'],[],"['Subramanian', 'Sreenath', 'Majeed P Haneefa', 'Adhithya Baby', 'Achuthanandan']",['Sarathkumar V'],['Sarathkumar V'],['Malayalam'],['ManoramaMax'],0.0,0,0.1416,78,https://image.tmdb.org/t/p/w500/mCZVuItqG1JxfncMYfrGG8yk7bU.jpg
1537175,Hidden Tremors,2025-10-10,"Set against the serene yet fragile landscape of Kanjirappally, Hidden Tremors is a deeply personal and emotionally resonant portrait of a community in transition. As frequent landslides and subtle seismic shifts threaten both land and life, a quieter crisis unfolds within a family struggling to hold on — to land, to memory, and to each other. Through evocative performances, the film captures the emotional depth of separation, resilience, and longing.",['Drama'],[],"['N.S. Thara', 'Indrans', 'Kalabhavan Rahman']",['P.M. Sreekanth'],['P.M. Sreekanth'],['Malayalam'],[],0.0,0,0.0639,81,https://image.tmdb.org/t/p/w500/joaHr1mYknTyvpsaW69cvlTbSlY.jpg
813555,Chachaji,2019-01-01,Chachaji is a 2019 Malayalam movie directed by M Hajamoinu. Starring: Surabhi Lakshmi.,[],[],"['Surabhi Lakshmi', 'Diya Mayurikha']",[],[],[],[],0.0,0,0.0848,90,https://image.tmdb.org/t/p/w500/hZxAY6GHKmiXItfO4lkFL8aMrWN.jpg
1445300,The Malabar Tales,2025-01-03,"The Malabar Tales is an anthology of five gripping family dramas set in Kerala, exploring themes of identity, heartbreak, second chances, tough choices, and social issues across diverse backdrops, from simple homes to affluent mansions.","['Action', 'Comedy', 'Drama', 'Family', 'Thriller']",[],[],[],[],['Malayalam'],"['Amazon Prime Video', 'ManoramaMax', 'VI movies and tv', 'ManoramaMAX Amazon Channel', 'Amazon Prime Video with Ads']",0.0,0,0.0557,115,https://image.tmdb.org/t/p/w500/qFx59T4IWMPRFscaU1vm4Lba18p.jpg
857069,Seen It!,2021-11-14,"A marvellous menagerie of monsters, plucked from the imagination of Mr. P. N. K. Panicker of Kerala, India, a top-notch teller of tall tales. The nonagenarian Mr. Panicker has a lifetime of likely stories to share, and this batch – recorded on the sly by his son, SEEN IT’s creative director Suresh Eriyat, and animated by the talent at Mumbai-based Studio Eekasaurus – is a fine place to start.",['Animation'],[],"['Suresh Eriyat', 'Adithi Krishnadas', 'P.N.K Panicker']",['Adithi Krishnadas'],[],['Malayalam'],[],0.0,0,0.1061,12,https://image.tmdb.org/t/p/w500/nhxfqy3xiPlucU4xJ4lQbNn8E6Q.jpg
1628741,Bucket Story,2025-12-10,"Jefin, an NRI hosteller, struggles to adjust to hostel life as he drifts under the weight of influence and possession.",[],"['malayalam', 'hostel life']","['Cherish Sunil', 'Aaqil KA', 'Akash Lal', 'Mukil Kannan', 'Ajsal Hussain']",['Cherish Sunil'],['Cherish Sunil'],['Malayalam'],[],0.0,0,0.076,16,https://image.tmdb.org/t/p/w500/5NA9bo61427hOORdfc4gXWiqyHO.jpg
1256534,Laala,2023-08-01,"Three protagonists named Lakshmi, Sharmina and Shaji .while Lakshmi, a mother of a six year old girl, seeking a groom, meets Shaji from Facebook and goes for a Date.",['Drama'],"['marriage', 'social media']","['Yamuna Chungappalli', 'Sreelakshmi Haridas', 'Gargi Gangan', 'Pravav Mohan']",['Satish P Babu'],['Satish P Babu'],['Malayalam'],[],4.0,1,0.111,95,https://image.tmdb.org/t/p/w500/shjnC4CBhzkbwh8UrV9efJjikCH.jpg
1426179,90:00 Minutes,2023-03-17,"Two friends become trapped in a CNG pipeline while retrieving documents. With oxygen depleting and only 90 minutes to escape, they must find their way out while racing against time.",['Thriller'],[],"['Arya Babu', 'Arun Kumar', 'Santhosh Keezhattoor', 'Sunil Sukhada', 'Aju Varghese']",['Nidhin Thomas Kurishinkal'],"['Nidhin Thomas Kurishinkal', 'Shibu Murali', 'Mijo Joseph']",['Malayalam'],"['ManoramaMax', 'VI movies and tv', 'ManoramaMAX Amazon Channel']",2.0,1,0.1273,98,https://image.tmdb.org/t/p/w500/yqm7tIVU34XWy0gr5WHMyXg916w.jpg
896703,Mudi,2021-11-10,Barber Mani’s struggle to make peace with his augmented self-esteem to survive the testing times makes this story a profound case of human conflicts during the pandemic.,['Drama'],['mudi'],"['Anand Bal', 'Manju Pathrose', 'Nasar Karutheni', 'Nivya m', 'Avisenna']",['Yassir Muhamed'],[],[],[],5.0,1,0.0912,47,https://image.tmdb.org/t/p/w500/vsBzlqvyFsknbe7t5EigaaTTPhW.jpg
495574,6 Viralukal,2017-11-24,"6 Viralukal is a Malayalam movie starring Biju Varghese and Deepthi Menon in prominent roles. It is a drama directed by Nizar, forming part of the crew.",['Action'],[],"['Biju Varghese', 'Deepthi Menon', 'Jayashankar Karimuttam']",['Nizar'],['Rafi Mannar'],['Malayalam'],[],0.0,0,0.0843,112,https://image.tmdb.org/t/p/w500/aB4nUg3yGkN3dCjW4Dtnj2OU9nw.jpg
1331038,Pazhanjan Pranayam,2023-11-24,"Pazhanchan Pranayam is the love story of Mohan, a teacher who leaves his career to care for his father with dementia, and Maya, a caregiver who takes on the responsibility of his family.","['Romance', 'Drama']",[],"['Rony David Raj', 'Vincy Aloshious', 'Azees Nedumangad', 'Pavitran', 'Aparna']",['Bineesh Kalarikkal'],['Kiran Lal M.'],['Malayalam'],[],6.0,0,0.1283,110,https://image.tmdb.org/t/p/w500/q04udtj4r75j5282bHoTiQTfAQO.jpg
1379678,Makkottan,2023-04-28,Makkottan is a Malayalam movie starring Bijukuttan in a prominent role. It is directed by Rajeev Naduvanad,['Drama'],[],"['Bijukuttan', 'Prarthana Nair']",['Rajeev Naduvanad'],[],[],[],0.0,0,0.1307,0,https://image.tmdb.org/t/p/w500/xEW6YBjdpLCrNAO5L0sBZqxKumL.jpg
937354,Allusion,2022-03-19,"The war took hold of the city. Shangri-La, the garden was peaceful. The gatekeeper stoodguard for the garden like any other day. He duly performed his duties. One day, an old man came as a visitor. But without a ticket. He reached there, determined that the garden was his last hope. But, the young guard stood firm in his ideals denying entry to the old man. A day of realisations, the guard was about to contemplate existence as a mysterious medley of time and space.",['Fantasy'],[],[],['Vignesh P Sasidharan'],['Vignesh P Sasidharan'],['Malayalam'],[],3.3,3,0.0675,0,https://image.tmdb.org/t/p/w500/3JPI21OLNT6Zkr9jnuoHcMhCOzl.jpg
1628781,Iniyum,2026-02-03,"This story is centered around the Sri Ramaswamy Temple in the village of Ramanjira and the family home in Chemmangad, where the rituals of the templeare traditionally performed. Vasudevan Ezhuthachan, the head of the familyhome, was always a refuge for the villagers. The door was never closed to thosewho came hungry. However, it was his neighbor",[],[],"['Ashkar Saudan', 'Kailash', 'Rahul Madhav', 'Devan', 'Riyaz Khan']",['Jeeva'],['Sudheer  C B'],['Malayalam'],[],0.0,0,0.1131,147,https://image.tmdb.org/t/p/w500/bVLHvdK258nYtSqbCQTIPTqFCtc.jpg
842851,Richter Scale 7.6,2021-06-11,"Richter Scale 7.6 speaks about the universal theme of displacement. The story revolves around the lives of a father and son, and narrates the agonies and struggles the duo go through when they decide not to relocate when faced with displacement.",['Drama'],[],"['Ashok Kumar Peringode', 'Murugan Martin', 'Arun Michael', 'Kripa Daniel']",['Jeeva KJ'],[],['Malayalam'],[],0.0,0,0.0705,71,https://image.tmdb.org/t/p/w500/wJQOGSViBe3iChjtWb7rqe8BESb.jpg
787666,Story of a Beginning,2021-04-14,"In the course of their childish bickering, when the three kids set off to see the origin of their village stream, their difference in beliefs give the journey a surprising turn.","['Animation', 'Fantasy']",[],[],['Balaram J'],['Balaram J'],['Malayalam'],[],0.0,0,0.1156,11,https://image.tmdb.org/t/p/w500/qoWcuKTDsXZ93LKsx8lZWzKMDQM.jpg
565589,Ka Kha Ga Gha Nga,2019-12-08,Story of a folk artist and his magician son.,[],[],['Manoj Kana'],['Sherry Govindan'],[],['Malayalam'],[],0.0,0,0.0824,90,
1181943,Thirayattam,2023-09-22,"Set in the backdrop of a traditional temple festival, the plot follows a young man who falls in love with a woman from a different community.","['Romance', 'Drama']","['interfaith marriage', 'romantic drama']","['Sreelakshmi Aravindakshan', 'Jijo Gopi', 'Nadam Murali']",['Sajeev Kilikulam'],['Sajeev Kilikulam'],['Malayalam'],[],0.0,0,0.1155,135,https://image.tmdb.org/t/p/w500/w3iGhrBjoYK74gwrfNnAWuS8i4F.jpg
1578883,Celebration of Death,2025-12-13,"In the quiet, parched summer of rural Kerala, the death of Korappan, the aged patriarch of a sprawling joint family, becomes the catalyst for a poignant reckoning. As family members rejoins for the death ceremonies for 16 days, several tension arises between them regarding property, consumption of water from a family well, love relationships and social tensions.","['Comedy', 'Drama', 'Romance']","['dark comedy', 'death of family', 'unexpected romance']","['Paski', 'Abhimal Dinesh', 'Nitheesh Bhaskar', 'Theja Lakshmi S', 'Subhash Chandran']",['Vishnu B Beena'],[],['Malayalam'],[],0.0,0,0.0655,72,https://image.tmdb.org/t/p/w500/228myWysr5tnGoVl8kEiFqojchJ.jpg
600428,Thamasha,2019-06-05,"Sreenivasan, a bald 31-year-old, finds it tough to get a girl to like or marry him. Will lady love ever bless him?","['Romance', 'Drama']",[],"['Vinay Forrt', 'Chinnu Chandini Nair', 'Divya Prabha', 'Arun Kurian', 'Navas Vallikkunnu']",['Ashraf Hamsa'],['Ashraf Hamsa'],['Malayalam'],"['ManoramaMax', 'ManoramaMAX Amazon Channel']",7.4,13,0.0836,120,https://image.tmdb.org/t/p/w500/aRmBYDa6TfBCGaTFhGc42WOSvxY.jpg
1151927,Inheritance,2023-10-31,"The unexpected demise of her mother turns teenager Kalyani’s life upside down. As the relatives disperse, she and her father are left alone, struggling to cope with the void in their midst. In the weeks that follow, it is not just the grief she has to deal with, but also some harsh realisations about the patriarchal and hypocritical society around her. As events unfold, Kalyani finds herself becoming more and more disillusioned with the progressive, considerate father she used to idolise. The film portrays the girl's journey of coming to terms with her loss and finding a way forward.",['Drama'],[],"['Aathira Rajeev', 'Pradeep Kumar', 'K.R. Aromal', 'Ranjini George', 'Rini Udayakumar']",['Prasanth Vijay'],['Indu Lakshmi'],['Malayalam'],[],0.0,0,0.0456,81,https://image.tmdb.org/t/p/w500/oFA9j5GkwjpMuuGkwF5LJTPxELf.jpg
599642,Kosrakollikal,2019-03-15,"The film revolves around the lives of two childhood friends Sreekuttan and Anwar, who fall for the same girl",[],[],"['Thanuja Kartik', 'Prasanth Punnapra', 'Sunil Sukhada', 'Neena Kurup', 'Sasi Kalinga']",['Jayan C. Krishna'],[],['Malayalam'],[],0.0,0,0.0823,144,https://image.tmdb.org/t/p/w500/rrPxcaEJupoPxN6JMvyTrFXyXCB.jpg
505472,Nimisham,2018-02-16,"An army officer takes early retirement to protect his teenage daughter from the dangers of the of the world. However, despite providing extraordinary protection, his worst nightmare comes true and his daughter goes missing. Devastated, the parents desperately search for their daughter and uncover a mystery, which shocks them.","['Drama', 'Thriller']","['police', 'investigation']","['Riyaz Khan', 'Noby Marcose', 'Sadiq', 'Neena Kurup', 'G K Pillai']",['P R Suresh'],['P R Suresh'],['Malayalam'],[],0.0,0,0.0824,121,https://image.tmdb.org/t/p/w500/58juEhaaNZmkoOb3GsdtayEKlm7.jpg
853960,Bannerghatta,2021-07-25,"One night Ashiq, an acting driver comes to know that his sister,who went out of town for a job interview is in a dangerous situation.",['Thriller'],[],"['Karthik Ramakrishnan', 'Asha Menon']",['Vishnu narayanan'],"['Gokul Ramakrishnan', 'Arjun Prabhakaran']",['Malayalam'],"['Amazon Prime Video', 'Amazon Prime Video with Ads']",4.7,3,0.0781,80,https://image.tmdb.org/t/p/w500/tIxgBzSJp13KOTpQqY7La6S3Tdp.jpg
1417329,Kalpam,2024-04-28,"A newlywed groom, Anandan, enters a seemingly normal family, only to discover that nothing is as it appears. As strange visions and unsettling occurrences intensify, he uncovers a dark, hidden tradition that will alter his life forever.","['Mystery', 'Horror']",[],[],[],[],['Malayalam'],[],0.0,0,0.0614,15,https://image.tmdb.org/t/p/w500/zwNnGvk2n0Nau3gmk2Ay2i2b5AI.jpg
1414635,Golden Love,2024-12-21,"Golden Love is a tender and heartwarming short film that explores the enduring bond between an elderly couple, Amos and Anna, and their mischievous yet lovable cat. Set against the quiet rhythms of their everyday life, the film beautifully captures moments of love, nostalgia, and the unspoken connection that binds them together.","['Drama', 'Romance', 'Adventure']",[],"['Raghunath Paleri', 'Neeraja Rajendran', 'Sheru poocha', 'Surjith Gopinath', 'Ganga Meera']",[],[],"['English', 'Malayalam']",[],0.0,0,0.1214,22,https://image.tmdb.org/t/p/w500/cyR7dTxez6RkZuz3TBC9RV9DGZF.jpg
976981,Oru Canadian Diary,2021-12-10,"Sara migrates to Canada and keeps in touch with Surya. However, a few days later, the calls stop. Once Surya reaches Toronto, he begins his search to locate Sara.","['Romance', 'Thriller']",[],"['Paul Paulose', 'Simran', 'Pooja Sebastian', 'Prasad Muhamma', 'Akhil R C Kavalayoor']",['Seema Sreekumar'],"['Seema Sreekumar', 'Seema Sreekumar']",['Malayalam'],[],0.0,0,0.0878,128,https://image.tmdb.org/t/p/w500/uAk9UtGWiYveFWFMS2yrZDN3JFn.jpg
512924,Eighth March,2015-06-19,The central question of this film is whether the perpetrators of gender violence will get their comeuppance.,[],[],"['Baburaj', 'Rahul Madhav']",['Albert Antoni'],[],['Malayalam'],[],0.0,0,0.0744,0,https://image.tmdb.org/t/p/w500/xNRNfEkID4cqzBQO0312CjtElz2.jpg
1070645,Break Up Party,2017-08-15,Jazmine comes to visit her ex boyfriend with her new boyfriend. The conflicting conversation between the three turns the whole event into a nightmare for Jazmine.,['Drama'],"['break-up', 'marina micheal']","['Mareena Michael', 'Bibin Mathai', 'Anand Roshan']",['Sivadarsh'],['Sivadarsh'],['Malayalam'],[],0.0,0,0.0948,105,https://image.tmdb.org/t/p/w500/bWncbykavRH7DQugp32tbLPFbiM.jpg
1651296,Oru Wayanadan Pranayakadha,2026-01-16,"Set in the scenic Wayanad, a mischievous student falls for his classmate, sparking playful and heartfelt moments as he navigates her strict father, caring mother, and protective brother. A lighthearted, feel-good story of first love and village life.","['Romance', 'Comedy']",[],"['Jesuj Antony', 'Shyjan Sreevalsam', 'Akshaya Suresh', 'Joohi Jayakumar']",['Ilyas Mudangassery'],['Ilyas Mudangassery'],['Malayalam'],[],1.0,1,0.1136,100,https://image.tmdb.org/t/p/w500/tF5b0XHnUB9q5CwvsQfYz6jVYx1.jpg
394119,Sand City,2015-01-02,"Sand City is a 2015 Malayalam language Indian romantic thriller film directed by Shankar Panicker starring Prajin, Gautham Krishna, Thanishka, Varuna Shetty, Vinod Kumar, Jaise Jose, Jijesh Menon and himself.",['Family'],"['dreams', 'dubai', 'family']","['Gautam', 'Varuna Shetty', 'Jaise Jose', 'Prajin Padmanabhan', 'Tejaswini Prakash']",['Shankar'],"['M. I. Vasanthkumar', 'Murali Raman Elayath']",['Malayalam'],[],0.0,0,0.1262,133,https://image.tmdb.org/t/p/w500/3tZU7IWrKPX70cSc4AFBy6zcx4S.jpg
897673,Tree Full of Parrots,2021-11-20,"An eight-year-old boy Poonjan is not an ordinary boy. He earns a living by doing mean jobs like fishing in the backwaters. One day, Poonjan saw a blind man sitting alone in the boat jetty who seemed to have lost his way home. He is demented, and only remembers a certain tree full of Parrots in front of his house. Poonjan tried to find the way to the blind man’s home. Disheartened with the outcome of their journey, he was about to give up on the quest.",[],[],[],['Jayaraj'],[],['Malayalam'],[],0.0,0,0.0754,0,https://image.tmdb.org/t/p/w500/8IpAqQaxwGpSArsTv6FgPvgPZHb.jpg
1561807,Passingness,2025-09-24,"Passingness is a haunting exploration of identity, memory, and the fragile edge of reality. As the narrative unfolds through emotionally charged performances and a tense, introspective atmosphere, the audience is drawn into a fragile space between being and disappearing. A haunting meditation on identity, loneliness, and the terror of not being seen. Driven by intense, intimate performances, the story unfolds in layers of psychological tension, revealing inner scars, blurred truths, and the quiet terror of not knowing who you are or if you ever were.","['Thriller', 'Drama', 'Mystery']","['psychological thriller', 'psychological drama', 'suspense thriller', 'drama thriller', 'humanity and the world around us', 'surreal and thought-provoking visions of life and death']","['Sreeram S', 'Advaith Babu V', 'Nijo Joseph', 'Abhimanue anilkumar', 'James CT']",['AVB'],"['Rahul krishna AK', 'AVB']",['Malayalam'],[],0.0,0,0.0763,12,https://image.tmdb.org/t/p/w500/mBs1Arhr8jBq6kvP2fje6BazzSF.jpg
1274292,Four Thieves,2024-04-12,"In the comedic chaos of ""Chor Chor,"" pickpockets unwittingly exchange a stolen statue for a meal, leading to a hilarious alliance with rival thieves in pursuit of treasure.",['Comedy'],[],"['Sreejith Ravi', 'Sreekanth Vettiyar', 'Rajesh Hebbar', 'Nincy Xavier', 'Nowfal']",['Nithin Narayanan'],['Nithin Narayanan'],['Malayalam'],[],1.0,1,0.1007,123,https://image.tmdb.org/t/p/w500/rsUCZyfLgi4f4pZrQa4U1eJdqil.jpg
933109,Operation Olipporu,2021-01-23,"Two friends, on the verge of bankruptcy, decide to rob a finance firm. To their surprise, another team of professional hit-men also attempt a heist there at the same time.","['Action', 'Comedy', 'Thriller']",[],"['Akhil S.', 'Arjun R S', 'Ananthan G.T', 'Ajit Kumar', 'Ajoy Joseph']",['Akshay Ajayakumar'],"['Akshay Ajayakumar', 'Sony Mathew']",['Malayalam'],[],6.0,1,0.0789,58,https://image.tmdb.org/t/p/w500/teNL2aNyyuOVD487Uoj981Ou8oY.jpg
762066,When Two Kiss,2017-09-08,"To kiss in the open or behind the doors is a matter of personal choice. But when one of the finest of the emotions turns out to be a cause for commotion, some serious thoughts are the need of the hour.","['Documentary', 'Drama']",[],"['Mini I G', 'Archana Padmini']",['Prathap Joseph'],[],['Malayalam'],[],0.0,0,0.0441,70,https://image.tmdb.org/t/p/w500/25ZhIKqWoxoVojcgIwJMzS3m6pL.jpg
946029,18 Feet,2015-08-31,"Karinthalakoottam is an indigenous band that propagates the music of soul to connect people with a sense of historic resolution. 18 feet symbolizes the holy distance dalits, the downtrodden, were to ensure for the sanctity of upper castes. P R Remesh, a bus conductor, is the man behind the exuberant squad that drums empathy for all in denial of historic untouchability attached to the dalit community. The troop is the vanguard in redefining the identity of people who are battered by senseless incorrectness through centuries.",[],[],[],['Renjith Kuzhur'],[],['Malayalam'],[],0.0,0,0.0823,77,https://image.tmdb.org/t/p/w500/avZYiGIftPpMFe9BAler1Xrx3ba.jpg
1593075,Guardian Angel,2024-05-17,Police Officer Devan was a very truthful man but a certain sequence of events changes his entire character and his quest of vengeance affects relationships and life.,[],[],"['John Alexander', 'Shobika Babu', 'Latha Das', 'Ajay Kumar', 'Rahul Madhav']",[],[],['Malayalam'],[],0.0,0,0.0526,0,https://image.tmdb.org/t/p/w500/qGiq7bD9wFfAIQ2K6eMItmq95gd.jpg
850236,Chuzhal,2021-07-17,"The mystery revolves around 5 young people in a hill station resort. Something starts to haunt them without revealings its presence, while it creates a death trap for them.","['Mystery', 'Horror']",[],"['Jaffer Idukki', 'Nilja K. Baby', 'Sanju Prabhakar', 'Abin Mary', 'Gazal Ahamed']",['Biju Maani'],['Biju Maani'],['Malayalam'],[],3.5,3,0.1041,81,https://image.tmdb.org/t/p/w500/bopwKa1OSwpcFO3VzbEBRyPA0bU.jpg
1241041,Songs from Eternity,2024-02-02,"A woman who tries to distance herself from painful memories, falls in love with a spirit who has forgotten his memories on earth.","['Fantasy', 'Drama']",[],[],['Arundev'],['Arundev'],['Malayalam'],[],0.0,0,0.0775,26,https://image.tmdb.org/t/p/w500/eDfvQcvLrCSYjzW2uKyV8QGb5x.jpg
898912,VILAMBA (WAITING),2020-09-24,"During the covid scenario, 69.5% of the children showed changes in their emotional state. More than half of the children had adverse. Quarantined Indian children were found to experience greater psychological distress like worry, helplessness and fear .",['Drama'],[],['Yamin Faizal'],['Ibrahim'],['Jubi'],['Malayalam'],[],0.0,0,0.0775,2,https://image.tmdb.org/t/p/w500/wPB2QygWMIZLvqIig6V7Fp0XZu.jpg
1252507,E.M.I,2022-07-01,EMI is a Malayalam movie starring Rony David and Veena Nair in lead roles.,[],[],"['Shayi Shanker', 'Yami Sona', 'M R Gopakumar', 'Sunil Sukhada', 'Jayan Cherthala']",['Jobi John'],['Jobi John'],['Malayalam'],[],0.0,0,0.061,0,https://image.tmdb.org/t/p/w500/hmNtyjDXwq8hkeqAyAmOfqUYLRu.jpg
573252,Kharam,2018-12-07,,['Drama'],[],"['Manjulan', 'Santhosh Keezhattoor', 'Prarthana Sandeep']",['Jose P V'],['Jose P V'],['Malayalam'],[],0.0,0,0.0767,113,https://image.tmdb.org/t/p/w500/9siSsBEneNbmFF847XgRxVAT4sK.jpg
1610569,Jagala,2025-07-18,Jagala is a story of a young Muslim man named Chekku who lived in Eranad during the Mappila Rebellion era of 1920s.,[],['mappila rebellion era of 1920'],"['Balachandran Chullikkadu', 'Bitto Davis', 'Ramadevi Kannanchery', 'Santhosh Keezhattoor', 'Mareena Michael']",[],[],['Malayalam'],[],0.0,0,0.0498,87,https://image.tmdb.org/t/p/w500/2uwlO3d9RueXJklWsYjpSO4EJZR.jpg
596407,Last Day Of Summer,2017-06-16,Last day of summer is a family portrayal of an aging homeopathic doctor and his son. It takes place over a period of roughly 24 hours as we explore their strained relationship when the son arrives home to attend a family ceremony. Old family notes are unearthed and new ones forged as the day unfolds.,['Drama'],['estranged father'],['George Kora'],['George Kora'],['George Kora'],"['Hindi', 'Malayalam']",[],0.0,0,0.0664,20,
409211,Akashangalil,2015-01-02,"Akashangalil is a 2015 Malayalam-language Indian feature film directed by Rixon Xavier, starring veteran actor Shankar in an extended special appearance",[],[],"['Pooja Vijayan', 'Shankar', 'Renjith Raj', 'Rakesh Krushna Joshi']",['Rixon Xavier'],[],['Malayalam'],[],0.0,0,0.0766,0,https://image.tmdb.org/t/p/w500/7LnmwxUjz9fKFmsZhgo1jlsP0bF.jpg
1243553,Sasneham Suhra,2024-04-12,A girl elopes from her conservative family to explore the world outside.,"['Drama', 'Music']",[],"['Ritika', 'Shabeer']",['Sreehari Gadha'],['Sreehari Gadha'],['Malayalam'],[],0.0,0,0.0643,8,https://image.tmdb.org/t/p/w500/s1xCTuoBC9NA6Gl29YRXfkRLEs7.jpg
1233990,Niyathi Cc1/2024,2024-12-22,,"['Crime', 'Drama']",[],"['Eldhoraju', 'Manandhusoodha Chandhu', 'Miya George', 'Jayakrishnan', 'Pavithra Vijayan']",['Arundev Malappuram'],['MuhammedRafeek'],['Malayalam'],[],4.8,2,0.0541,0,https://image.tmdb.org/t/p/w500/d2wtpFUdbfUY2RibYIAajet0yCp.jpg
1646132,Paykappal,2022-11-18,"The lives of ordinary people whose struggles, emotions, and relationships unfold within a socially rooted setting.",['Drama'],[],"['Indrans', 'Suresh Krishna', 'Irshad', 'Salu Koottanad', 'Karthik Vishnu']",['Muhamed Rafi'],"['Muhamed Rafi', 'Muhamed Rafi']",['Malayalam'],['ManoramaMAX Amazon Channel'],1.0,1,0.0748,94,https://image.tmdb.org/t/p/w500/uc5sx9O4XkhoMEMSB6BngWxjL8r.jpg
1587112,Disorder,2025-11-24,"In a college canteen, two students find themselves caught in a quiet confusion that blurs the line between order and reality.","['Mystery', 'Drama', 'Comedy']","['questioning', 'ambiguity', 'porotta', 'haryali chicken', 'identity collision']","['Vivek M Varghese', 'Rovensy', 'Rohith Ayinkalath', 'Pawan Mammen', 'Pappu Choudhary']",['Pawan Mammen'],"['Pawan Mammen', 'Pawan Mammen', 'Pawan Mammen']","['English', 'Hindi', 'Malayalam', 'Tamil']",[],9.5,2,0.0598,7,https://image.tmdb.org/t/p/w500/nsja4DD65tpPOu3Xmwpgb9JIieA.jpg
978439,Antharam,2022-06-01,"A trans woman, a teenage girl and a man share a home, navigating personal struggles, past trauma, as well as the complexities of love and acceptance.",['Drama'],[],"['Negha Shahin', 'Kannan Nayar', 'Nakshathra Manoj', 'Rajeevan Vellur']",['Abhijith Pulparambath'],"['Abhijith Pulparambath', 'Shanavas M. A']","['Malayalam', 'Tamil']","['ManoramaMax', 'ManoramaMAX Amazon Channel']",3.0,1,0.0581,76,https://image.tmdb.org/t/p/w500/gJJpEAkmUsgFE2CNucxm74cIdZZ.jpg
999040,Lalanna's Song,2022-04-29,"Two young women meet a possibly supernatural maiden, Lalanna, whose song can lead to death.","['Drama', 'Fantasy', 'Mystery', 'Horror']",[],"['Rima Kallingal', 'Parvathy Thiruvothu', 'Nakshatra Indrajith', 'Hannah Chacko', 'Faraz Khan']",['Megha Ramaswamy'],['Megha Ramaswamy'],"['Hindi', 'Malayalam']","['MUBI', 'MUBI Amazon Channel']",6.0,1,0.1003,34,https://image.tmdb.org/t/p/w500/8d9SwpKbqtbBzQbaAmOdzjBLeiP.jpg
411889,One Day,2015-12-11,his is a crime investigation story about a missing child.,['Thriller'],[],"['Maqbool Salmaan', 'Kalasala Babu', 'Disha Dinakar', 'Noby Marcose', 'Madan Mohan']",['Sunil v Panicker'],['James Bright'],['Malayalam'],[],0.0,0,0.0643,112,https://image.tmdb.org/t/p/w500/cw31GU3c1pvMQrjYYg7x7Fqabbw.jpg
859221,Insha,2021-08-03,"Insha explores the lives of 12 year-old-girl Insha and three friends. Their conversations, childish pranks, dreams and the journey to fulfil it are handled well in the movie. Also in focus are the lives of less fortunate inhabitants of the village.",['Drama'],[],['Prarthana Sandeep'],['Dr. Siju Vijayan'],[],['Malayalam'],[],0.0,0,0.0738,80,https://image.tmdb.org/t/p/w500/nIhlFP2YtEchQTbTEl9BA90MAPu.jpg
752932,Kenjira,2019-11-21,,['Drama'],[],"['Vinusha Ravi', 'Joy Mathew']",['Manoj Kana'],['Manoj Kana'],['Malayalam'],[],0.0,0,0.1312,81,https://image.tmdb.org/t/p/w500/gB4hO3Qm5iLhX3EYdd3KAFAbJo0.jpg
616754,Queen of Neermathalam Pootha Kalam,2019-06-28,A story on the many loves that come into the life of a young woman,"['Drama', 'Romance']",[],"['Preethi Jino', 'Dona Maria Anthraper', 'Anju Reena Varghese', 'Arun Chandran']",['Ar Amal Kannan'],['Anaz Nazeer Khan'],['Malayalam'],[],6.0,2,0.071,145,https://image.tmdb.org/t/p/w500/l4u0XJPOY0efyQQ43d96Wc5tMA6.jpg
1559866,Thampachi,2025-10-05,"In a village where Thampachi and Komaras are believed to be the counterparts of God, everyone respects Shiva Thampachi and his daughter Shivani. Unexpectedly, a job offer comes in search of Shivani.",['Drama'],[],"['Sudheer Karamana', 'Rahul Madhav', 'Sarath Kumar', 'Adhish Praveen', 'Chembil Ashokan']",['Manoj T Yadav'],"['Manoj T Yadav', 'Manoj T Yadav']",['Malayalam'],"['ManoramaMax', 'ManoramaMAX Amazon Channel']",2.0,1,0.0585,93,https://image.tmdb.org/t/p/w500/p5PBkB35AaAFTlmNKUOjD7e2290.jpg
1600190,Purple Poppins,2023-08-04,"2001, Shirley committed suicide by jumping off a high-rise building while her younger brother Sherin witnessed it. Despite knowing the reason, Sherin feels helpless.","['Crime', 'Drama']",[],[],[],[],['Malayalam'],['ManoramaMAX Amazon Channel'],0.0,0,0.0725,98,https://image.tmdb.org/t/p/w500/qB5epRUDTxXhQ1xLkVQK2tNJZyB.jpg
1578834,All The Living,2025-12-14,"A writer's old age is marked by loneliness, where only his characters keep him company. His entire living world becomes his relatives. The film explores this journey through three famous short stories: T. Padmanabhan's ""Poocchakkuttikalude Veedu"" (The House of Kittens) and ""Naykkalukalum Manushyarum"" (Dogs and Humans), and Rene Basin's French story, ""Thapal Pettiyile Kuruvikal"" ( Birds in the Postbox).",[],[],['Irshad'],['Sherry Govindan'],[],['Malayalam'],[],0.0,0,0.0578,91,https://image.tmdb.org/t/p/w500/uUVyjynttpPJpof2hHCoP7otiso.jpg
652900,Santacruz,2022-07-01,"Santacruz is an upcoming Malayalam movie written and directed by Johnson John Fernandez. As per reports, actress Noorin Shereef has been signed as the female lead but the male lead is still undisclosed.","['Romance', 'Music', 'Thriller']",[],"['Noorin Shereef', 'Aniish RRehhman', 'Aju Varghese', 'Rahul Madhav', 'Major Ravi']",['Johnson John Fernandez'],['Johnson John Fernandez'],['Malayalam'],[],0.0,0,0.0886,0,https://image.tmdb.org/t/p/w500/792wCwcEZRvfGwi3z5OoxLVx1p1.jpg
613035,Sleeplessly Yours,2018-12-01,"Jessy wakes up one morning with a splitting headache and a vague memory of the bygone week to realize that his partner, Maanu, is missing. A frantic search follows. Jessy and Maanu, an eccentric couple, had decided to experiment on sleep deprivation in an attempt to liven up their relationship. What began as a joke turned serious in a couple of days. Their initial phases of creativity, fun, and frolic slowly gave way to lack of judgment, agitation, and temperamental issues. At the end of 4 days of turmoil, they crack and have an altercation about the state of their relationship. Things turn violent and soon Jessy passes out. The movie, structured in a non-linear narrative, is an attempt by Jessy to recollect what went down in the last four days. We go back and forth between his present search for her and the bursts of memories that he has about her. With the help of his friend Venu, he attempts to discover her past that she'd refused to ever reveal.",[],[],"['Sudev Nair', 'Devaki Rajendran', 'Syamaprakash Ms']","['Sudeep Elamon', 'Goutham Soorya']",['Goutham Soorya'],['Malayalam'],[],6.0,1,0.0725,72,https://image.tmdb.org/t/p/w500/hhNqXXLUEZbqqOJQKaxH7h9vjd.jpg
569802,Papas,2018-11-23,"Lonan's slippers have seen its end, thanks to the wear and tear it has borne over the years. And his father Lazer, a drunkard, is always ""too poor"" to be able to buy him a new pair.",['Drama'],[],"['Jyothis', 'Rasheed Rashi', 'Vishrutha Vijayakumar', 'Jayaraj Mithra']",['Sambath'],['Santhosh Kallat'],['Malayalam'],[],0.0,0,0.0578,152,https://image.tmdb.org/t/p/w500/dcTQ595qX8vquNoPBwWnWJNSHCO.jpg
532212,Paikutty,2018-05-25,Paikutty is a Malayalam movie starring Pradeep Nalanda in a prominent role. It is a drama directed by Nandhu Varavoor.,"['Action', 'Drama']",[],['Pradeep Nalanda'],['Nandhu Varavoor'],['Nandhu Varavoor'],"['Malayalam', 'Tamil']",[],0.0,0,0.0552,125,https://image.tmdb.org/t/p/w500/z9oJM4uIeuFUB6fk2Fk7AOA2pzJ.jpg
1104637,Love in Varapuzha,2023-03-29,"A filmmaker seeking actors for his film meets an artist, and a boy selling black tickets.",['Comedy'],[],"['Raju Ponnurunni', 'Arshed Iqbal', 'Anandhu T S', 'Reyan Shameer', 'Jesse Deepak']",['Gagan Dev'],['Gagan Dev'],['Malayalam'],[],0.0,0,0.0582,10,https://image.tmdb.org/t/p/w500/54nLPeEZN7IMjn4mc6CZBgzbLu5.jpg
1578815,Life of a Phallus,2025-12-14,"Nari Monchan, from a secluded tribe, grapples with dwindling female presence, possessiveness in marriage, and revelations about his father that unravel his beliefs. As he confronts ancestral traditions and the legacy of the Indian Emergency, his journey becomes a search for identity, shaped by personal fears and buried truths. The film explores the fragile balance between tradition, desire, and self-discovery. This is the first film in Cholanaikka language spoken by the eponymous cave people.",[],[],[],['Unnikrishnan Avala'],"['Unnikrishnan Avala', 'Vinod Chellan', 'Unnikrishnan Avala']",['Malayalam'],[],0.0,0,0.076,116,https://image.tmdb.org/t/p/w500/nau3wbXBop9I52bvtOm9658HM0X.jpg
1000869,Ulkazhcha,2022-08-12,,[],[],['Anjali Aneesh Upasana'],['Rajesh Raj'],"['Roopesh Bhaskaran', 'Bijoy Bahuleyan']",['Malayalam'],[],0.0,0,0.0621,0,https://image.tmdb.org/t/p/w500/dfSvJaO1kV4cMRXXHB1nrg4tluU.jpg
1222361,In Your Language,2024-12-19,A group of students aged between 18 to 25 shares their opinion on the first thing they want to change in their country if they get the power to do so.,['Documentary'],"['social documentary', 'political documentary', 'documentary', 'iyl', 'in your language', 'malayalam documentary']",['Maitreya Maitreyan'],['Ram Gayathri Krishna'],"['Ram Gayathri Krishna', 'Badusha Mohammed Buhari']","['English', 'Hindi', 'Malayalam']",[],0.0,0,0.0717,42,https://image.tmdb.org/t/p/w500/3vb25GewgtG5g4Pgc2OLLYlp0oO.jpg
940677,Queen Of Thonnakkal,2021-10-08,Queen of Thonnakkal helmed by Syam Muraleedharan revolves around a Panchayat election of Thonnakkal a village in Trivandrum Kerala. The storyline takes us to the aftermath of the reservation of seats for women in elections. Centering around the veteran politician and panchayat president Paulose Pazhukkapilly (Madhupal) and his daughter Jiji Paulose (Maria Vincent) who is a social media influencer the movie deals with the latter’s entry into politics.,['Drama'],[],"['Madhupal', 'Maria Vincent', 'Vinod Thomas']",['Shyam Muralidharan'],[],['Malayalam'],"['ManoramaMax', 'VI movies and tv', 'ManoramaMAX Amazon Channel']",0.0,0,0.068,140,https://image.tmdb.org/t/p/w500/uMkkSSe7ncv1575SaJExDQBw6yY.jpg
531911,Sthaanam,2018-05-18,,['Drama'],[],"['Vinu Mohan', 'KPAC Lalitha', 'Joy Mathew', 'Madhu', 'Sunil Sukhada']",['Kaviyoor Shivaprasad'],['Kaviyoor Shivaprasad'],['Malayalam'],[],0.0,0,0.0869,142,https://image.tmdb.org/t/p/w500/wcM25LD1rVfWIb0AzqJdKZ2IRPO.jpg
456531,Yanam Mahayanam,2016-06-08,Yanam Mahayanam Malayalam Drama movie  Story,['Drama'],[],"['Dr. Chandramohan', 'Divian', 'Navami Gayak', 'Ranjan', 'Vishnu']",['Kannan Sooraj'],[],['Malayalam'],[],0.0,0,0.0757,0,https://image.tmdb.org/t/p/w500/w1my4Yfu4VOtcqzFL8vP1FU2t1h.jpg
409611,Daivathinte Kaiyoppu,2016-08-04,Low Budget Film,[],[],"['Madhu', 'Jagathy Sreekumar', 'M R Gopakumar', 'Maithili Kaishap']",['Benny Asamsa'],[],['Malayalam'],[],0.0,0,0.0787,128,
1612656,Uriyattu,2020-02-14,"Gowda attacks the man who performs theyyam in Neeleshwaram, in the hopes of preventing the ritual and seizing the temple land. But, he is oblivious to the divine elements that guide the hands of fate.",['Drama'],[],"['Ashish Vidhyarthi', 'Sreejith Ravi', 'Jayan Cherthala', 'Chembil Ashokan', 'Sunil Sukhada']",['K Bhuvanachandran'],"['Ramesh Pullappally', 'Ramesh Pullappally']",['Malayalam'],[],1.0,1,0.0895,126,https://image.tmdb.org/t/p/w500/fwDpDYHxcepOPG9WDMx7MFB0DO5.jpg
1556488,Chaos Theory,2018-12-31,"A bored butterfly lands on a motorcycle helmet and slips inside. The rushing owner, already late for work, puts it on without noticing. Startled by the butterfly trapped near his face, he stops the bike, removes the helmet, and lets it fly away.  Still in a hurry, he rides out and crashes into a milkman. The can of milk spills across the road. This small accident sets off a chain of events in different places, each leading to another, until it finally ends in the death of a man.  A short film about how the smallest things can create the biggest consequences.",[],[],"['Kannan Nayar', 'Jenny Pallath', 'Anand Manmadhan', 'Ratheesh Rohini', 'Gibin Gopinath']",['Vinesh Viswanath'],['Kailash S Bhavan'],['Malayalam'],[],10.0,1,0.0456,16,https://image.tmdb.org/t/p/w500/7ckx1c8IjAxSDkm8OdrYTFbfNKW.jpg
1532393,If on a Winter's Night,2025-09-20,"Portrays a couple form Kerala who lost their house during harsh winter days while trying settle down in Delhi, building a bond amid challenges in a strange city.",['Drama'],[],"['Bhanu Priyamvada', 'Roshan Abdul Rahoof', 'Jitheesh Raichel Samuel', 'Arathy K B', 'Shobhana Sharma']",['Sanju Surendran'],['Rekha Raj'],"['Hindi', 'Malayalam']",[],0.0,0,0.0587,100,https://image.tmdb.org/t/p/w500/yWIMk0hCyPacK6Sy8OXehdiJnTC.jpg
1160265,Riptide,2023-08-04,"As college life comes to a close, roommates and lovers Suku and Charlie prepare to part ways. They spend their final days together drinking on the beach, discussing literature, making love and taking long drives down deserted roads. A health emergency forces Suku to leave town early, and when he returns following a near-death experience, he finds Charlie leading a spectral existence, intimate to him but invisible to everyone else.","['Drama', 'Mystery', 'Fantasy', 'Romance']",[],"['Swalah Rahman', 'Farry Hind', 'Shafeeq Kodinji', 'Nishanth Krishna', 'Jean Guillaume Le Bouffo']",['Afrad Vk'],['Afrad Vk'],"['English', 'Malayalam']",[],0.0,0,0.0521,85,https://image.tmdb.org/t/p/w500/7GBZ6FsCBirFNsZF33dfmyY3YLb.jpg
892615,Bridge,2017-12-27,Here the protagonist uses the concept of lucid dreaming and accidentally solves his dilemma.,"['Thriller', 'Mystery']",['lucid dreaming'],"['Harishanker', 'Jinu K George', 'Avinash']",['Sreedev Suprakash'],"['Joeal Johnson', 'Sreedev Suprakash']","['English', 'Malayalam']",[],0.0,0,0.055,12,https://image.tmdb.org/t/p/w500/hYBEdjEWAJQTVjoxpriqoRnkULy.jpg
456704,Noolpalam,2016-03-06,,['Drama'],[],"['T G Ravi', 'Abin', 'Santhakumari', 'Kulappulli Leela', 'M R Gopakumar']",['Sinto Sunny'],[],['Malayalam'],[],0.0,0,0.0468,96,https://image.tmdb.org/t/p/w500/as7scw665ay3l8dayM3TewQIrn7.jpg
496011,Karutha Sooryan,2017-12-08,"Karutha Sooryan is a Malayalam movie starring Manjusha and Muhammad Shah in prominent roles. The movie also stars Megha, Navnindra Behl, Neena Kurup and Suresh Gopi. It is a drama directed by EVM Ali.",['Drama'],[],"['Abi', 'Shivaji Guruvayoor', 'Neena Kurup', 'Kochu Preman']",['E V M Ali'],['E V M Ali'],['Malayalam'],[],0.0,0,0.0654,110,https://image.tmdb.org/t/p/w500/6GQZyu1YN15INc14f5lGg2CGN1h.jpg
495572,Passu,2017-11-17,"Rambhadran, an ardent lover of animals and nature, along with his cows moves to a new place where he is helped by a local to settle down. Soon, rumors spread that a leopard is spotted in the nearby forest. Fearing for the life of the cows, Rambhadran decides to sell the cows but he is threatened by the 'Cow protection committee'. Unable to cope with the situation, Rambhadran leaves the cows in the forest and returns, however, a few days later Rambhadran is mysteriously found dead.",['Drama'],[],"['Nandhu', 'Kalasala Babu']",['M D  Sukumaran'],['Abraham Mathew'],['Malayalam'],[],0.0,0,0.0534,132,https://image.tmdb.org/t/p/w500/oTYt99rPeEuqjCtislRLUxDCJ57.jpg
1646390,It Was Here Before Our Time,2026-02-28,"It Was Here Before Our Time immerses viewers in the enigmatic world of Maari Theyyam, an ancient ritual performed along the southern coast of Kerala, India. The documentary captures Maari Theyyam's raw energy and mysticism through intimate observational footage, revealing how the ritual serves as a communal act of healing and resilience.",['Documentary'],[],"['Jithin Prasanth', 'Adarsh Balan', 'Sreerag', 'Ranjith K', 'Gokul Das']",['Ramith Kunhimangalam'],[],['Malayalam'],[],0.0,0,0.0595,30,https://image.tmdb.org/t/p/w500/2pqn9dPJuNo3vl6H5rp5qgsm75b.jpg
1377391,Cupid Saw the Star,2024-12-15,"Devan is a hypersexual young man whom his friends call ""Kamadeva."" He considers himself a macho man and asserts his machismo in every possible situation. A total womanizer who thinks of women as means of quenching his sexual thirst. One day he brings a young lady to his house who in turn makes hid night ""unforgettable"".",['Drama'],[],"['Athul Singh', 'Gayathri Babu', 'Vaishak', 'Adhithya Baby', 'Ameesha Yashica']",['Adhithya Baby'],[],['Malayalam'],[],0.0,0,0.0496,86,https://image.tmdb.org/t/p/w500/jr4imQo3apFrBV3qKUlQ8kRk7uf.jpg
911977,The Obituary Column,2018-03-15,A man who searches for his own death in the obituary column of the newspapers.,"['Horror', 'Mystery']",['short compilation'],"['Deepu John', 'Deepu John', 'Deepu John']",['Ashin Jose'],['Ashin Jose'],['Malayalam'],[],10.0,2,0.07,6,https://image.tmdb.org/t/p/w500/mewpaufFwuVqRHYqCYXmMA8h2hq.jpg
1575849,Nerariyum Nerathu,2025-05-23,"In a quiet village surrounded by mist covered hills and ancient legends, Abhiram Radhakrishnan plays Arjun, a young documentary filmmaker who arrives searching for truth behind a mysterious ritual performed only at midnight.",['Drama'],[],"['Rajesh Azhikkodan', 'Swathi Das Prabhu', 'Abhiram Radhakrishnan']",['Ranjith GV'],['Ranjith GV'],['Malayalam'],[],0.0,0,0.0504,92,https://image.tmdb.org/t/p/w500/jwbyJErqvPSgZrB6BL0XcrTB2MX.jpg
516338,Tritiya,2017-01-01,"After discovering their roommate’s suicide, Sandeep is drawn into an introspective journey steeped in Indian mythology and the strict gender binaries of their childhood. A gut-wrenching but ultimately uplifting portrayal of growing up third gender in southern India.",[],[],[],['Vishnu Prasad'],[],['Malayalam'],[],1.7,3,0.0507,17,https://image.tmdb.org/t/p/w500/i2bmEBvP0rI3IDZ39AzlwEfGl02.jpg
1552555,TWERK,2025-08-26,"A mother, a dancer, and a rebel at heart, Diya lives under the weight of a matriarchal and orthodox household. In a quiet act of defiance, she secretly sneaks out to rediscover the art of dance, igniting a chain of challenges that threaten to unravel her world. As family tensions rise and secrets come to light, Diya must confront her passion, fears, and the true meaning of individuality, proving that resilience can rewrite even the strictest expectations.","['Comedy', 'Drama', 'Family']","['dancer', 'twerking']","['Greeshma Narendran', 'AKASH SABU', 'SHAHIDA  KAREEM', 'ANN SUZZANE', 'GUINESS VINOD']",['SAHAL VJ'],"['SAHAL VJ', 'ASHIL JEEJO']","['English', 'Malayalam']",[],0.0,0,0.0934,36,https://image.tmdb.org/t/p/w500/e55z4UhdeinJQK2sMKcXcPljo1n.jpg
1379861,Slaves of the Empire,2024-11-07,"This film delves into the ordinary existence of a dhobi community who were enslaved by the Dutch during the Colonial Era. Told through the journeys of four central characters, the film paints a vivid portrait of their remarkable stories, depicting both their trials and triumphs, as well as their unwavering spirit of resistance and endurance.",['Documentary'],[],[],['Rajesh James'],[],"['Malayalam', 'Tamil']",[],0.0,0,0.0673,51,https://image.tmdb.org/t/p/w500/w35J3eHhVMN31cbnebGlMBrSSJZ.jpg
949111,Ascent of an Untouchable,2021-02-10,"Forgotten but inspiring story of Kumaranasan's life and times. By adopting a unique narrative style built around the poet's work, the movie brings in the beauty of Asan's poetry. It is set in the verdant richness of Kerala's landscape.",['Drama'],[],[],['K. P. Kumaran'],[],['Malayalam'],[],0.0,0,0.0552,118,https://image.tmdb.org/t/p/w500/lilE7N9so0PkIPnHNN8YiOUGpik.jpg
683085,Oru Mass Kadha Veendum,2019-11-29,"A team of infamous terrorists hijacks a bus full of kids on a school trip. What follows is a combination of suspense and comic relief, with a twist in the story at every crossroad.",['Comedy'],[],"['Mamukkoya', 'Ullas Pandalam', 'Bheeman Raghu', 'Dinesh Panicker', 'Charmila']",['Gokul Karthik'],"['Gokul Karthik', 'Gokul Karthik']",['Malayalam'],[],1.0,1,0.0613,124,https://image.tmdb.org/t/p/w500/yBpj22bXRGNUrHI8yGIBqeGDERL.jpg
616746,Gramavasees,2019-06-28,"Madhavan and Gopalan, are brothers-in-law and partners-in-crime. Both are alcoholic and trouble makers in their village. Madhavan has a long standing rivalry with Louis, a businessman, over a property dispute.",['Comedy'],[],"['Indrans', 'Azees Nedumangad', 'Santhosh Keezhattoor', 'Vishnu Prasad', 'Shabeer Shah']",['B.N. Shajeer Sha'],"['Nithin Narayanan', 'Nithin Narayanan']",['Malayalam'],[],2.0,1,0.0885,113,https://image.tmdb.org/t/p/w500/ejIsPwObVp6pfoWlBWSZmvSD5Ti.jpg
704279,Everything Is Cinema,2021-06-02,"Chris, a young, independent filmmaker from Kerala gets inspired by Louis Malle’s 1969 documentary Calcutta and aspires to recreate the modern version of the documentary himself. He moves to Kolkata with his wife Anita, who is also a movie actress, to work on his documentary. While the shoot of the documentary is already progressing, Corona virus outbreak starts in India and his producer withholds the funds that he had agreed to release earlier. As the government imposed lock-down starts, Chris is stuck inside the rented apartment in Kolkata with Anita. To overcome the pent up frustrations, Chris decides to make a film about his own marriage without the knowledge of Anita.",['Drama'],[],"['Sherin Catherine', 'Don Palathara']",['Don Palathara'],"['Don Palathara', 'Sherin Catherine']","['English', 'Hindi', 'Malayalam']",[],6.7,3,0.1589,72,https://image.tmdb.org/t/p/w500/kqan5cjOdAqh1n7G7os1csGFoBR.jpg
1612341,Thakkol Pazhuthu,2020-01-24,"The robbery attempt at Chacko Mappila's house goes wrong and Chacko gets murdered. S.I Gireesh, who was out jogging comes to the crime scene by chance and starts his investigation.","['Crime', 'Thriller']",[],"['Santhosh Keezhattoor', 'Sashikumar Subramany', 'Kannan Sagar', 'Hareesh Pengan', 'Kottayam Rasheed']",['Hafiz M Ismail'],"['Sam Thomas', 'Sam Thomas']",['Malayalam'],[],1.0,1,0.0579,120,https://image.tmdb.org/t/p/w500/uphi53sLYo7YHvAeKPjey4xHXLI.jpg
1554302,Palama: Do You See Me?,2025-10-04,"A heartfelt exploration of plurality and diversity, this documentary centers on those labeled as “other” by society—those who don’t conform to mainstream norms or the majority’s expectations. Rooted in the belief that true acceptance requires embracing difference, it tells the stories of marginalized voices navigating a world that often excludes them. Created by the teachers and students collective NASYM, the feature weaves a fresh, humanistic narrative that celebrates individuality, connection, and the courage to exist authentically in the face of societal pressures. Through its intimate storytelling, the film invites reflection on belonging, empathy, and the power of recognizing the “other” as part of the shared human experience.",['Drama'],[],"['Meenakshi Jayan', 'Nadira Mehrin', 'Rooth P John', 'Jeo Baby', 'Sabari Raj']",['Asha Achy Joseph'],"['Theertha Venugopal', 'Mac Mer', 'Sharika Prasad', 'Naison J Melit', 'Ganga Jayakumar']",['Malayalam'],[],0.0,0,0.074,85,https://image.tmdb.org/t/p/w500/hDVNug8Vv5jiAeEuM3NAPayuQEx.jpg
1396386,Off Beat Journey,2024-04-03,"Explores the life and philosophy of the musical life of the band, Eettillam.",['Documentary'],['documentary'],"['Ratheesh Leela', 'Devan Narayanan', 'Sara Andreis']",['Galeeli Sulabhan'],[],[],[],0.0,0,0.0567,20,https://image.tmdb.org/t/p/w500/6MzHbJ2K5376eT1uG7878rKrXzq.jpg
456774,Dry,2017-03-17,"Abhinav is young jobless man who is trying to find a direction to his life. A complete alcoholic; he struggles to maintain his lifestyle with little money at hand. As another jolt, the state government enacts laws to restrict availability of alcohol. Abhinav tries several tricks to satisfy his undying quench despite this.",[],[],"['M H Navas', 'Sulfi Sulfikar', 'Vipish Kumar', 'Roshan Mathew']",['Vishakh Punna'],['Vishakh Punna'],['Malayalam'],[],0.0,0,0.0604,103,https://image.tmdb.org/t/p/w500/zXhYBRBytvoaFPySrOLVfpLBlFM.jpg
1675178,Naalppathukalile Pranayam,2026-02-13,"The movie revolves around a woman writer who, after going through a divorce, finds love again with a publisher who intends to marry her.",[],[],"['Kudassanad Kanakam', 'Sreedevi Unni', 'Jerry John', 'Asha Vasuvedan Nair']",['Remesh S Makayiram'],['Remesh S Makayiram'],['Malayalam'],[],0.0,0,0.0597,92,https://image.tmdb.org/t/p/w500/b8JUkFz2ldN5enX9it1t17K7hRg.jpg
933057,Nine /10,2017-01-26,Nine / 10 movie is about Che Guevara's end days.  It's directed by Rohan Raj  Edited by Vishnu Venugopal,['History'],['short film'],"['Sajesh Nambiar', 'Anand Gopinathan', 'Shabin TV', 'Ajay pv', 'Hareesh Peradi']",['Rohan Raj'],[],['Malayalam'],[],7.0,1,0.0535,19,https://image.tmdb.org/t/p/w500/r3U7Hxv7Sc6ALlrutRYa92NMkit.jpg
485084,The Summer of Miracles,2017-10-13,"When a nine year old boy's obsession to become invisible gets out of hand, his family decides to intervene. Although it seems to solve the immediate problem, their tactic pushes the boy further into a world of his imagination. Adding to his confusion is the arrival of his teenage cousin who seems to have a secret of her own. It is an eventful summer vacation where each one's fantasy world would collide with reality and leave them scarred.",[],[],"['Chandrakiran GK', 'Reena Maria', 'Arya Manikandan']",['Prasanth Vijay'],"['Anish Pallyal', 'Prasanth Vijay']",['Malayalam'],[],6.0,1,0.0956,117,https://image.tmdb.org/t/p/w500/o3dmyPakpKpUmqQgjqSYuzss9EJ.jpg
466676,Neelima Nalla Kuttiyanu Vs Chiranjeevi IPS,2016-12-09,Santhosh Pandit's New Movie,"['Drama', 'Action']",[],['Santhosh Pandit'],['Santhosh Pandit'],['Santhosh Pandit'],"['English', 'Malayalam']",[],0.0,0,0.0662,0,https://image.tmdb.org/t/p/w500/r8SLXXQjP5Ed5ZVEpX0OoOCkpeA.jpg
1617580,Elanjikavu P.O.,2015-03-13,"Lakshmi seeks Charles Martin and her former classmates' help to release one of their professors, Sivaraman, who has been accused of murdering a female student.",['Drama'],[],"['Mukesh', 'Salim Kumar', 'Kausalya', 'Kalabhavan Mani', 'Suraj Venjaramoodu']",['Sangeeth Louis'],"['Sangeeth Louis', 'Shinu B Krishnan']",['Malayalam'],[],2.0,1,0.0528,116,https://image.tmdb.org/t/p/w500/klzu2SYOAtI79gVYpmFjqBrGGXy.jpg
913893,FREQUENCY,2020-08-20,"Two boys follow a signal from the radio, believing it will lead them to aliens from space.","['Science Fiction', 'Comedy']","['mockumentary', 'docufiction']","['Asher S Biju', 'Alen Emmanuel Joshy', 'Akash K K', 'Anupriya Mangadan', 'Sithara Raman']",['Ashin Jose'],['Ashin Jose'],['Malayalam'],[],10.0,1,0.0801,14,https://image.tmdb.org/t/p/w500/bmLeo2rDNPR8MVCoRlYhEF2pVCr.jpg
1084173,The Fart,2020-11-14,Kunjumon who is working in a law firm has his life turned upside down when a client comes with a special case,['Comedy'],[],"['Sudheesh Scaria', 'Nimmi James', 'Dijo Augustine', 'Pratheeksha Sudheesh']",['Vishnu Rajan'],['Vishnu Rajan'],['Malayalam'],[],0.0,0,0.0609,16,https://image.tmdb.org/t/p/w500/nj1NcMi013AmhsYC65IUxFRD8kH.jpg
1004876,Laughing Budha,2021-09-01,A rich businessman hire's a comedian to make his wife laugh.,['Comedy'],[],"['Ramesh Pisharody', 'Dayyana Hameed', 'Jayakrishnan', 'Aishwarya Lekshmi']",['Suneesh Varanaad'],"['Harish P Nair', 'Suneesh Varanaad']",['Malayalam'],[],3.0,1,0.0987,76,https://image.tmdb.org/t/p/w500/gwcoTnuKlBqeTnQ9hbDGG9NBs83.jpg
873841,The Portraits,2021-11-28,"Six cinematic sketches depicting the various means by which a fascist government tries to silence its people suspected of Maoist ties. They hunt down artists, those who struggle against ecocide and mechanization, people’s counterattack against state-sponsored violence. And by imposing a new order of obedience on its people.",['Drama'],[],[],['Bijukumar Damodaran'],['Bijukumar Damodaran'],"['English', 'Malayalam']",[],7.0,1,0.193,87,https://image.tmdb.org/t/p/w500/uJ1PNhk9X8zjrdUF4bms2UCqnVW.jpg
430882,Six Feet,2017-02-17,"Aaradi (English: Six Feet) is a film adaptation of E. Santhosh Kumar's short story ""Oralkkethra Mannu Venam"" by Saji Palamel. It talks about a son's struggles to bury the dead body of his father who was a Dalit scholar and a Gandhian.",['Drama'],[],"['Irshad', 'Hima Shankar', 'Shivaji Guruvayoor', 'Kochu Preman']",['Saji Palamel'],[],['Malayalam'],[],0.0,0,0.0655,100,https://image.tmdb.org/t/p/w500/34e1EhdyVgoXcyMvhuOAn24yoEo.jpg
1277405,Sarcas Circa 2020,2021-04-01,"After facing failure in almost every venture, Mr. F and Mr. J, two friends from a small town in Kerala embark on an adventurous journey to a nearby city. Mr. F receive a call from a stranger who persuades them to take up and finish a task. The stranger promises upon the completion of the task they will make a fortune putting an end to their drag ordinary lives. Continuous failures in Mr. F's life has allowed him to arrive at his own philosophy and insists that we are living in peculiar times surrounded by samasya (riddles). Those who offer help/work/money, in short, people with power have choices and those who receive have none. Ironically, Mr. F in his personal relationship with Mr. J seems to have forgotten his own philosophy. Leaving no space for agency or autonomy Mr. F drags his innocent and obedient friend (Mr. J) into a huge mess from which three is no going back.",['Drama'],[],"['Firos khan', 'Jijo k Mathew', 'Abhija Sivakala', 'Kenshin', 'Ashiq Khalid']",['Vinu Kolichal'],['Sudheesh Kumar'],"['English', 'Malayalam']",[],0.0,0,0.0989,110,https://image.tmdb.org/t/p/w500/caDuMr9YN3iDTrZHjMX79fO1ylx.jpg
529804,Sreehalli,2018-06-08,,"['Comedy', 'Drama']",[],"['Santhosh Keezhattoor', 'Unni Lalu', 'Vinod Kozhikode', 'Bichal Muhammed']",['Sachin Raj'],['Roopesh Kallingal'],['Malayalam'],[],0.0,0,0.0546,110,https://image.tmdb.org/t/p/w500/ePKJ0D7qy6DMbgN6f8fFIqiV29N.jpg
1129234,Documentation of a series of unfortunate incidents,2023-03-04,An experimental short film directed by Anand sarath from Fictionless films,"['Documentary', 'Thriller']",[],"['Akhil S', 'ritwik deepa']",['Anand S'],['Anand S'],"['English', 'Malayalam']",[],0.0,0,0.0646,11,https://image.tmdb.org/t/p/w500/7tNKNbNWV0kGik7rF2k3hzgHXM5.jpg
1572724,Aaro,2025-11-16,"Someone explores the quiet spaces between memory, longing and silence. Crafted with restraint and emotional depth, the film reflects on the moments we hold close and the words that remain unspoken.",['Drama'],[],"['Shyamaprasad', 'Manju Warrier', 'Azees Nedumangad']",['Ranjith'],['V R Sudheesh'],['Malayalam'],[],0.0,0,0.07,22,https://image.tmdb.org/t/p/w500/barURdKpH7SFOhjZnKjLaQX2MK6.jpg
1160282,Iyaan Paatta,2023-08-04,"A closeted gay person in a straight relationship meets a person who has come out, and what follows is a tale of turmoil, self discovery and unrequited love within a society that imposes familiarity.",[],[],[],['Fabin Thomas'],[],['Malayalam'],[],0.0,0,0.0457,25,https://image.tmdb.org/t/p/w500/qbPncgkFPGW405P5d6r7h7UdoPp.jpg
1235999,Hodu,2024-01-13,"The movie opens with the Hodu police tracking down the perpetrators of a gang rape that killed the victim, a minor, in the course of the crime.",[],[],"['Roopesh Peethambaran', 'Harikrishnan Sanu']",['Anush Mohan'],['Vinod Krishna'],['Malayalam'],[],0.0,0,0.0708,0,https://image.tmdb.org/t/p/w500/lGTPqAiT4RLK1L6lgvezv29dgLs.jpg
1692845,Pathanam,2026-05-08,"In the backwaters of 2000s Vypin, Jose finds his home besieged by religious fervor after discovering a biological, winged man in his tool shed. Jose tries to navigates the chaos amidst priests, politicians and people.",[],[],[],['Robin Joy'],[],['Malayalam'],[],0.0,0,0.0901,37,https://image.tmdb.org/t/p/w500/pxgIsvczIR1CArT2KgdJe5IH7Ik.jpg
1303170,Akkuvinte Padachon,2023-09-22,Written and directed by Murukan Melery,['Drama'],[],"['Vinod Kovoor', 'Shivaji Guruvayoor', 'Pradeep Balan', 'Mamukkoya']",['Murukan Melery'],['Murukan Melery'],['Malayalam'],[],0.0,0,0.1307,118,https://image.tmdb.org/t/p/w500/8QlbEI3gkUwlMi8wMCHHXPqIg3h.jpg
1474660,Ten Months,2025-05-02,"Set in the picturesque village of Tiruvala, 'Pathu Maasam' tells the story of the survival of a basic caste laborer named Praseetha. She throws her husband Raghu out of the house under special circumstances and realizes that she is pregnant one of the next few days. This leaves Praseetha conflicted but she does not give up. Raghu, on the other hand, leads a more chaotic life.",[],[],"['Kavitha Jose', 'Suresh Thiruvalli']","['Sumesh', 'Gopu']",[],['Malayalam'],"['ManoramaMax', 'ManoramaMAX Amazon Channel']",0.0,0,0.1016,96,https://image.tmdb.org/t/p/w500/wQSe3wsZ7j7uoMZ5xKKYbvOeJHu.jpg
496008,Duryodhana,2017-12-01,"Following the disappearances of their loved ones, two brave hearts - Captain Ram and a youngster named Siva Surya - set out to find them. Their investigations lead them on a journey full of peril and adventure, and trouble looms large as they step closer to the truth.",['Thriller'],[],"['Pradosh Mohan', 'Vinu Raghav', 'Shilpa Sunil', 'Hima Shankar']",['Pradosh Mohan'],['Pradosh Mohan'],['Malayalam'],[],0.0,0,0.051,115,https://image.tmdb.org/t/p/w500/o4J1ZHLBqwPJOugv3Ne2gZ2vceB.jpg
1405779,Mutta Kallan,2024-12-17,"Britto, a skinny young man striving to get fit, relies on eggs for his protein boost. But when his eggs mysteriously start disappearing, suspicions rise among his four housemates. As frustration builds, Britto is determined to catch the culprit behind the missing eggs.","['Comedy', 'Mystery']","['whodunit', 'eggs', 'malayalamshortfilm']","['Alister Alex', 'Akash Ajithkumar', 'Devakrishnan R', 'Benedict George Stephen', 'Rohith Rajesh']",['Ajay Krishnan Vijayan'],['Ajay Krishnan Vijayan'],"['English', 'Malayalam']",[],8.0,1,0.1339,18,https://image.tmdb.org/t/p/w500/y1ZIsKpPYTTRPVwY481daxN8BlX.jpg
569801,Shabdam,2018-10-11,,['Drama'],[],"['Linu Issac', 'Richard K. Joe', 'Sophia M. Joe', 'Babu Kuzhimattom']",['P K Sreekumar'],['P K Sreekumar'],['Malayalam'],[],0.0,0,0.0379,118,https://image.tmdb.org/t/p/w500/nrR0ftBw4jjmLlBAdOIBRGquux6.jpg
534783,Kenalum Kinarum,2018-06-29,"An old woman with meager means has to walk downhill from her home to fetch water from a Panchayath well. Her hut is in desperate need of maintenance too. Advised by a well wisher, she decides to apply for government loan to mend her shack and build a well. But corrupt officers keep denying her application because she has no money for bribes. Learning about this, her employer, retired army colonel decides to teach the officers an unforgettable lesson.",['Drama'],[],"['Jaffer Idukki', 'Saju Kodiyan', 'Santhakumari', 'V. Suresh Thampanoor', 'Tini Tom']",['Mummy Century'],[],['Malayalam'],[],0.0,0,0.0486,101,https://image.tmdb.org/t/p/w500/jIREPHbgSC0X182kMzgagKdhdKr.jpg
872235,Koora,2021-09-09,"Varthik, a College student, finds her Senior jency eating a Cockroach in the library. Now he wants to know why she is eating those.",['Mystery'],[],"['Varthik', 'Keerthy anand', 'Diniz Sanchez', 'Irena Mihalkovich', 'Dhyan Dev']",['Vaishakh Jojan'],"['Vaishakh Jojan', 'Vaishakh Jojan']",['Malayalam'],[],0.0,1,0.0797,120,https://image.tmdb.org/t/p/w500/lqZwPMO4l91weVwKfTUTuy0rcs1.jpg
769584,Eye Test,2017-08-01,"Eye Test is a short fiction film that delves into the mindscape of the 27 year old Nivedita when she visits an eye clinic for a checkup, to deal with her mother’s demise.",['Drama'],[],[],['Sudha Padmaja Francis'],[],['Malayalam'],[],0.0,0,0.0472,17,https://image.tmdb.org/t/p/w500/eSDzdJus4DTAA5Lryf8gFnIfywH.jpg
1430375,BunnyBoo Live,2025-02-09,Two radical villagers try to overthrow a fascist government one brick at a time.,['Music'],[],"['Sidharth Rengan', 'Varun Menon', 'Shruthin Vasanth', 'Rohan Muraleedharan', 'Harigovind V.']","['Varun Menon', 'Annweshan Priyam']",['Sidharth Rengan'],['Malayalam'],[],0.0,0,0.0509,6,https://image.tmdb.org/t/p/w500/rZtGU9ympFRtlx6s4dxonmVNEkI.jpg
1573778,Kalyanamaram,2026-03-27,,['Drama'],[],"['Dhyan Sreenivasan', 'Devanandha', 'Meera Vasudevan', 'Prasant Murali', 'Manoj K U']",['Rajesh Amanakara'],"['Rajesh Amanakara', 'Vidhya Rajesh']",['Malayalam'],[],0.0,0,0.1103,101,https://image.tmdb.org/t/p/w500/s4a61OK9DPfGK7ErqTH8zx6dPCr.jpg
1215189,Ohh.. Cinderella,2023-12-07,,[],[],"['Anoop Menon', 'Dilsha Prasannan', 'Mallika Sukumaran', 'Nandhu', 'Maala Parvathi']",['Renolze Rehman'],['Anoop Menon'],[],[],0.0,0,0.0561,0,https://image.tmdb.org/t/p/w500/f6jO4hPuwuwp20W9AqtW00UO7FC.jpg
1328077,Sambavasthalathu Ninnum,2024-08-30,Hidden Truth Waiting to be Unveiled...,['Drama'],[],"['Sinseer', 'Dayyana Hameed', 'Lal Jose', 'Aswathy Sreekanth', 'Sudheer Karamana']",['Sinto David'],"['Sanju Elavally', 'Akhilesh Thayyur']",['Malayalam'],[],0.0,0,0.1448,118,https://image.tmdb.org/t/p/w500/9cy2BURipjWiSUhXTBvvA9qm9XZ.jpg
1655333,Chandranum Policeum,2024-10-25,"Three police officers accompany a suspected criminal on a day-long journey through challenging terrain, during which they witness a startling incident.",[],[],[],[],[],['Malayalam'],[],0.0,0,0.1068,0,https://image.tmdb.org/t/p/w500/76t9HdDaERMqHxs8jqOzHUsDe9O.jpg
1612337,Aalkoottathil Oruvan,2020-01-10,Aalkoottathil Oruvan is a Malayalam movie starring Aiswarya Anil Kumar and Hari Menon in prominent roles. It is an action drama thriller written and directed by Sainu Chavakkadan.,['Thriller'],[],"['Pradeep Babu', 'Spadikam George', 'Saju Navodaya', 'Sinoj Varghese', 'Tony']",['Sainu Chavakkadan'],"['Sainu Chavakkadan', 'Sainu Chavakkadan']",['Malayalam'],[],1.0,1,0.0593,110,https://image.tmdb.org/t/p/w500/uRLE2drg35O8MVGLeLHnJJg3oXZ.jpg
786739,Rampunthanavaruthi,2019-10-16,"Aspiring film makers Jeevan and Shilpa meet at an International Film Festival and develop an instant attraction. They spend festival days together and they get fascinated with a Palestinian movie named AZAG, which narrates the story of a young man from Gaza who meet and develops an intimate friendship with an Israeli journalist. Meanwhile, Jeevan opens up about his dream cinema, titled PANCHAMI that tells the fierce caste struggles an early 20th century Indian girl had to go through to get education. PANCHAMI and AZAG start influencing them in mysterious ways drawing many parallels, as they walk, talk and slowly fall in love….","['Drama', 'Romance']",[],"['Sanju Sivaram', 'Aparna Vinod', 'Adithyan Chadrashekar', 'Anjali Krishnadas', 'Pravin Pillai']",['P.R. Arun'],[],['Malayalam'],[],0.0,0,0.0495,94,https://image.tmdb.org/t/p/w500/qEg0TXQ6R1L6fhPXxg1oCMcVrYl.jpg
1438335,Swapnasundari,2022-06-30,"Shanu is a model . He gets one call in his mobile and through phones they get more closer and began to love each other .One day he start to Munnar to meet karishma. During the journey, he met lot of problems from Zakaria and the team.",[],[],"['Rajith Kumar', 'Shinu Syamalan', 'Janaki Devi', 'Shivaji Guruvayoor', 'Sajan Palluruthy']",['Philip.K.J.'],"['Royitta Angamali', 'Seethu Anson', 'Kumar Zen']",[],[],0.0,0,0.0582,0,https://image.tmdb.org/t/p/w500/f9bcCmEV3SrtuGjbTLOnwXOoIO8.jpg
987148,Shakadam,2022-02-25,shakadam short movie,"['Drama', 'Music', 'Romance']",[],[],[],[],['Malayalam'],[],0.0,0,0.0577,0,https://image.tmdb.org/t/p/w500/qgCIAtK72OiqoO8iP6LLF1P7Jka.jpg
1267190,Thespians of Aattam,2024-03-20,"Exploring the backgrounds of the players behind the 2024 film Aattam, and their experiences in making the film.",['Documentary'],[],"['Vinay Forrt', 'Zarin Shihab', 'Kalabhavan Shajon', 'Nandan Unni', 'Selvaraj Raghavan VR']",['Ananthakrishnan Gopinathan'],[],['Malayalam'],[],0.0,0,0.0571,64,
814751,Kaatinarike,2021-04-04,"The story of a poor family, a father, mother and two children live happily in a beautiful valley. Adversities affect them. But they overcome them with their true faith and fine deeds.",['Drama'],[],"['Ashokan', 'Sini Abraham', 'Chali Pala']",['Roy Karakkattu Capuchin'],[],['Malayalam'],[],0.0,0,0.0363,136,https://image.tmdb.org/t/p/w500/kyhy46ckU2sU3KTgLOXoAh97N7j.jpg
1286984,Smoke,2023-03-31,"An underworld gang led by a woman faces unexpected events that disrupt lives in their neighborhood. Their town experiences a chain of incidents that turn the residents' lives upside down, affecting the criminal organization's operations.","['Drama', 'Crime']",[],"['Pradeep Kumar', 'Krishnadas MG', 'Sutheesh Kaladi', 'Shamnad Kalabhavan', 'Janaki Devi']",['Arun Ayyappan'],['Arun Ayyappan'],['Malayalam'],[],0.0,0,0.0569,82,https://image.tmdb.org/t/p/w500/2aYzhfrbFzcf57ZHxRyVCwPfXHc.jpg
1341835,Poyyamozhi,2024-05-19,"Jayson is a runaway who is guided through the woods by an older man named Chachan.  However, the dynamic between them changes from a guide and a traveller to a hunter and his prey. The story takes a dark turn when Jayson discovers Chachan's true, vengeful intentions, leading to a shocking confrontation.","['Adventure', 'Thriller']",[],"['Jaffer Idukki', 'Nathaniel Madathil', 'Meenakshi Anoop']",['Sudhi Anna'],['Sarath Chandran'],"['Malayalam', 'Tamil']","['ManoramaMax', 'ManoramaMAX Amazon Channel']",1.0,1,0.0697,102,https://image.tmdb.org/t/p/w500/lzBfnGVtLyFdJyqoKdVElOE2Y5b.jpg
904227,Southside,2021-11-12,A documentary on Kerala's rising hip hop culture. Dive deeper into this culture that is making waves across Kerala with its distinctive style and form. Catch the talented artists of South India speak about the evolution of this expressive musical genre right here.,"['Documentary', 'Music']",[],[],['Joven Roy'],[],"['English', 'Malayalam']",[],0.0,0,0.056,28,https://image.tmdb.org/t/p/w500/a1cf00wyfbjIDWRQ5fC8uqzjas.jpg
1246679,Romeo Laiju,2024-02-14,,"['Romance', 'Comedy']",[],"['Shine Tom Chacko', 'Aadhya Prasad', 'Ardra Mohan']",['Akhil Abdulkhader'],"['Yatheendran', 'Akhil Abdulkhader']",['Malayalam'],[],0.0,0,0.0441,14,https://image.tmdb.org/t/p/w500/1STAjLhd9uS3sd2l9IdngNAekWc.jpg
1627809,Madras Kadhal,2026-01-30,"Unfolding over the course of a single night. It captures a fleeting phase in a young couple’s relationship — moments of closeness, uncertainty, and love, just before life pulls them in different directions.","['Romance', 'Drama']",[],"['Nevin Rajan', 'Meenakshi Sethulekshmi', 'Akshay Gireesh', 'Ziana']",['Sandeeb Sanu'],['Sandeeb Sanu'],['Malayalam'],[],0.0,0,0.0511,18,https://image.tmdb.org/t/p/w500/7m7m6Ku9XWL2QVYar4dsRr6uHFd.jpg
1546976,Err is Human,2025-09-03,"""Err is Human"" is a family drama set in the Netherlands, where an au pair returns after many years to reveal what really happened on a life-altering day decades ago. The film weaves themes of cultural nuances, human values, and how choices made in a fleeting moment can quietly shape the course of their lives.","['Drama', 'Family']",[],"['Deepthi Jose', 'Aiswarya Nath', 'Arun Veerakumar', 'Isha Daniel', 'Daan Joyal']",['Jobin Daniel'],['Jobin Daniel'],"['Dutch', 'English', 'Malayalam']",[],2.0,1,0.1091,22,https://image.tmdb.org/t/p/w500/hkF3S8aOBgdzbxzY1ZwSmTd9UKJ.jpg
1520124,Once Upon a Silver Screen,2025-06-28,"A nostalgic short documentary capturing heartfelt memories of people recalling their very first experience watching a film in a theatre. Each voice shares a personal story of wonder, excitement, and the timeless magic of cinema.",['Documentary'],"['movie fan', 'love for cinema', 'life experience']",[],['Martin George'],[],['Malayalam'],[],0.0,0,0.1602,11,https://image.tmdb.org/t/p/w500/x2Rlnu9z9v7PDUtXJCVt6uUn0bI.jpg
1496372,Mary,2025-06-05,"Mary, an Indian nurse in Switzerland, receives an invitation to a Christmas party from a doctor, where she meets Edi. As she navigates the budding feelings, Mary grapples with the looming specter of an arranged marriage awaiting her back home.","['Drama', 'Romance']",[],"['Neena Kallickal', 'Asha Chellakudam', 'Bindu Manjaly', 'Matthias Schoch', 'Fabian Guggisberg']",['Nevin George'],['Nevin George'],"['German', 'Malayalam']",[],0.0,0,0.0474,22,https://image.tmdb.org/t/p/w500/nQb1FanawFFg0hwQINuCcGnCV2p.jpg
1418662,"1098 Ten, Nine, Eight: A Countdown to Infinity",2025-01-17,"Childline receives a distressing complaint about a +2 student, who is of mixed Bengali and Malayali Dalit heritage, being expelled from a government school in a rural village without any apparent reason. Upon investigating, the Childline team exposes a web of social, political, and racial secrets, revealing that institutions and individuals meant to be role models are culpable. As the team digs deeper, they uncover the shocking truth behind the student's expulsion, leaving them stunned and disturbed.","['Mystery', 'Thriller']",[],"['Santhosh Keezhattoor', 'Adv. Shukkoor', 'Monisha Mohan', 'Rajesh Poonthuruthi', 'Rajath Rajan']",['Guru Govind'],['Guru Govind'],['Malayalam'],[],5.0,1,0.0379,95,
917398,Ettu,2020-12-08,"Not all humans are the same. Everyone approaches a situation differently.  This story is about humans, about what could happen to like-minded people.","['Drama', 'Action']",[],"['Ansal Ben', 'Manushi', 'Ranjith', 'Malin', 'Mahesh']",['Syam Mohan'],[],['Malayalam'],[],0.0,0,0.0474,16,https://image.tmdb.org/t/p/w500/t0A5nlxiDTvWNv6Ag4R3ytm8hPA.jpg
1641001,Ochu,2023-12-01,"A Police Officer, a Mysterious Woman, and a Movie Director are stuck inside the former's house. As they pretend to be something they are not, it's a race against time to find the mastermind behind an even more sinister criminal syndicate.",['Thriller'],[],"['Sudheer Karamana', 'Hima Shankari', 'Ajit Koshy', 'Saju Navodaya', 'Niyas Backer']",['Sarjulan'],"['Sarjulan', 'Sarjulan']",['Malayalam'],"['ManoramaMax', 'ManoramaMAX Amazon Channel']",1.0,1,0.1408,123,https://image.tmdb.org/t/p/w500/nFFwn1KWZK26AJujulEfBr2MfBK.jpg
1470767,Not A Biopic,2025-04-27,The typical love letter to cinema.,"['Comedy', 'Drama']","['not a biopic', 'lopamudra']","['Keerthana P V', 'Vinayak S Sreejith', 'R. S. Panicker', 'Aswanth M', 'Abhirami A H']",['Lopamudra M L'],['Lopamudra M L'],"['English', 'French', 'Malayalam']",[],10.0,1,0.0505,29,https://image.tmdb.org/t/p/w500/6w2a9HiwYLS794IkAhvzKokAV8s.jpg
1378121,The Fishes,2024-10-19,"A young man wanders off from his monotonous life into a mystical village, where he has life-altering experiences.","['Fantasy', 'Drama', 'Family']",[],"['Rigved Praveen Akshatha', 'Subith Babu', 'Pradeep Joseph', 'Akash Muraleedharan']",['Achuth Giri'],['Achuth Giri'],['Malayalam'],[],0.0,0,0.0404,19,https://image.tmdb.org/t/p/w500/knYj9X5IZBLwhy9JttpriRXgNyg.jpg
1289705,Everything is More Beautiful Because We're Doomed,2024-04-12,"Two theatre students struggle to perfect their respective roles of playing a dead body and his visitor during a practice session for a play. The Dead Body is not able to stay still while the Visitor can't emote enough. Their frustrated teacher shouts at them and orders them both to practice separately and come back. As they delve into new landscapes for the rehearsal, bizarre events unfold.",['Drama'],[],"['Amalraj A S', 'Abhishek Manissery', 'Neerada K M', 'Jinesh Manissery', 'Amal Krishnan']",['Athul Kishan'],['Athul Kishan'],['Malayalam'],[],0.0,0,0.0552,31,https://image.tmdb.org/t/p/w500/8KixqQajgaVhPwwz8ncZKF1VOhl.jpg
709414,Sorej,2015-01-01,The film tells the story of a young Indian kid who discovers his father’s secret job.,[],[],[],['Hashim Sharaf'],[],['Malayalam'],[],0.0,0,0.0552,6,https://image.tmdb.org/t/p/w500/ySq8hRXjP9sXclnCPJkRqEbqZ59.jpg
1365153,Thanupp,2024-10-04,"Pratheesh and Treesa, the young couple, arrive to a beautiful village blessed with hills and rivers. They settle there in a rented room with the help of the villager Prakasan. Pradheesh makes a living by working as a painter in the company of Prakasan. Though the villagers come to like the young couple, they feel that there's something mysterious in Pradheesh and Treesa. Their suspicions increase when the couple frequently ask them the location of the river in the village. It is the rest of the story of the young couple that the film Thanuppu unravels in a tone of unflinching social commitment.",['Drama'],[],"['Nidheesh Nambiar', 'Jibiya T.C.', 'Arun Kumar', 'Koottickal Jayachandran']",['Ragesh Narayanan'],['Ragesh Narayanan'],['Malayalam'],"['ManoramaMax', 'ManoramaMAX Amazon Channel']",4.0,1,0.0863,110,https://image.tmdb.org/t/p/w500/nAwHuHr9JdXXzRYxSjC0NNm51IG.jpg
1648214,Iravan,2026-03-08,"Despite living in a so-called progressive era, a tribal mother fights to send her son back to school, leading to his brave journey through the forest in pursuit of education.",['Drama'],[],"['Anjana Mohan', 'Abhijith Wayanad']",['Binuraj Kallada'],[],['Malayalam'],[],0.0,0,0.1041,0,https://image.tmdb.org/t/p/w500/nBQmFX5LmdPAdEi9L5gI1XpJJrr.jpg
1608439,Jeevan,2024-12-13,"Life gifted everything to Jeevan, a successful IT professional, love, friendship, luxuries...anything one could ask for.. But fate had a different plan for him.",[],[],"['Subhash Pandalam', 'Sunil Paniker', 'Preethi Christina Paul', 'Sinu Sidharth', 'Balan Vijayan']",['Vinod Narayanan'],['Vinod Narayanan'],['Malayalam'],[],0.0,0,0.0509,0,https://image.tmdb.org/t/p/w500/1D3F4FchAkp3OgsExBAreAkqp1z.jpg
532218,Urukku Satheesan,2018-06-01,"Vishal, a millionaire, takes on the guise of Urukku Satheeshan, a goon with a heart of gold. How his past haunts him and how he tries to set things right form the plot.","['Action', 'Romance', 'Drama']",[],['Santhosh Pandit'],['Santhosh Pandit'],['Santhosh Pandit'],"['English', 'Malayalam']",[],0.0,0,0.0429,145,https://image.tmdb.org/t/p/w500/zQiXDbjui5UZidsOEkqC8cmkLv1.jpg
531711,Lolans,2018-03-23,,['Romance'],[],"['Nishan K. P. Nanaiah', 'S.P. Sreekumar', 'Indrans', 'Sunil Sukhada', 'Abu Salim']",['Salim Baba'],['Suneer K P'],['Malayalam'],[],0.0,0,0.0404,110,https://image.tmdb.org/t/p/w500/9MNyqaAEpHERJIWJlLf6s6mqIKU.jpg
491845,Plus or Minus,2015-07-03,"The story depicts the sudden fall of Ashokan, the protagonist of the movie. Once a millionaire, Ashokan is subject to treachery and fraud leading him to lose everything he ever possessed. As a result, he is left with nothing and is forced to live on the streets.",[],[],"['Faisal', 'Roopashree', 'Urmila Unni', 'Murali Mohan', 'Ambika Mohan']",['Janardhanan'],['Janardhanan'],['Malayalam'],[],0.0,0,0.1031,113,https://image.tmdb.org/t/p/w500/96LEyFgOurEiAcnWUPadahI9Z2R.jpg
1452848,Sorry,2025-03-21,"Aravind Babu, a struggling actor starts his quest for apologies from the people who bullied him in the past in order to find his lost confidence to reignite his passion for acting. It is then he realised that there are two types of people ; the apologetic and the unapologetic.",['Drama'],[],"['Aromal Devaraj', 'Ashkar Ali', 'Reghna Biju', 'Aswin Mohan', 'Amal K Uday']",['Akshay Chandrasobha Asok'],['Akshay Chandrasobha Asok'],['Malayalam'],[],0.0,0,0.0453,81,https://image.tmdb.org/t/p/w500/n5vIsyQ7qiaA3cvxya0Fqt16LCr.jpg
1540707,IMMORTAL,2016-01-30,"The story centers on a young man, Appu, born into a mafia family and enamored by the tales of underworld legends. He sets himself the mission of assassinating the ruthless gangster Mrithyumjayam, a man rumored to be “immortal”, having survived bullets, stabbings and decades at the top of the food chain. The question looms: can Appu kill the man who can’t die and thereby make a name for himself?","['Drama', 'Action', 'Thriller']",[],"['Selvaraj', 'Balu Varghese', 'Nandan Unni', 'Jitin Puthanchery']",['Dominic Arun'],['Dominic Arun'],['Malayalam'],[],10.0,1,0.0493,16,https://image.tmdb.org/t/p/w500/f2eMVscVsmWyhkvGhtvFtmtxLCV.jpg
753541,Mannu - Sprouts of Endurance,2020-02-19,"The Plantation strike led by the women tea plantation workers in Munnar, Kerala was a nine day strike, which further lead to the formation of Pempilai Orumai (women's unity) , a landmark movement in the labour union history of India. The strike has broke out on 2015, Sept 5 with around 5000 workers started their agitation in front of Kannan Devan Hills Plantations Ltd. Office, when management decided to scale down the bonus to 10 percent from 20 percent. The strike was a female labour movement first time in the history of India and was an attempt to demarcate the economical and gender disparities in plantation sector.",['Documentary'],[],[],['Ramdas Kadavallur'],[],"['Malayalam', 'Tamil']",[],0.0,0,0.0527,113,https://image.tmdb.org/t/p/w500/pndMKQMSoYU8UwsI2jKamgq1ZBs.jpg
606764,Hridyam,2019-05-31,"Hridyam is a Malayalam movie released on 31 May, 2019. The movie is directed by KC Binu and featured Kottaya",['Drama'],[],"['Kottayam Nazeer', 'Kochu Preman']",['K C Binu'],['K C Binu'],['Malayalam'],[],0.0,0,0.0825,97,https://image.tmdb.org/t/p/w500/2BMhtRSbyILEOhTspM3L1QQ2qF.jpg
1016897,Kurukkanmoolayile Superman,2020-01-01,The story revolves around a thief in a fictional village callled kurukkanmoola,"['Fantasy', 'Drama']","['superhero', 'friends', 'fantasy world']","['Devadutt MA', 'Gopikrishnan KN', 'Krishnaprasad S', 'Jishnu N Parakkattu']",['Jishnu N Parakkattu'],['Jishnu N Parakkattu'],['Malayalam'],[],8.3,3,0.0526,9,https://image.tmdb.org/t/p/w500/cpCfjDgQCTflHZw4kuSkChtaYnr.jpg
722234,Musical Chair,2020-02-16,A writer with a severe fear of death holds a drunken evening with several acquaintances that broadens his horizons.,['Drama'],[],"['Vipin Atley', 'Allen Rajan Mathew', 'Jaya Anoop', 'Padmakrishnan Iyer']",['Vipin Atley'],['Vipin Atley'],['Malayalam'],[],3.0,1,0.1224,134,https://image.tmdb.org/t/p/w500/i6CnR0aOdx49x6V1aESNpEIHl73.jpg
1612400,Memory Plus,2024-08-09,"Memory Plus will take you on a journey of love, loss, and self-discovery",['Drama'],[],"['Annu Antony', 'Aneesh G Menon', 'Shivaji Guruvayoor', 'Ibrahim Kutty', 'Navas Vallikkunnu']",['K T Mansoor'],[],['Malayalam'],"['ManoramaMax', 'ManoramaMAX Amazon Channel']",0.0,0,0.0423,125,https://image.tmdb.org/t/p/w500/saGf07Im3m5tvqJYliA5MyRmnxD.jpg
953309,The Proposal,2022-05-27,"When all the hard but crookedly planned attempts to succeed in life hilariously fails, Davis ventures to arranged marriage plan with one tag line - ""no dowry asked but get me a visa to settle in Australia"". When Davis meets Sandra through a matrimonial website, his story takes a turn.","['Comedy', 'Romance']",[],"['Joe Joseph', 'Alicia Louis', 'Clair Sara Martin']",[],[],['Malayalam'],[],8.0,1,0.0368,164,https://image.tmdb.org/t/p/w500/qTpEFMYieVwEQC9HrHE7Ob4fJjd.jpg
1607899,Kalaratri,2025-09-28,"A tragic car crash leaves a wealthy couple stranded on a remote road. Seeking shelter in a secluded house, they uncover dark secrets and become entangled in a deadly game of murder, deception, and revenge-where nothing is as it seems.","['Crime', 'Thriller']",[],"['Thambu Wilson', 'Abhimanue Sajeev', 'Jolly Antony', 'Maria Suma', 'Maria Abish']",['Anand Krishna Raj'],[],['Malayalam'],[],0.0,0,0.0379,79,https://image.tmdb.org/t/p/w500/Au4Sb4wx1MnunNxtklAMjIJFI2u.jpg
1590227,Holidays,2025-11-12,"A bunch of friends on a holiday save a young girl from the hands of a few goons but later find her murdered. Before long, they flee to some place but the murderer scampers after them.",['Drama'],[],"['Vinu Mohan', 'Muktha George', 'Priyaa Lal', 'Rejith Menon', 'Sudheesh']",['M.M Ramachandran'],['Mohan Thomas'],[],[],0.0,0,0.0725,120,
979008,An Excursion to Transfiguration or An Odyssey to the Gates of Pure Hell,2022-04-13,,['Documentary'],[],"['Hamraz', 'Farzad', 'Nabhan', 'Ajmal', 'Ridhwaan']",['Ridhwaan'],[],['Malayalam'],[],0.0,0,0.051,25,https://image.tmdb.org/t/p/w500/pBk3KLntGHRB4DdNDAOA2cPsaTx.jpg
968639,Caught in the Rain,2022-04-29,The odyssey of a rain escapade.,"['Comedy', 'Documentary', 'Adventure']",[],"['Gokul Suneeth', 'Nithin Philip']",['Rohith Chivukula'],[],['Malayalam'],"['Amazon Prime Video', 'Amazon Prime Video with Ads']",0.0,0,0.0379,8,https://image.tmdb.org/t/p/w500/9MxJqWTH3jABR9oC4xZGuqAtWtk.jpg
917148,Pineapple Express Ride,2021-09-12,The subjective phases humans encounter during the consumption of standard amount of Lysergic acid Diethylamide or LSD.,['Documentary'],"['friendship', 'lsd']","['Sreedev Suprakash', 'Toby Thomas', 'Midhun Joseph', 'Vishnu Vijayan', 'Sebastian Jose']",['Sreedev Suprakash'],[],['Malayalam'],[],0.0,0,0.0389,23,https://image.tmdb.org/t/p/w500/hHHiwgjG1B1BvI1KNk6BT72UQSb.jpg
832014,Death by Water,2019-12-08,"Munuswami undergoes tremendous mental stress, as he is worried that the same fate would befall him too. When Munuswami’s family and their friends try to sacrifice his life at the altar of this 'ritual' of Jalasamadhi, the youngsters fiercely oppose it.",['Drama'],[],['M. S. Bhaskar'],['Venu Nair'],"['Sethu', 'Sethu']",['Malayalam'],[],0.0,0,0.051,107,https://image.tmdb.org/t/p/w500/o9gLHnBCffoyyzKNcUsId4GLXir.jpg
510442,21 Diamonds,2018-03-09,The events begin at a Branch of the Royal Bank in a Village in Kerala Tamilnadu Border from Where Diamonds Worth Ten Crore Rupees is being Shifted to the regional office of the bank amid high security. However the diamonds go missing en route.The Story then takes a Suspense-filled ride and moves across many location and charecters.,"['Action', 'Thriller']",[],"['John Jacob', 'Sreedha Krishnan', 'Dinesh Panicker', 'Shaju Sreedhar']",['Mathew George'],['Mathew George'],['Malayalam'],[],5.0,1,0.051,111,https://image.tmdb.org/t/p/w500/pCOp9EAdJzRqJlhn7q82mIe6R1d.jpg
1391042,Universal Guru,2017-12-29,"Vishwaguru is based on the life of Narayana Guru, a social reformer of India who led a reform movement in Kerala, rejected casteism, and promoted new values of spiritual freedom and social equality.  The film was scripted, created, and released in 51 hours and two minutes, which was recorded in Guinness World Records as the fastest film produced.",[],[],[],[],[],['Malayalam'],[],0.0,0,0.0398,75,https://image.tmdb.org/t/p/w500/4gyBXCwEAImn32PDKCozQW1Ct8g.jpg
837143,The Sound of Age,2021-05-15,"The film revolves around a helpless old man, abandoned by his own kids approaching the Maintenance tribunal and Sub Divisional Magistrate court for help and the portrayal of complex emotions that takes place between the Magistrate and the family.",['Drama'],[],"['Muthumani Somasundaran', 'Kainakary Thankaraj', 'Jins Baskar', 'Ranjith Manambarakkat', 'Pranav Ekaa']",['Jijo George'],['Jijo George'],['Malayalam'],[],0.0,0,0.0505,22,https://image.tmdb.org/t/p/w500/7DIx1eIaf9TN9U3GYRoqZf7E6cB.jpg
801957,Maala,2021-04-30,"Maala is a dramatic satire where the church, society, matters of luck and fate are dealt when the two parallel characters Alex and Vareed come in conflict.","['Comedy', 'Drama']",['maala'],"['Anil Kumar', 'Sibi', 'Chippy', 'Shibu', 'Jeenu']",['Ayyappan SP'],['Thejas K Raji'],"['English', 'Malayalam']",[],0.0,0,0.0505,7,https://image.tmdb.org/t/p/w500/vQzApWw0lvpLb97ltRlUHj8yVnY.jpg
1636782,Body Cut,2026-05-10,"In the isolation of his hostel room, a young man attends a transactional call with a stranger.",['Drama'],"['stranger', 'exhibitionism', 'phone call', 'body']","['Hazmil Hussain', 'Sooraj Jose']",['Hazmil Hussain'],['Hazmil Hussain'],['Malayalam'],[],0.0,0,0.084,7,https://image.tmdb.org/t/p/w500/aSyW4RJ8ch840vlOYu3MpCrMoyc.jpg
936239,The First Miraculous Act of Arappi,2021-12-14,"A string of adventures following when the village half-wit Arappi agrees to dispose the dead-body of Kunjappan, finally resulting in something miraculous for his soul.",['Fantasy'],[],['Prasant Murali'],['Anzarulla'],"['Arun Sukumaran Nair', 'Anzarulla']",['Malayalam'],[],0.0,0,0.0529,13,https://image.tmdb.org/t/p/w500/8tgZlV8S14DwPGuO1cro3M4CEkh.jpg
1298871,Pombalai Orumai,2024-05-31,Pombalai Orumai is a thriller Malayalam movie,['Thriller'],[],"['Sajid Yahiya', 'Twinkle Joby', 'Sreeshma Chandran', 'Jitheesh Parameshwar', 'Shilpa Anil']",['Vipin Atley'],"['Vipin Atley', 'Jini K']",[],[],0.0,0,0.0571,148,
1389382,Social Animal,2024-11-22,The short brief filmed about a man who really worries about his life and his future.,"['Thriller', 'Drama']",[],"['Aswin Ashok', 'Arun Raveendran', 'Mahesh Jagadeesh']",['Sreeraj KS'],['Sreeraj KS'],[],[],0.0,0,0.0286,6,https://image.tmdb.org/t/p/w500/f7OY440aaRXBpb057AEMvL5KXoa.jpg
1129416,Life Sucks,2023-05-21,"A Portrait of Endurance"" is a powerful and emotionally charged short documentary that delves into the life of a man whose existence has been plagued by adversity. Through intimate interviews and poignant visuals, the film presents a raw and unfiltered portrayal of his struggles, inviting viewers on a deeply personal journey.",['Drama'],[],['Midhun.M'],['Ibrahim'],[],['Malayalam'],[],0.0,0,0.0486,4,https://image.tmdb.org/t/p/w500/cT15gl602Wqn6W8rDXM0UG86clR.jpg
1055851,Manassil Njanaano,2021-10-16,,['Music'],[],"['Chaithania Prakash', 'Addis Akkara']",['Charlie Chacko'],['Akhil Anilkumar'],['Malayalam'],[],0.0,0,0.0496,10,https://image.tmdb.org/t/p/w500/xWmT7rtCt76UJnEYNotD3pxwNvD.jpg
954578,The path of a bat,2022-01-16,Follows the journey of a cricket bat from it's prosaic existence of uselessness to finally meeting it's lifelong purpose of being used to hit a ball.,['Comedy'],[],"['Sreenath', 'Harikrishnan', 'Vishnu', 'Thapan Amarnath', 'Devan']",['Vishnu Prasad'],[],['Malayalam'],[],0.0,0,0.0496,4,https://image.tmdb.org/t/p/w500/z2b1uCtFay1BrF04qtRfrAbY1il.jpg
1613420,Ennittu Enthayi,2026-01-09,"Nancy came to the UK from Kerala to work as a nurse, and her husband Tony accompanied her as a dependent. Tony, who was a civil engineer in his home country, believed he could earn a good income by finding a job in civil engineering in the UK.",[],[],[],[],[],['Malayalam'],[],0.0,0,0.0637,0,https://image.tmdb.org/t/p/w500/tvE4tHUyLLWsQ8hwIq4oWcraswR.jpg
1338964,The SpOils,2024-03-01,"An elderly homeless man saves a transgender woman, who takes him home with her friend. The bond between the three starts to build but one day, the man goes missing. The two friends start to search for him, will they find him?",[],[],"['Anjali Ameer', 'Preethi Christina Paul', 'M A Rahim', 'Vineeth Mohan', 'Akhil Kavalur']",['Manjith Divakar'],['Manjith Divakar'],['Malayalam'],[],0.0,0,0.0818,104,https://image.tmdb.org/t/p/w500/lpSvRpb4c2mi96eNi0J8KE3zoBY.jpg
1597891,Far,2024-12-15,Two best friends go on a road trip to Gokarna a place renowned for beautiful landscapes offering promises of a much-needed calm. The serene atmosphere is gradually jostled into unfolding a series of mysteries.,[],[],"['Irena Mihalkovich', 'Praveen Peter', 'Nila Cheviri', 'Abhinav Manikantan']",['Praveen Peter'],[],['Malayalam'],[],0.0,0,0.0676,79,https://image.tmdb.org/t/p/w500/jWRN3tWGhsxSEA1D8firX8NAmtr.jpg
1319765,Remote Control,2024-06-01,"A first-generation migrant nurse is going through a journey of self-introspection. Once, she believed that with an authoritarian nature, she could keep her family close and united. In her quest to keep them close, she inadvertently ends up creating rifts. Now, she realizes that this is not only impacting her family but also affecting her personal health.",['Drama'],[],"['Minu Jacob', 'Anu Devassy', 'Anika Prince', 'Arun Joy', 'Jayamma Mathew']",['Prince Antony'],"['Jeetu Jose', 'Jose Tomy']",['Malayalam'],[],10.0,1,0.0486,9,https://image.tmdb.org/t/p/w500/e8dWD8DhsfzdHFZxhbr93R4PYSG.jpg
1222392,Rear View,2022-09-04,Story of a person’s fear  who is associated with a financial crisis and undergoes legal issues,['Drama'],[],"['Alan Inchodikkaran', 'Abhijith Nambyankav', 'Prince Wincen', 'Athul Jophy', 'Bharath Edat']",['Badusha Mohammed Buhari'],['Badusha Mohammed Buhari'],[],[],8.5,2,0.0461,6,https://image.tmdb.org/t/p/w500/lKwzsAKGwPHSuzz3XBWjaUAiyjh.jpg
707478,Vijay Bond,2019-11-11,"Vijay Bond is the story of Vijay - an aspiring actor, his struggles to become an actor. Vijay attends all kinds of movie auditions and despite all the rejections and belittling he faces at every auditions, he is determined to pursue his passion for acting.",['Comedy'],[],"['Thaha Kolpad', 'Ramesh Menon', 'Renjith Ravi', 'Mithun Sundaresh', 'Arun Sunny']",['Shanoob Karuvath'],['Shanoob Karuvath'],['Malayalam'],[],0.0,0,0.0486,22,https://image.tmdb.org/t/p/w500/bzqs2ITlsMfulPVLXQBRNKvgn2K.jpg
1651892,Ezhuthola,2024-07-05,"A former student returns to his village and strives to revive a struggling government school, honoring the legacy of his beloved teachers. The film directed by Suresh Unnikrishnan features Nisha Sarangh, Shanker Panicker, Hemanth Menon, Jayakrishnan and is producerd by T Shanker, Satheesh  Shenoy with music by Mohan Sithara and Prasanth Karma.",[],[],"['Nisha Sarangh', 'Krishna Prasad', 'Shankar']",['Suresh Unnikrishnan'],[],['Malayalam'],['ManoramaMAX Amazon Channel'],0.0,0,0.0361,100,https://image.tmdb.org/t/p/w500/uJw2fgPnFhsrGZwGbPxakqFuQ0Y.jpg
1632764,Side B,2026-02-09,"Sidharth gets an old cassette from a relative’s house, and his life changes after playing it.",['Horror'],[],"['Anandhu Nandhakumar', 'Safvan Hameed', 'Bindhu', 'Nandhana', 'Sarath']",['Dany OJ'],['Dany OJ'],['Malayalam'],[],0.0,0,0.0432,5,https://image.tmdb.org/t/p/w500/dBFm05XJBovMQcNDHMNie5Oe7bf.jpg
790316,Thirivu - a self discovery,2021-01-26,"The 6 minutes film unfurls the story of self discovery in the strangest time through a MakeUp Artist. His only guest happens to be economic crisis. With the moist eyes and the time he is left alone with, his sight is beclouded. So, he turns to himself to see a face he has never seen beneath his brushes, a face he has never bothered to acknowledge.",[],"['self-discovery', 'makeup artist', 'pandemic', 'kerala', 'shot in lockdown']","['Umesh Nilambur', 'Hrida Ameena', 'Ambru', 'Ali', 'Kukku']","['Ovin Saga Aryadan', 'Olin Saga Aryadan']",[],[],[],7.5,1,0.1154,5,https://image.tmdb.org/t/p/w500/ydw7UKcXhHtuo0zepxFglXKm3HT.jpg
1676194,Nyra,2023-09-28,A college student’s reality begins to fracture as unsettling visions disrupt her sense of control.,['Thriller'],[],"['abhay', 'ganga']",['Muhammed Yaseen'],['mano prasob'],['Malayalam'],[],0.0,0,0.1008,3,https://image.tmdb.org/t/p/w500/aMO8ozfAx5vmlVDIloOIzwjsExK.jpg
970413,28,2019-11-08,"The movie ""28"" revolves around an overnight meeting between 5 friends.One of the friends has come to payback his long standing debt. The friend settles his debts and leaves for abroad .Later a Policeman friend comes in and finds out that the entire currency was fake .This triggers rift between all of them. Each one takes stands and argues their point differently. Twists and turns follow (like the game of 28) and towards the end of the movie the mysterious sides of the characters unfold.","['Crime', 'Drama', 'Thriller']",[],[],[],[],['Malayalam'],[],10.0,1,0.0478,0,https://image.tmdb.org/t/p/w500/bfoVaCJvsbmzkVT63NUivQB3NJ1.jpg
528760,Orange Valley,2018-06-01,A young couple falling in love after an unexpected and short rendezvous. But their fate takes a sharp turn with the sudden intervention of a third person.,"['Thriller', 'Drama']",[],"['Bibin Mathai', 'Deepul', 'Baiju Balan', 'Vandhitha Manoharan', 'Mohan Ollur']",['R. K. Dreamwest'],"['R. K. Dreamwest', 'R. K. Dreamwest']",['Malayalam'],[],0.0,0,0.0362,143,https://image.tmdb.org/t/p/w500/rVKBBMHGueYYyl2gpsiMvYcAHhq.jpg
1177873,Tha Thavalayude Tha,2026-02-27,"“When the prince, cursed by the witch, weeps for his beloved princess, it pours.” Once, Balu’s grandmother narrates this tale to him. Balu, who loved his grandma dearly, thought the tale to be true. Later, the teacher inquired of everyone in class,",['Drama'],[],"['Senthil Krishna Rajamani', 'Anumol', 'Baby Aarushi', 'Jenson Alappat', 'Smitha Ambu']",['Francis Joseph Jeera'],"['Francis Joseph Jeera', 'Francis Joseph Jeera', 'Francis Joseph Jeera']",['Malayalam'],[],0.0,0,0.0924,115,https://image.tmdb.org/t/p/w500/bRYDf8WswBuXYwvr4bzWIRJ1H6q.jpg
1126839,Monster,2021-12-16,A horror drama short film about how a salesman's visit to a house alters a perfectly normal day for him.,"['Thriller', 'Drama', 'Horror', 'Comedy']","['short film', 'supernatural drama']","['Asher S Biju', 'Aaradhya Arun Lakshman', 'SAMYUKTHA NAIR', 'Anna Priya S Dominic', 'SAMEERA NAIR']",['Aman Saji Dominic'],['Aman Saji Dominic'],"['English', 'Malayalam']",[],0.0,0,0.0389,15,https://image.tmdb.org/t/p/w500/y7Im8j6OAPwwmDnmkZjhC5azIYA.jpg
1404465,Thoomba,2022-01-08,"By seeing the vehement digging of his alcoholic monstrous father in the yard, the eldest son of the family warns his mother about the peril. The incessant digging frightens the family for their life.",[],[],"['Ram kumar', 'Chithra Prasad', 'Achu Ganesh', 'Aswitha', 'Aswija']",['Sreeraj Sreenivasan'],['Sreeraj Sreenivasan'],['Malayalam'],[],10.0,1,0.0642,20,https://image.tmdb.org/t/p/w500/yUINj476cstQAQ18Pqc11W9g1BO.jpg
1379014,Dinosaur's Egg,2024-10-27,"This hybrid personal essay ventures into the depths of the country which the filmmaker's grandparents left 80 years ago in one of the colonialist-driven waves of migration. Searching for memories and associations, he wanders through the abandoned city, trying to connect with the imagery and thought of his ancestors and looking inside his own perception, reflecting on the traces of inspiration and the spirit of the places he explores.",['Documentary'],[],[],['Sruthil Mathew'],[],['Malayalam'],[],0.0,0,0.0454,18,https://image.tmdb.org/t/p/w500/txURiSLV3SaZi1TEWoSzA7kmcCt.jpg
1541779,OBLIVION,2021-06-11,"Oblivion is a 7-minute musical video featuring an imaginative exploration of memory, perception  and subjectivity via the mindscape of a young man caught between life and death.  With a visual aesthetic geared towards blurring the boundaries between fact and fiction,  Oblivion is about the stories we craft and choose to remember — the subjective narratives that  aid us in the construction of our reality.","['Fantasy', 'Music']",[],"['Siddharth Varma', 'Lakshmi Marikar', 'Karthika Nair', 'Irene Jose']",['Dominic Arun'],['Santhy Balachandran'],['Malayalam'],[],0.0,0,0.0777,7,https://image.tmdb.org/t/p/w500/2EDzNl2NpoySGY5wn9QwBJj7k57.jpg
1035045,"The Husband, The Wife and Their Two Dead Sons",2022-12-11,,['Drama'],[],[],"['Satish Babusenan', 'Santosh Babusenan']",[],['Malayalam'],[],0.0,0,0.0505,0,https://image.tmdb.org/t/p/w500/9Dhv19B7gj1MlqiJVU9hspodlT2.jpg
780433,Prathividhi,2020-12-24,"RAMKUMAR is appointed by the police to investigate the murder of an auto-driver, a crude womaniser. After getting post mortem report,the police realised that the accused(SUGUNAN) who got arrested before wasn’t the exact culprit.",['Thriller'],[],"['Shaijal Safath', 'Dhanil Krishna', 'Rahoof P K']",['Sravan Sumith'],[],['Malayalam'],[],0.0,0,0.0362,61,https://image.tmdb.org/t/p/w500/kFFN4edNeerkReqxVXN2Xp4tiZr.jpg
607945,Raksha Purushan,2019-05-24,"The story of Rakshapurushan revolves around Stephen, an honest man whose life descends into chaos after he loses everything dear to him in the battle against a corrupt system.","['Action', 'Thriller']",[],"['Deepak Menon', 'Manju Sankar']",['Nalini Prabha Menon'],[],['Malayalam'],[],0.0,0,0.084,0,https://image.tmdb.org/t/p/w500/eWxiknobhXJhHMROufdoOAw54Go.jpg
494811,The Eclipse,2017-08-20,,[],[],[],[],[],['Malayalam'],[],0.0,0,0.0362,0,https://image.tmdb.org/t/p/w500/A1MWhH5fnzjLIaGy8fLZ9FBRMFy.jpg
580386,Panthu,2019-01-25,"Eight-year-old Amina is crazy about the game of football to an extent that her friends and family are fed up with it. To pursue her passion, she wants to have a football. Will Amina manage to get a football and convince her close ones about her passion towards the game?",['Drama'],['football (soccer)'],"['Abeni Aadhi', 'Aju Varghese', 'Nedumudi Venu', 'Vineeth Radhakrishnan', 'Sudheesh']",['Aadhi'],['Aadhi'],['Malayalam'],[],0.0,0,0.1465,132,https://image.tmdb.org/t/p/w500/4WX2Kyz3e8CNCKwrTVoht4xafR7.jpg
1429859,Recur,2021-03-26,"Trapped in an infinite paradox, the subject tumbles endlessly down the never-ending staircase of time—each step looping back upon itself in an unbreakable cycle. While the world around them remains oblivious, only they possess the terrifying awareness of this relentless time loop. With every descent, memories blur, reality warps, and the desperate search for an escape grows more urgent. But is there a way out, or is this an eternal descent into the unknown?",[],[],"['Gokul V S', 'Richin Suresh']",['Gokul V S'],['Gokul V S'],['Malayalam'],[],0.0,0,0.0445,4,https://image.tmdb.org/t/p/w500/6zx80F7wn8rv4Z6qRcgJSFOdadO.jpg
1141802,Flush,2023-06-16,Lakshadweep Island is located in the Arabian Sea off the coast of Kerala. But they have no media coverage of their own.,[],[],[],[],[],[],[],0.0,0,0.0445,93,https://image.tmdb.org/t/p/w500/vq0Uso41bj4pXONFyQphINllXo7.jpg
868781,Tigerman,2021-01-19,A rare glimpse of a man and his community as they come together to celebrate Pulikali—a 200-year-old tiger festival.,['Documentary'],[],[],['Lisa Gunning'],[],['Malayalam'],[],0.0,0,0.0306,10,https://image.tmdb.org/t/p/w500/yi7C2aNlaLHrrFJPMsiuqeZtqZO.jpg
1067592,Sanjay on Call,2022-10-18,,['Mystery'],[],[],[],[],['Malayalam'],[],0.0,0,0.0409,0,
1528489,Saviyum Suharayum,2025-12-19,A devout Muslim girl from a strict family falls for a middle-class Christian boy and the couple's fight against cultural boundaries and her father’s wrath to keep their love alive.,"['Romance', 'Drama']","['short film', 'xaviyum suharayum', 'seviyum suharayum', 'ss']","['Thushanth', 'Sabsha', 'Lince', 'Rajan Pootharakkal', 'Thasni']",['Ram Gayathri Krishna'],"['Ram Gayathri Krishna', 'Ram Gayathri Krishna', 'Sabsha']",['Malayalam'],[],0.0,0,0.0511,18,https://image.tmdb.org/t/p/w500/6ir6GtBXIF1KZNOLu5ynJP5wSAR.jpg
1574115,Syllable on the ending,2024-12-30,"Captured during the early days of production, this unreleased film offers a glimpse into its rehearsal sessions — an intimate icebreaking moment where the cast come together through song and rhythmic clapping.",['Documentary'],"['behind the scenes', 'rehearsal', 'independent film', 'documentary short', 'icebreaking session', 'unreleased film', 'creative collaboration', 'film rehearsal', 'creative energy']","['Pranav Unni', 'Sreekala Santhosh', 'Akash Suresh', 'Hemanth C L', 'Rithika Krishna']",['Jayakrishnan M S'],[],['Malayalam'],[],0.0,0,0.0404,6,https://image.tmdb.org/t/p/w500/kRzLarzVW4Z11oFcUvBovoseek4.jpg
1282241,Neelakkuyil,2024-04-02,"Saritha, a theatre artist, faces a setback following an accident that confines her to her home. Determined to return to the stage, she struggles while navigating the challenges of her everyday life.",['Drama'],[],"['Saritha Manoj', 'Rameshan Malayattukara', 'Radhika K B', 'Raju K B', 'Anulal Sathyavrathan']",['K N Hariprasad'],['K N Hariprasad'],['Malayalam'],[],0.0,0,0.0429,10,https://image.tmdb.org/t/p/w500/6bwr3w0Q2pwmERnWS5kDLiKTyPX.jpg
1035040,The Hounds and The Runners,2022-12-12,,['Drama'],[],[],['Rarish G'],['Rarish G'],['Malayalam'],[],0.0,0,0.0429,90,https://image.tmdb.org/t/p/w500/q5U6jRDNqlaqRyGarZpPRDNQwGJ.jpg
730511,Ormajeevikal (Memory Beings),2019-04-08,"An impressionistic film that paints a picture of Kozhikode in North Kerala and the spiritual immersion of its ordinary town-dwellers in music. A reflective essay traversing a music culture that is cosmopolitan, having strong local and global influences, it explores the music and memories of the city and its people.",[],[],[],['Sudha Padmaja Francis'],[],"['English', 'Hindi', 'Malayalam']",[],0.0,0,0.0286,26,https://image.tmdb.org/t/p/w500/s3p6BDTwiI6Qhvik8wBZInrq5vV.jpg
1020573,Yet Another Story,2016-06-24,A short film that revolves around a phone conversation between two lovers in which they discuss about the issues they face and how they are getting out from it.,[],[],"['Mridul George', 'Nithin George']",['Mridul George'],[],['Malayalam'],[],0.0,0,0.0409,4,https://image.tmdb.org/t/p/w500/7GC0CqsTpHPXDvAdkaISJMqIZDZ.jpg
869469,The Grasshoppers Sleep Here,2021-09-28,"When a man comes with grass cutting machine to a field, a girl is seen sleeping there.",['Drama'],[],[],['Balaram J'],['Balaram J'],['Malayalam'],[],0.0,0,0.0412,8,https://image.tmdb.org/t/p/w500/yIsyjmhRDpSZp0qa0bopcGMOkKp.jpg
1183317,Thottampatturayunna Malepothi,2023-09-20,"Thottampatturayunna Malepothi is an Drama Malayalam movie directed by Firose. The movie's star cast includes Manoj Guiness, Saju kodiyan in the main lead roles.",[],[],[],['Firose'],[],['Malayalam'],[],0.0,0,0.0404,126,https://image.tmdb.org/t/p/w500/gum7dSRXZuC7oT0WPyx1zJPr5t7.jpg
1014179,Apsara,2022-08-13,Apsara is a Malayalam thriller movie.,[],[],[],[],[],['Malayalam'],[],0.0,0,0.0404,75,https://image.tmdb.org/t/p/w500/yzxkxsWnLmJ3RcuATvE0VnF1CN9.jpg
849919,Maya,2021-03-17,"Siddharth (Sidhu) has invented the key to happiness: a machine which generates dreams of joy. But someone is out to steal his invention. He runs for his life with Maya, his girlfriend. On the road he is met by The Fool, an old tramp who shows him that it is all just a dream and that he only needs to wake up.","['Drama', 'Mystery']",[],"['Nina Chakroborty', 'Sreeram Mohan', 'K Kaladharan', 'Gibin Nair', 'Kenshin']","['Santosh Babusenan', 'Satish Babusenan']","['Santosh Babusenan', 'Satish Babusenan']",['Malayalam'],[],0.0,0,0.0281,81,https://image.tmdb.org/t/p/w500/eekqrlxFFsIbRqOrtUAGtm5vSNb.jpg
733316,Velikku Veluppankalam,2020-07-28,"A story of an introvert guy who comes from a Brahmin family in Kerala and how he finds courage to tell his parents he is gay a day before his wedding. With his sister married to a guy from another cast, when he reveals about his homosexuality the orthodox father is forced into a situation where he must choose between his kids or society's respect.",[],"['lgbt', 'gay theme']",['Swetha Vinod'],['Akshay Varma'],[],[],[],1.0,2,0.0404,94,https://image.tmdb.org/t/p/w500/poqk8FmQMx9Gv8MyIm6Kx1uOS2r.jpg
495307,Kerala Paradiso,2016-12-23,"Five movie buffs racing against time, trying to save the only theater in the village from being locked down.",[],[],"['Kalesh Ramanand', 'Murali Mohan', 'Sree Padma', 'Razak Paradise', 'Beena Varghese']",['Bijoy Lona'],['Bijoy Lona'],['Malayalam'],[],0.0,0,0.0286,77,https://image.tmdb.org/t/p/w500/cEfjRf5SVsPX13kOeZDpoRRNT2.jpg
1612655,Vahni,2018-04-25,"The film tells the story of a village woman named Devi, her battle against fate and society, and certain incidents in her life that turned her daily job into burning corpses, but according to the Hindu traditions in Kerala, no woman is allowed to burn corpses, and she is an exception.",[],[],"['Neena Kurup', 'Kulappulli Leela', 'Priya Shine']",['Adwaith Shine'],[],['Malayalam'],[],0.0,0,0.0743,90,https://image.tmdb.org/t/p/w500/yLd4oa8tdGbdlPnTwsjmW9wY6Rp.jpg
492905,Aedan: Garden of Desire,2017-08-08,"Hari is a young, aspiring writer living in the countryside. Hari lives with his mother in their sylvan surroundings. His only excitement, perhaps, is the sight of the doctor’s young wife, filling him with hope of an opportunity for flirting. Sometimes, he visits Peter Sir, an old retired school teacher and widower. The two lonely men take pleasure in a curious game, over drinks and exotic dishes. They cut out obituary notices from a local newspaper, put them in a bowl and randomly pick them out, one at a time. They stake small amounts of money against each pick. The person who picks the older victim of death becomes the winner, and pockets the sum. From among the pictures they pick, Peter Sir recognizes two men, Shaji and Kuriakose, whose deaths tell entirely different tales—one of a murder and the other of love.","['Drama', 'Fantasy', 'Mystery']",[],"['Abhilash Nair', 'Nandini Sree', 'George Kurian', 'Prasant M. Madathilkarottu', 'P N Sunny']",['Sanju Surendran'],"['Sanju Surendran', 'S. Hareesh']",['Malayalam'],[],8.0,1,0.0636,130,https://image.tmdb.org/t/p/w500/31LJ7Us6erN2D80qMMgbwygiW4n.jpg
1193695,Five First Dates,2023-12-09,"The film follows the dating life of Shalini, a bisexual woman as she goes on five different dates over the course of her life, from college to her later years. Each date is at a different stage in her journey of self-discovery and sexual exploration.","['Drama', 'Romance']",[],"['Noila Francy', 'Jerin George', 'Chethan Sindhu Jayan', 'Nidhin Poppy', 'Rinoshun K']",['Rinoshun K'],[],"['English', 'Malayalam']",[],0.0,0,0.0641,111,https://image.tmdb.org/t/p/w500/iQn2ey1vviRDRXeZpvOobdAaTos.jpg
1178580,Digital Village,2023-08-18,A group of three friends who try their best to spread digital literacy in their village. It is not an easy task for the three men as the villagers stick firmly to their traditional belief system.,"['Drama', 'Comedy']","['traditional values', 'digital literacy']","['Hrishikesh', 'K Indira', 'Suresh Babu Kannom', 'MC Mohanan', 'Prajitha Ashik Murali']","['Ulsav Rajeev', 'Fahad Nandu']","['Fahad Nandu', 'Ulsav Rajeev']","['Kannada', 'Malayalam']","['ManoramaMax', 'ManoramaMAX Amazon Channel']",3.0,1,0.0368,88,https://image.tmdb.org/t/p/w500/kA5GbS4ucM7MzGehpJAteDCvKnC.jpg
1524087,Surabhila Sundara Swapnam,2025-08-01,"Surabhila Sundara Swapnam features the story of a common man leading a life with his wife and friends in a quaint town. With a dream that he needs to fulfill, the man sets out on a journey, owning a land under his name.  How he manages to achieve his dream and what challenges he faces to get there form the entire story.",[],[],"['Stebin Augustin', 'Dayyana Hameed', 'Rajalakshmi Rajan', 'Sony Sojan']",['Tony Mathew'],['Tony Mathew'],['Malayalam'],['Sun Nxt'],0.0,0,0.0256,120,https://image.tmdb.org/t/p/w500/xE3qx6VwlrR6sHER2TiFk0M9maZ.jpg
1666879,backspace,2023-05-07,an IT employee has to choose between his needs and wants,['Drama'],['life'],['Aravind Ram K'],['Aravind Ram K'],"['Aravind Ram K', 'Ajay Ravi']",['Malayalam'],[],2.0,1,0.0261,5,https://image.tmdb.org/t/p/w500/kVsgBcKtANn4okKgbGDagiUlInl.jpg
407139,Two Notes,2015-01-01,An old couple waits to see their grandson. But the only daughter abroad with her child is reluctant to come back. Meanwhile the boatman fails to solve the problem with his wife. She leaves the baby with the boatman and goes away. The decision by the boatman changes the world around the old couple.,['Drama'],['short film'],"['P.T. Manoj', 'Nnarayanan', 'Padmavathi', 'Satyajit', 'Sharika\t.']",['Gireesh Kumar'],['Gireesh Kumar'],['Malayalam'],[],0.0,0,0.0387,30,https://image.tmdb.org/t/p/w500/eKJJVnrmQVf6WQqjF8NfANNH1vd.jpg
1556504,The Blind well,2017-05-27,"Inside a small roadside salon, three men mock a newspaper photo of a fair-skinned groom who has married a dark-skinned bride. Their laughter is cruel, their views shallow. At that moment, a young man with dark skin walks in. Offended by their remarks, he challenges their narrow ideas and sparks a heated debate.  What begins as casual gossip soon turns into a clash of perspectives on beauty, prejudice, and identity. The title “Pottakkinar”—literally “The Frog in the Well”—is borrowed from a Chinese idiom that describes a person too narrow-minded to see the vastness of the world.  This intimate, single-location short film is a raw and unbiased reflection on racism and the everyday ignorance that feeds it.",[],[],"['Gibin Gopinath', 'Vishnu CR', 'Vishnu']",['Vinesh Viswanath'],['Vinesh Viswanath'],['Malayalam'],[],10.0,1,0.0538,8,https://image.tmdb.org/t/p/w500/3tAGcnCLo9jggvizPAyZSqgZOgk.jpg
1500038,Darko,2025-05-30,,"['Drama', 'Animation']",[],[],[],[],['Malayalam'],[],0.0,0,0.0379,5,https://image.tmdb.org/t/p/w500/1OFAUe1Ah9wqKNWVOTzcTsqWQE7.jpg
1010817,School,2021-12-24,"The film captures the lived experiences of female primary school teachers in GLPS Mundur, Palakkad district of Kerala during the covid- 19 pandemic. The challenges of online learning , their coping mechanisms and state's role have been highlighted.",['Documentary'],[],[],['Anusree K'],[],['Malayalam'],[],0.0,0,0.0297,14,https://image.tmdb.org/t/p/w500/Apdu62sQVCbDdFe9AdufJ2RgS8V.jpg
494810,Oro Puzhayum Parayunnathu,2016-10-23,,[],[],[],[],[],['Malayalam'],[],0.0,0,0.0297,0,https://image.tmdb.org/t/p/w500/zElG4HD9GEYwkLDTMnPWcTnUAsJ.jpg
592708,"Kaanthan ,The Lover of Colour",2018-07-18,Kanthan - The Lover of Colour is a 2018 Indian Malayalam-language drama film written by Pramod Kooveri and directed by Shareef Eesa. It is produced by Shareef Easa under the banner of Rolling Pix Entertainment and has Prajith and social activist Daya Bai in the lead roles. The film won the 2018 Kerala State Film Award for Best Film.,['Drama'],[],"['Prajith', 'Daya Bai', 'Chinnan']",['Shareef Easa'],['Pramod Kooveri'],['Malayalam'],[],0.0,0,0.0377,90,https://image.tmdb.org/t/p/w500/7dGpjlB1JIZaJNc8JN1MRU8Zc3.jpg
853328,Bakery Attack,2021-08-05,"Life is quite surreal now; going through black phases of our lives, all the time 23/7",['Comedy'],[],"['Aravind Anil', 'Agney E. K.', 'Govind Sreekumar', 'Anfas M. A.', 'Rajeev Babu C.']",['Vaisakh T. K.'],"['Ashil Krishna S.', 'Vaisakh T. K.', 'Muralikrishnan Padmakumar']",['Malayalam'],[],0.0,0,0.0368,26,https://image.tmdb.org/t/p/w500/nqUg9lrIPqJF0bBXurVqCo1oHPl.jpg
413859,Arani,2016-04-29,Arani - The fire inside,['Drama'],[],['Pradeep Mekkara'],[],[],['Malayalam'],[],1.0,1,0.0368,0,https://image.tmdb.org/t/p/w500/3f2PupQ1c6UAh3jQg900fKQUbbh.jpg
1254306,PREM LEKHAN,2024-03-01,overthinkers are filmmakers in parallel universe,['Drama'],[],"['Shravan', 'Manya Mallika', 'Akshay t Shaji', 'Al Muize', 'Eldhose']","['Akshay t Shaji', 'Suhas R Varma']",['Suhas R Varma'],['Malayalam'],[],0.0,0,0.0614,8,https://image.tmdb.org/t/p/w500/hkN3O1B5NlsFuhVcLAxvSsN8e68.jpg
1202507,Kuruthipunal,2023-10-06,Kuruthipunal is a malayalam action drama short film based on events occurring on a crime syndicate and the conflict  between the leader and other members happening on a single night....,['Action'],[],"['Nithin Thomas', 'Gokul Kashinath', 'Rahul Babyraj', 'Asif S Hilal', 'Abhijith Vijayan']",['Ajay Ashok'],"['Anand BK', 'Ajmal', 'Adithyan Neelamana']","['Hindi', 'Malayalam', 'Tamil']",[],10.0,1,0.0733,22,https://image.tmdb.org/t/p/w500/8Zriwn63YtV4eBITNAMWX5dFSzk.jpg
1467581,"Gooseberries, Mangoes, and the Guava...",2025-04-16,"Set against the vibrant backdrop of Kerala's legendary School Kalolsavam, this film is a heartfelt exploration of memory, identity, and tradition.",['Documentary'],"['friendship', 'school', 'art', 'kerala', 'youth festival']","['Aavani P Chandran', 'Jayasree P P']",['Anand P Chandran'],[],['Malayalam'],[],0.0,0,0.0338,38,https://image.tmdb.org/t/p/w500/5IHcx3MachpmtWUCSYgLd0JwKcZ.jpg
1312088,Drop,2022-10-14,A survival story of a man who goes through a dream filled with thirst and unresolved issues from his past.,"['Drama', 'Mystery']","['dreams', 'subconsciousness', 'struggle for survival']","['Adolf Antony', 'Adolf Antony', 'Gokul Kashinath', 'MKS']",['JANASREE KS'],['JANASREE KS'],['Malayalam'],[],10.0,1,0.1008,2,https://image.tmdb.org/t/p/w500/eQIbHZYtK24XFEoq4J9gh4UmO7X.jpg
1280334,Pukachil,2022-03-07,"What can go wrong when he decides to have a smoke, in his bathroom?",[],[],['Anand Manmadhan'],['Murali Krishnan. S'],['Murali Krishnan. S'],['Malayalam'],[],0.0,0,0.0338,5,https://image.tmdb.org/t/p/w500/mqTKHodkhwT4zDK6SlYspSenYP6.jpg
933196,Ooha,2019-09-27,"Lilly and Albert, a newly married couple, go to their farm house but unusual things begin to happen once they get there.",[],[],[],[],[],['Malayalam'],[],0.0,0,0.0362,102,https://image.tmdb.org/t/p/w500/wUYXehqkkIyOlDvxhKV1AnSqs8d.jpg
850222,Detective Varma,2021-06-24,Detective Varma investigates the case of two young girls who arrived in Australia on a student visa. They get involved in drug dealings and in a crime that gets them in trouble.,['Thriller'],[],"['Eipe Eapen Chundamannil', 'Jis Darwin', 'Dona Maria Prince', 'Aleesha Joseph', 'Adil Poochediyath Ayoub']",['Anith Antony'],[],['Malayalam'],[],0.0,0,0.0362,23,https://image.tmdb.org/t/p/w500/wxqDhNRfnRzX80qIJNtjiroqcvG.jpg
743378,Birds of Paradise,2019-08-04,The film travels through a day in the life of three transgender people set amidst the binary morality of society.,[],[],[],['Rahul Sudha Mahesh'],[],[],[],0.0,0,0.0362,10,https://image.tmdb.org/t/p/w500/hovYaAAwbKFEiAplL6kjutPJBPF.jpg
738518,I’m Sánjo,2019-07-26,"A short fil that documents the life of a dynamic young man named Sanjo in a transphobic suburban locality. Sanjo's insights spill over the struggles with his gender idenity, lack of inclusive spaces and minimal awareness of trans masculine identities in Kerala. Sánjo, who was gender assigned female at birth also shares his passion for mathematics, hockey etc. and how they were key to his survival and realising his gender identity.",[],[],[],['Jijo Jessy Kuriakose'],[],[],[],0.0,0,0.0362,15,https://image.tmdb.org/t/p/w500/oqZTsp7dgbsVkTaNXq4bivxe9FF.jpg
599023,Swarna Malsyangal,2019-02-22,,[],[],[],[],[],['Malayalam'],[],0.0,0,0.0362,0,https://image.tmdb.org/t/p/w500/yOFKrWzoFlvfl0ragva3bEYQKKl.jpg
1697146,Beneath the Wings of Rosary Beads,2025-12-04,"Set in a semi-urban coastal village of Kerala, “Beneath the Wings of Rosary Beads” follows a fishing community where faith and labor intertwine. Susan Maria, guided by recurring dreams of abundance, returns to the sea; Rosie anchors life in devotion; and Robert recalls a fading past. Through daily rhythms, memories, and conversations, the film explores belief, risk, and generational change, as faith continues to shape life by the shore.",['Documentary'],"['semi-documentary', 'observational documentary', 'student documentary', 'documentary short', 'documental experimental', 'hybrid documentary', 'docu-fiction']","['Susan Maria', 'Rosie', 'Robert']",['Arundev'],['Arundev'],['Malayalam'],[],0.0,0,0.0361,21,https://image.tmdb.org/t/p/w500/3VliBAE9moHEsoU6pRoHLvxMnxO.jpg
1565004,"See Me, When You Leave",2025-11-07,"Kerala, with its lush landscapes, has seen many migrate abroad for work, creating local labor shortages filled by distant migrants. These workers endure isolation, discrimination and uncertainty, often overlooked beyond their labour. Yet, amid struggle, they forge bonds, share stories, and discover solace in fleeting joys.",['Documentary'],[],[],['Dipin Chenayil'],['Dipin Chenayil'],"['Bengali', 'Hindi', 'Malayalam']",[],0.0,0,0.0286,18,https://image.tmdb.org/t/p/w500/nt4sraujSnuakj0Fmf60OszCPmF.jpg
1554275,Ricard Dance,2025-08-26,"""Ricard Dance,"" once a beloved South Indian art form, now struggles to survive. Once as popular as movie stars, artists like Kochu, Santhosh, Kamaru, and many others spent decades traveling across Kerala with the Sree Durga Ricard Dance Group, bringing thousands of characters to life on stage and captivating audiences. Today, their fame has faded, and they face the painful reality that the stage may soon fall silent. Yet, even amid the dominance of modern media, this glimpse into their journey reveals how the art form still finds love and resilience, cherished by those who remember its power.",[],[],[],['Shihab Ongallur'],[],['Malayalam'],[],0.0,0,0.0071,55,https://image.tmdb.org/t/p/w500/obzOYNlCmkK66wMoeb5Rzf1l4zj.jpg
1531353,Molanji,2024-10-16,"Estranged for years by the pressures of roles thrust upon them, four sisters gather in the wake of a family emergency.As they relive moments from their childhood, they discover that the bonds they share are sticky - like the sap of a jackfruit.",['Drama'],[],"['Arun A', 'Sreeja K V', 'M.N. Anitha', 'Devasena M.N', 'Padmaja P']",['Mahesh S.Madhu'],"['Sharmil Shivarman', 'Mahesh S.Madhu']",['Malayalam'],[],0.0,0,0.0286,15,https://image.tmdb.org/t/p/w500/2MXN1YP1zD2w1AKZVPjiqhJA7Gh.jpg
1530149,Old Is Gold,2019-03-15,The story revolves around 2 blind people who are destined to be together.,"['Comedy', 'Drama']",[],"['Haneef Hassan', 'Dharmajan Bolgatty', 'Saju Navodaya', 'Nirmal Palazhi', 'Pradeep Kottayam']",['Prakash Kunjhan Moorayil'],"['Haneef Kachery', 'Haneef Kachery']",['Malayalam'],[],1.5,2,0.0718,136,https://image.tmdb.org/t/p/w500/enBIjCSat8yPJiUIS72hAYC3B5L.jpg
1258938,ENIGMA - shattered reality,2024-03-13,"A student with a pretty boring life meets with a accident which changes his next 24 hours into doing things which he thought he would never do, will he try to interpret the enigma or go with the flow of the enigma?","['Thriller', 'Drama']","['enigma', 'shattered reality', 'fleming christy']","['Fleming christy', 'Kiran Boby', 'Varun Suresh', 'Ashil Timothy', 'Abhiram Krishnaprasad']",['Fleming christy'],['Fleming christy'],"['English', 'Malayalam', 'Tamil']",[],10.0,1,0.0357,5,https://image.tmdb.org/t/p/w500/sTrkvsX5UQlQZmiFBVM6sdlsQ8h.jpg
1064343,Oh Meri jaan,2022-12-22,,['Music'],[],"['Kalyani Anil', 'Anton S Manjaly', 'Sunil Sukhada']",[],['Navneet K Ggmon'],['Malayalam'],[],0.0,0,0.0538,8,https://image.tmdb.org/t/p/w500/jJ9X2AUc2rREFPjluKrctgZe1vt.jpg
984729,Saakshatkaaram,2020-06-01,"Our world, the only known place where life exists, is a tiny speck in this vast universe. When we realize that, this is the only family we have, all the differences like boundaries, religions, colours and languages that divide us, vanish and we attain Saakshatkaaram, the realisation. Saakshatkaaram is about the inner journey of a pious Hindu man, mourning his wife’s death and his search for finding redemption. He decides to meet a Muslim family from a foreign country; only because his wife’s hands now belong to one of them and are alive!",['Drama'],[],[],['Sudesh Balan'],[],['Malayalam'],[],0.0,0,0.0286,15,https://image.tmdb.org/t/p/w500/6bS6VIn7bqQIIaSGMvHNbP7f9qt.jpg
760940,Triple Whammy,2021-01-08,"ANJANA and MANU are happily married and entertain themselves by pranking each other. While Manu pulls o elaborate pranks on his wife, Anjana sticks to good old-fashioned pranks. Anjana goes on one of her long treks to the mountains in Dehradun.",['Thriller'],[],"['Urvashi Goverdhan', 'Sanjay Manaktala', 'Tarak Ponnappa', 'Arun Nairq', 'Suhas Avate']",['Anish Chacko'],[],['Malayalam'],[],0.0,0,0.0429,106,https://image.tmdb.org/t/p/w500/y2bCf0pkP89aLqPw6QJQ6LfcUvJ.jpg
1187633,Missing Girl,2023-05-26,"To create a ghost story to prevent his old bungalow from being sold, they begin formulating an action plan. What will they do when they find out that the bungalow is actually haunted?",['Horror'],[],"['Ashika Ashokan', 'Bhaskar Arvind', 'Afsal K Aziz', 'Vishnu Balakrishnan', 'Sanju Somanath']",['Abdul Rasheed'],"['Afsal K Aziz', 'Vishal Vishwanathan']",['Malayalam'],[],7.0,1,0.0256,112,https://image.tmdb.org/t/p/w500/iF4q5Qh5ePgEgAtoj4wCUj6ac6N.jpg
534778,Onnumariyathe,2018-06-29,Onnumariyathe is an Indian movie starring Madhurima and Ansar in a prominent roles. It is a drama directed by Sajeev Vyasa.,['Drama'],[],[],['Sajeev Vyasa'],"['S K Vilwan', 'Sajeev Vyasa']",['Malayalam'],[],0.0,0,0.0289,0,https://image.tmdb.org/t/p/w500/6nMNqYTMbWQHBPdc38pkCnPe828.jpg
876549,Coffee?,2020-04-25,"Coffee? Is a Malayalam Short Film made by a bunch of film enthusiasts. The movie revolves around a proposal and the kind of discussions that went around it , edited together as a single conversation.",[],[],"['Abel Martin', 'Negha Anna Regi', 'Nila C', 'Jithu Aniyankunju']",['Akshay K Sunil'],['Akshay K Sunil'],"['English', 'Malayalam']",[],10.0,1,0.0143,5,https://image.tmdb.org/t/p/w500/hKpbfR2iionUh9OnrUgeCCfqhfD.jpg
1631613,Irulan,2026-02-07,"Three men step into a dark forest at night, unaware that something hidden waits for them in the shadows. As the silence deepens, a mystery begins to unfold ,one that will change everything before dawn.",['Drama'],[],"['Ajin John', 'Shyns Ilyaz', 'Gouri Unnimaya']",['Vimal Job Devasia'],['Vimal Job Devasia'],['Malayalam'],[],0.0,0,0.0478,19,https://image.tmdb.org/t/p/w500/8f7t7XPSjotVkFzjjIahi52kKcm.jpg
1566673,Da'Lit Kids,2025-10-30,"A school boy being questioned by his teacher- his first bitter lesson in social discrimination. As he struggles to understand this silent injustice, he begins to see the world through new, questioning eyes.",['Animation'],[],[],['Appu Soman'],[],['Malayalam'],[],0.0,0,0.0398,9,https://image.tmdb.org/t/p/w500/y0nhgBY89o4Vq80xn77XlaMjAFV.jpg
1405469,Kuvi,2024-08-30,A boy searches for his lost dog in a forest. His suspicions of a tiger’s presence reveal an illegal hunter’s activities.,[],[],[],['Sakhil Raveendran'],[],[],[],0.0,0,0.0239,97,
1106444,Chuzhi,2022-01-15,"To retrieve a huge sum of money that he lost through betting, an unemployed youngster gets associated with some unlawful business.",['Thriller'],[],[],['Krishnan'],[],['Malayalam'],[],0.0,0,0.0314,20,
980543,Mullappoo Viplavam - Jasmine Revolution,2019-03-15,"The story revolves around the life of Haripriya, a school teacher.",['Drama'],[],"['Kalyani Nair', 'Jayakrishnan']",['Nicleson Poulose'],[],['Malayalam'],[],0.0,0,0.0314,118,https://image.tmdb.org/t/p/w500/xIYxCHztt9uvN1mrBMuR5m8kHw2.jpg
1548607,Odiyangam,2025-09-19,Odiyangam traces the origin of the very first Odiyan—a figure woven into Kerala’s folklore—interweaving romance and vengeance with an immersive audiovisual experience .,['Drama'],[],['Sreejith Panicker'],['Sunil Subramanian'],['Sunil Subramanian'],['Malayalam'],"['ManoramaMax', 'ManoramaMAX Amazon Channel']",0.0,0,0.0453,0,https://image.tmdb.org/t/p/w500/ce2c2P02fwCTS18vjMXlAZ4hPeb.jpg
913456,REPLICA,2020-07-07,Story of a lone scientist and his cloning experiment.,['Science Fiction'],[],"['Ashin Jose', 'Rabbit 1', 'Rabbit 2', 'Ashin Jose']",['Abhishek Karunakaran'],['Abhishek Karunakaran'],"['English', 'Malayalam']",[],10.0,1,0.0214,5,https://image.tmdb.org/t/p/w500/bS7iANNhhoV0YfkRd4BkuvbFNx2.jpg
592713,English Barrel,2018-12-11,"Bilathikuzha is a 2018 Indian Malayalam-language film Directed by Vinu Kolichal. He worked as a camera assistant in two films, Vith (2017) and the forthcoming Avalkoppam. Kolichal has explored the mundane life of a North Malabar village in his first film, Bilathikuzhal.",[],[],"['Balan', 'Sanjay', 'Haridas']",['Vinu Kolichal'],['Vinu Kolichal'],['Malayalam'],[],0.0,0,0.0214,132,https://image.tmdb.org/t/p/w500/wiNkK8WOLb8AAT9HXZEpIMCBKjC.jpg
1107334,Straight to Normal,2023-01-31,"One fine evening, two best friends Martin and Hari meet up for a cup of coffee. What started as a casual conversation between the two soon turns out to be a bit personal, when Martin confess to Hari about his desire to have an affair.",[],[],[],['Shanoob Karuvath'],[],['Malayalam'],[],1.0,2,0.0536,16,https://image.tmdb.org/t/p/w500/hQqqQopG7il2AtR4aTG7HGeY4TB.jpg
1057742,Kafir,2022-12-09,"The film tells the story of the mental struggles of Reghuram, a health inspector. He is worried about all the terrorist attacks and starts the habit of collecting newspaper cuttings that contain any news related to it. This changes him as a pogonophobic. Raghuram mistakenly identifies Hyder, a young Madrasa teacher as a terrorist. This incident turns Hyder’s life upside down.",[],[],[],['Vinod V. Nair'],[],['Malayalam'],[],0.0,0,0.0193,0,https://image.tmdb.org/t/p/w500/4T0Z97qgQiW7Ja53jwcEoDtrM1C.jpg
800490,Aarodengilum Mindande,2020-11-04,A conversation between a son and his mother about the crows she feeds everyday.,"['Documentary', 'Drama']",[],"['Kala Devi', 'Rohan Muraleedharan']",['Rohan Muraleedharan'],[],"['English', 'Malayalam']",[],10.0,1,0.0297,25,https://image.tmdb.org/t/p/w500/tbihe6rBqUxNYO3oAHZ2J4DfWJ7.jpg
1460161,Kalaham,2022-10-14,,"['Fantasy', 'Mystery', 'Comedy']",[],[],[],[],['Malayalam'],[],0.0,0,0.0218,15,https://image.tmdb.org/t/p/w500/jCH3VN1kRnCQiQL1csXnru9OppO.jpg
1251977,OR,2024-02-27,OR is a short film based on Schrodinger's Cat theory.,"['Drama', 'Science Fiction', 'Fantasy', 'Crime']",[],"['Aswin Prasad', 'Adithyan S P', 'Baiju Benzar']",['Madhavendra'],['Madhavendra'],['Malayalam'],[],0.0,0,0.0286,14,https://image.tmdb.org/t/p/w500/j18xtbYFRQu7Y7YFOZALMmo9k8F.jpg
1243979,Bobby Charcha Kolapathakam,2022-06-18,"Amidst his surreal journey, is Bobby alive? Is he a villain or a hero?","['Drama', 'Comedy']",[],['Athul Kalyadan'],['Athul Kalyadan'],[],['Malayalam'],[],0.0,0,0.0143,6,https://image.tmdb.org/t/p/w500/rM8mi6OdXnUV4aIqKgt7jqnOFSX.jpg
1106672,A-typical Pennukanal Story,2022-10-14,"An ideal relationship between a modern father and a timid daughter is shattered, as she introduces her romantic partner to her Malayali parents. Her father struggles with the dilemma of accepting his daughter’s decision or upholding the traditional cultural values. When the stress and anxiety of the revelation gets to be too much, Dad decides to get Alia married off, while Mum comes up with a solution to resolve Dad’s problems and bring the family together!",[],[],[],['Priya E. M. Pattarette'],[],['Malayalam'],[],10.0,1,0.0286,18,https://image.tmdb.org/t/p/w500/aHCg1DSRT8pffjrv1h2nkWLebuk.jpg
1035035,Normal,2022-12-10,"The onset of the Covid 19 pandemic has put an end to everyone's ability to live their normal lives. Our way of life changed as a result of the ongoing lockdown, but some things have remained the same. This anthology of three stories talks about some normal conditions that have become fixed.",[],[],[],['Pratheesh Prasad'],[],['Malayalam'],[],0.0,0,0.0286,100,https://image.tmdb.org/t/p/w500/wQux4IjZh056pUTf4hy0j15tjPS.jpg
998387,Muri,2022-07-07,,[],[],[],['Arya A T'],[],['Malayalam'],[],0.0,0,0.0218,5,https://image.tmdb.org/t/p/w500/vVZuc8LdLl4kZO8RubLQXl6YSj5.jpg
987626,Night Saloon,2022-03-10,Short Movie,['Thriller'],[],[],[],[],['Malayalam'],[],0.0,0,0.0429,0,https://image.tmdb.org/t/p/w500/kkTM5oNzwi2FFR8afWj7RAoC7OI.jpg
913497,Arikil Akale,2020-11-25,Alan meets Anu after a long time succeeding in their breakup.,"['Romance', 'Drama']",[],"['Alen Emmanuel Joshy', 'Sithara Raman', 'Akhil Sunil', 'Anupriya Mangadan', 'Akash K K']",['Abhishek Karunakaran'],['Abhishek Karunakaran'],['Malayalam'],[],10.0,1,0.0286,7,https://image.tmdb.org/t/p/w500/cNVFrpqAiHmk99X3PdSVmRCEqqk.jpg
495570,Paathi: The Half,2017-11-17,"Paathi is a movie which talks about raising awareness of abortion. Indrans is in the role of a Theyyam face painter and a local medical practitioner Kammaran, who has a deformed face.",['Drama'],[],"['Indrans', 'Joy Mathew', 'Kalabhavan Shajon', 'Sasi Kalinga']",['Chandran Narikkode'],['Vijesh Viswam'],['Malayalam'],[],7.0,2,0.0453,92,https://image.tmdb.org/t/p/w500/mPlVxEfdDHDdKc9N1vG8OS1yHSz.jpg
428465,Mohanjadharo aarappa,2016-09-03,'Mohenjodaro Aarappa..?' is a Malayalam film directed by Anoop Daiwa. The comedy film is produced by Rajesh Singapore. Production House: Trivandrum Brothers. Year : 2015﻿,"['Adventure', 'Comedy']",[],"['Manhan', 'Joby Pala']",['Anoop Daiwa'],[],['Malayalam'],[],0.0,0,0.0286,130,https://image.tmdb.org/t/p/w500/koiNRQbkEPUfwByZiRfjM6PPVPR.jpg
1572362,Once upon a time in Trivandrum,2025-09-25,"At first, it looks like just another ordinary day in Trivandrum. But as the day goes on, five very different stories start to unfold — each with its own unique characters and funny situations.What makes it more interesting is that all these stories, though separate, are secretly connected by one strange and mysterious painting.","['Action', 'Crime']",[],"['Harikrishnan MS', 'Nikhil Shivaraman', 'Mithun Vijay', 'Vinayak Dinesh', 'Bhavajeet']",['Jaikrishnan M S'],['Jaikrishnan M S'],['Malayalam'],[],5.0,1,0.052,52,https://image.tmdb.org/t/p/w500/BcYfsvrlPk1gp9qjK3q1rIml2.jpg
1491488,Black Coffee,2017-12-09,"Malayalam musical short film about a young man's infatuation with a girl named Maria, whose eyes are like black coffee.","['Romance', 'Music']",[],"['Arun Narayanan', 'Alvin Augustin', 'Nithin Ephram', 'Hari Krishnan']",['Nikhil Chandran'],[],['Malayalam'],[],0.0,0,0.0352,11,
1512477,"Beyond Hatred and Power, We Keep Singing",2023-11-18,"In these times of authoritarian and patriarchal interventions that stifle democratic voices, constitutional rights and personal freedom, this film is about resistance through songs and lyrics. As eloquently put forth by Maya Angelou, these are the ballads of those who raised their voices against the power-wielding forces who spread hatred and animosity. The film has been carved as a collage of many non-hierarchical spaces that exist around us.",[],[],[],['Ramdas Kadavallur'],[],['Malayalam'],[],0.0,0,0.0261,92,https://image.tmdb.org/t/p/w500/AstYd9qaU2CpbOnMNZtGY13M98G.jpg
1503545,Thaniye,2024-06-05,"The short film is about an elephant calf who gets orphaned due to an incident that happens as a part of human-animal conflict. The pressure on habitat, food, freedom of movement and threats of poaching are posing serious challenges to wild elephants. As our cities grow and forests shrink, it becomes increasingly important for us to consider the equal rights that other living beings have on the earth.",['Animation'],[],['Nadha Dinesh'],['Anavadya M S'],['Anavadya M S'],['Malayalam'],[],0.0,0,0.0261,6,
1501772,Ziel,2021-06-12,Protagonist wakes up in his room with parts of his memory wiped out. He wanders the whole house in search of answers.,"['Thriller', 'Mystery', 'Drama']",[],['Arun Pradeep'],['Karundas'],['Karundas'],['Malayalam'],[],0.0,0,0.0261,60,https://image.tmdb.org/t/p/w500/8HSbRSvt6G2y0j5e5Mul2LvUCy9.jpg
1222627,Return,2023-10-04,A musical video that flashes the old college memories of a student,['Music'],[],['Badusha Mohammed Buhari'],['Badusha Mohammed Buhari'],[],['Malayalam'],[],8.0,2,0.0256,4,https://image.tmdb.org/t/p/w500/aTVH4S8k3axIKaHR4WymPN9r6Hw.jpg
1209606,Valassai Paravakal,2023-12-09,Valasai Paravakal is the story of these birds despite flying from the land of neglect after hearing the clinking of money in the tea plantations. But they could not find a nest even after generations. This is a continuous process in the life of plantation workers.,['Drama'],[],[],['Sunil Maloor'],[],['Malayalam'],[],0.0,0,0.0261,82,https://image.tmdb.org/t/p/w500/mY0iqLoYYsucmyC9m28rBnNHeFn.jpg
1173902,Dancing Girl,2023-08-05,"Gouri, a village girl who feels like dancing in unusual places. When in the middle of a funeral, she feels the urge to dance, her performance causes the unravelling of many truths and leads to further chaos.","['Comedy', 'Drama', 'Fantasy']",[],"['Snehasree Balakrishnan', 'Ajesh Pathanamthitta', 'Aleena', 'Sundar Warrier', 'Riaz Marakkar']",['Ananthu S'],['Ananthu S'],['Malayalam'],[],0.0,0,0.0256,23,https://image.tmdb.org/t/p/w500/Aiue4JSRe3Sgebjq1w0IsreTzhV.jpg
1106973,Period of Confusion,2023-04-08,"In the wake of the unexpected call from his ex-girlfriend, Hemanth was confused, and he began to talk about it.",['Drama'],[],"['Gautham K Biju', 'Jay Maya', 'Bernard Joseph', 'Abhishek Karunakaran']",['Ashin Jose'],['Ashin Jose'],['Malayalam'],[],0.0,0,0.0261,38,https://image.tmdb.org/t/p/w500/xX6PPoPqjtEjZuT7d8dOWwvA6DJ.jpg
1025573,Midnight Secrets of Kaara,2022-08-28,Arrival of a mysterious priest results in disappearance of inhabitants of the village.,"['Fantasy', 'Horror']",[],[],['Tylerchhe'],['Tylerchhe'],['Malayalam'],[],0.0,0,0.0261,7,https://image.tmdb.org/t/p/w500/jLNUGuUIzGUDq9iMp93er1xxs9k.jpg
913539,drawrof nur,2021-06-12,A boy repeats a mantra while he is on an escape from something unknown.,"['Thriller', 'Science Fiction']","['post-apocalyptic future', 'psychological thriller']","['Tony Jose', 'Vidhu Nandan']",['Vinay Krishna'],['Ashin Jose'],['Malayalam'],[],10.0,1,0.0168,7,https://image.tmdb.org/t/p/w500/kt0S1jWokkUHuqWWKUvEsTExGRK.jpg
913459,Ravi and her,2021-01-01,"Manu recalls his childhood friends, Ravi and Karthika, before he departs from life.",['Drama'],[],"['Edwin Tomy', 'Gladwin', 'Karthika', 'Rahul']",['Ashin Jose'],['Abhishek Karunakaran'],['Malayalam'],[],10.0,1,0.0261,4,https://image.tmdb.org/t/p/w500/2XSifaLCW8LiBVedxrpypZmnjn2.jpg
822260,Mannu,2021-04-23,"And all the earth between us.  A short video on man, his space; All that he left behind.",[],[],[],['Akhil Manoj'],[],['Malayalam'],[],0.0,0,0.0404,1,https://image.tmdb.org/t/p/w500/adOURHKeRlwMjNovj5cvKUvDBrR.jpg
651149,Peyithozhinju,2018-12-02,A Malayalam Short Film,['Drama'],[],[],['Ashok Nochikkadan'],[],['Malayalam'],[],0.0,0,0.0261,0,https://image.tmdb.org/t/p/w500/s6JCB21q995TB7OJVObXkoDfKnJ.jpg
647677,That's My Boy,2015-12-08,"Sonu was born a girl, but he always knew that his physical body and mental identity were at odds with each other. This documentary captures the remarkable story of Sonu’s transformation.",[],[],[],['Akhil Sathyan'],[],[],[],0.0,0,0.0261,25,https://image.tmdb.org/t/p/w500/y82AJREWV5LlCq0JDblFqki7m4j.jpg
496014,Love Bonda,2017-12-15,"Passionate about films, a popular movie scriptwriter and lyricist, after several bad dating experiences and a troubled married life, turns into a filmmaker. At this juncture, he loves a mentally depressed woman, but even after his efforts to support her, she ends up committing suicide.","['Drama', 'Romance']",[],"['Karthik Sree', 'Dona Shankar', 'Madhu Pattathanam']",['Rajesh Crown'],[],"['Hindi', 'Malayalam']",[],0.0,0,0.0286,153,https://image.tmdb.org/t/p/w500/nVIugurPGow8q9SJsAO81ogDuNN.jpg
495308,Eleventh Station,2017-06-16,A FILM ON THE TRIBAL LIFE AT WYNAD.  DIRECTED BY  RENJITH CHITADE,['Drama'],"['taxi', 'taxi driver']","['Jithin Raj', 'P.T. Manoj', 'Manglu Shreedhar', 'K.N Premkumar', 'Sanal Mananthavady']",['Renjith Chittade'],"['S Sharat', 'K Sajimon']",['Malayalam'],[],0.0,0,0.0256,76,https://image.tmdb.org/t/p/w500/fd3KvaJc2xV1xsZ7C695n4GjWAC.jpg
1567457,ELIZA,2025-12-19,The Movie Starts with a flashback where beautiful visuals of a mother feeding her daughter Shifting to present day there are two youngsters ‘ Sandeep ’ and ‘ Melvin ’ who have a brotherly relationship. Melvin is in love with ‘ Eliza ’ whom he met 2 months back online. He is requesting ‘ Sandeep ’ to accompany him to meet his love forthe first time,"['Crime', 'Thriller', 'Drama']",[],['Sreeshna Suresh'],[],['ATHUL RANGANATH'],['Malayalam'],[],0.0,0,0.0168,105,https://image.tmdb.org/t/p/w500/6i29g8yryCvLUeB7df4pNwcmh75.jpg
1383743,Close up,2024-07-30,"A man returns to the city of Mangalore to collect his father's dead body, on his arrival he encounters a sequence of events about his past.",['Drama'],[],['Rohit'],['Tylerchhe'],['Tylerchhe'],['Malayalam'],[],0.0,0,0.0256,52,https://image.tmdb.org/t/p/w500/6run2eJz1TkpYqUYWwH2UShx5Xm.jpg
1219897,Prethangalude Koottam,2024-01-10,,['Horror'],[],"['Jinesh Appu', 'Franklin Franco', 'Molly Kannamaly', 'Sudhi Koppa', 'Haneesh Chemban']",['Sudheer Saali'],['Sudheer Saali'],['Malayalam'],[],0.0,0,0.0495,0,https://image.tmdb.org/t/p/w500/lXhjyCaDC4PUhQ0InquDrcqZ7WH.jpg
1172577,Hey Googly,2023-08-11,"'Karal' a newly married bride, discovering her new surroundings and finding tricky ways to outsmart the rest. Over a course of time she discovers passion and love.","['Comedy', 'Drama', 'Family', 'Music', 'Romance']",[],"['Meenakshi Jayan', 'Anu Varghese']",['Abhay Krishna U'],['Sebastian James'],['Malayalam'],[],7.0,4,0.0387,27,https://image.tmdb.org/t/p/w500/4FoUus82LJWd16p3KlbZEu2V2FK.jpg
456662,Aakasangalkkappuram,2016-01-22,Aakasangalkkappuram drama Malayalam Movie Story,['Drama'],[],"['Sunil Adoor', 'Anju Amarnath', 'Aadharsh Bharanikkavu Radhakrishnan', 'Sreelatha Pallickal']",['Dhanoj Naik'],[],['Malayalam'],[],0.0,0,0.0256,0,https://image.tmdb.org/t/p/w500/xCpJNULI8WELqx1NoheZWXYAqzf.jpg
1643970,2 BHK,2023-12-08,"A lonely housewife and a conflicted artist find an unexpected connection, discovering that being true to oneself can change everything.",[],[],"['Vyshnavi Kalyani', 'Sudeep E.S']",['Sudeep E.S'],[],['Malayalam'],[],5.0,1,0.0239,120,https://image.tmdb.org/t/p/w500/4yaj97drdhvhymMDDjc0foX4vJK.jpg
1627901,Kalavu,2025-03-01,"Kalavu, follows Siby Sebastin, a retired police constable with a shady service record. Once in a position of power, he now feels unimportant and ignored at home after retirement. His presence no longer carries the authority it once did, leaving him frustrated and struggling to find his place in the household.","['Drama', 'Thriller']",[],"['Pradeep Kumar', 'Uma K.P', 'Meghna Sunil', 'Anandhu Krishna']",['Kiran K R'],['Kiran K R'],['Malayalam'],[],0.0,0,0.0239,11,https://image.tmdb.org/t/p/w500/k3DGddKZBeJL0sokFElEFd1SZy0.jpg
1556928,Karu,2018-11-23,"A selfish man, unable to father a child due to his own infertility, devises a disturbing plan — to convince his sister to conceive his child through surrogate motherhood. As his obsession with legacy and control deepens, he crosses moral boundaries, manipulating those closest to him in his desperate pursuit of bloodline and identity.",['Drama'],[],"['Kannan Nayar', 'Jenny Pallath']",['Vinesh Viswanath'],['Vinesh Viswanath'],"['English', 'Malayalam']",[],10.0,1,0.0478,5,https://image.tmdb.org/t/p/w500/rPfppUwU4H89NStRdKyW3up9NSP.jpg
960494,For Mother,2022-03-11,"A filmmaker's quest to resolve an internal dilemma surrounding the split-up of chores around the house, through conversations with his mother.",['Documentary'],[],[],['Jacob Joshy'],[],['Malayalam'],[],0.0,0,0.0239,4,https://image.tmdb.org/t/p/w500/jYnllSI3yrVFTi9xb3DRMPqyWv3.jpg
503367,Kuntham,2017-12-01,"Kuntham is a Malayalam movie starring Sherin Malaika and Anjal Mohan in prominent roles. It is a crime-thriller directed by Niyas Yemmech with Ratheesh Vegha as musician, forming part of the crew.","['Action', 'Drama']",[],"['Shiromi Sherin Malaika', 'Anjal Mohan']",['Niyas Yemmech'],['Niyas Yemmech'],['Malayalam'],[],8.5,2,0.0311,112,https://image.tmdb.org/t/p/w500/34ApTETOJSVWX6K8NaZb3uhECxb.jpg
1259589,Pambichi,2022-11-24,Fantasy thriller short film,"['Fantasy', 'Thriller']",[],[],['Ullas Jose Chemban'],['Ullas Jose Chemban'],['Malayalam'],[],0.0,0,0.0218,33,https://image.tmdb.org/t/p/w500/dEbt82Ads1hvoHUORTbalkaCFGM.jpg
882656,Stories from the Second Floor,2021-10-25,"From the second floor of his coincidental new home, the filmmaker observes his surroundings; a vast green marshland with birds, animals, a pond and people. The filmmaker wonders whether there could be a space in the absence of stories or whether the camera forces spaces to create stories for its own survival.",['Documentary'],[],[],['Jain Jose Abraham'],[],['Malayalam'],[],0.0,0,0.0218,33,https://image.tmdb.org/t/p/w500/fhJOlQmtp84YbglLKDImUt5nOhM.jpg
1665968,The Worst He Can Say Is.,2026-04-09,"""The Worst He Can Say Is"" follows two friends, Anand and Devan, catching up at a cafe. When Anand spots a girl from his past, he recalls the hilariously awkward way he botched her romantic confession years ago in college. As Devan mocks Anand's epic fumble and boasts that he would have handled it much better, the story playfully explores the comedy of missed connections and romantic ""what-ifs.""","['Romance', 'Comedy']","['romcom', 'what if', 'alternate universe']","['Dhiya Pothen', 'Abhiram V', 'Kurian Mathew', 'Issac Mathew']",['Ajay Krishnan Vijayan'],['Ajay Krishnan Vijayan'],['Malayalam'],[],8.0,1,0.0453,6,https://image.tmdb.org/t/p/w500/hasrSuecoabU3FNQYhcu5U6Vfjj.jpg
1549889,"Lights, Camera, Achhan",2025-09-21,Sundar is on a quest to solve the puzzle of his father's life. His search leads him to his father's filmmaking dreams and a secret half-sister whose mother was the lead actress in B-grade films.,"['Drama', 'Comedy']",[],[],[],[],"['Hindi', 'Kannada', 'Malayalam', 'Tamil', 'Telugu']",['Zee5'],0.0,0,0.0214,127,https://image.tmdb.org/t/p/w500/6yvxOnBoqKPhIUxwTsGCIOXB5bj.jpg
1516205,Karthavu Kriya Karmam,2024-05-16,"'KARMA ' is a compelling thriller that masterfully employs the hyperlink cinema style, weaving together dispoarate narrative threads to create a complex and suspenseful whole. At the heart of the film is a charismatic yet enigmatic figure, a financial fraudster who operates under multiple aliases, most notably Ajayan& Benny, this character's life is a web of deceit and manipulation and the film meticulously unrevels five pivotal incidents that shapes his destiny.",[],[],[],[],[],['Malayalam'],[],0.0,0,0.0214,0,https://image.tmdb.org/t/p/w500/89knNTxIs2vuTTnMQab3eGf7se4.jpg
1463699,GOTHURUTH,2025-04-13,DOCUMENTARY PORTRAYING HOW FEW YOUNG MEN FOUGHT AGAINST ILLEGAL PRODUCTION AND SALE OF ALCOHOL IN GOTHURUTH WHICH WAS THE MAJOR SOURCE OF INCOME OF 90% OF PEOPLE LIVED THERE AND THE CHANGES THAT OCCURRED DURING THE FACE OF ACTION AND AFTERWARDS.,[],"['malayalam', 'malayalam documentary', 'gothuruth']",[],['ALIYAH SULTANA'],[],['Malayalam'],[],0.0,0,0.0286,32,https://image.tmdb.org/t/p/w500/4eIktoeaCqJieNAoXcNHnTU9vtt.jpg
1429846,Lady,2024-06-21,"A group of reckless, drug-addicted delinquents set their sights on an unsuspecting young woman, believing her to be an easy target. However, they have no idea that she is a highly trained athlete, a master of martial arts and kickboxing. What begins as an attempted assault quickly turns into a brutal lesson in survival as she unleashes her full strength, turning the hunters into the hunted in an adrenaline-fueled battle for justice.","['Action', 'Drama']",[],"['Mahalekshmi', 'Gokul V S', 'Arundevan', 'Jyothish R S']",['Gokul V S'],['Gokul V S'],['Malayalam'],[],0.0,0,0.0143,12,https://image.tmdb.org/t/p/w500/2H0oZLR79uJ1dowca30ILJK06yl.jpg
1338967,Menu,2024-02-09,"Unfolds in a single, unbroken shot, a riveting journey delves deep into the lives of two ordinary transgender women as their seemingly ordinary day spirals into a night fraught with complexity and turmoil.",[],[],"['Kavya Kannur', 'Janaki K S Krishna', 'Akram Mohammed', 'Arun Punalur']",['Christon Joseph'],['Christon Joseph'],['Malayalam'],[],0.0,0,0.0286,71,https://image.tmdb.org/t/p/w500/d3b2DrajXqAr7YVeIR3CcsbWfor.jpg
1211608,Mottled Wood Owl,2024-08-10,"Arun, a young man, is on his way to railway track for committing suicide. In the mid way, a mysterious man also joins Arun. The story unravels through the conversation between them.  Youtube Link of the short film : https://www.youtube.com/watch?v=6bHoYI46SQo","['Drama', 'Mystery']","['malayalamshortfilm', 'kuttichoolan']","['Roopesh T', 'Madhusoodan V']",['Jinesh P K'],['Jinesh P K'],['Malayalam'],[],0.0,0,0.0214,10,https://image.tmdb.org/t/p/w500/gE3cOiljBA4fyXwZMpqgpZdLCuA.jpg
1078411,People in Transaction,2023-01-12,"During the pandemic lock-down, Hanif Jalaludin a struggling real estate investigator gets an assignment to dig details about the history of a piece of land in Chellanum. As he uncovers the true facts, nothing is as it seems",['Crime'],[],"['Shambu Menon', 'Rahul Rajagopal', 'Ajayaghosh', 'Archana Suresh', 'Zhinz Shan']",['Krishand'],['Krishand'],['Malayalam'],[],0.0,0,0.0453,140,https://image.tmdb.org/t/p/w500/fYvbwLKSVQd5oUtM9v7vZu27MMk.jpg
940821,The Charnel House,2022-03-04,"After many days of pursuit, Jayakrishnan finds a house in a distant land. He bought the house for an affordable price. But the locals bad-mouthed the house and there were many stories doing rounds. Jayakrishnan shares these superstitions with Mohan, his only friend in the area. They mock the beliefs of the natives. But what happened that night was unusual.","['Mystery', 'Thriller']",[],"['Vaisakh Kuttikrishnan', 'Vikas Krishnan', 'Ganesh Bhat', 'Vishnu Harikumar']",['Nidhin R Nath'],['Nidhin R Nath'],['Malayalam'],[],0.0,0,0.0214,13,https://image.tmdb.org/t/p/w500/dquyqvmGXeyf5pzxMvlyX9yQ3e7.jpg
869473,Voicee,2021-05-07,"An unknown country military intelligence, with the help of the brightest IT technicians, develop a voice commanding system for phones with the inclusion of Artificial Intelligence naming it ""VOICEE"". On developing the application, concerned authorities realize the danger and decide to abandon the project. However, on testing five other downloads from the dark web, someone successfully downloaded VOICEE somewhere in India. The Indian military intelligence is secretly assigned to capture the downloaded mobile phone. An officer successfully confines the alleged phone. Parallelly, a petty thief Rajan released from jail comes across the officer in a local hotel and steals the bag from the officer. Rajan finds the phone and to his surprise, Voicee activates.",['Science Fiction'],[],[],['Sanil Thomas'],[],['Malayalam'],[],0.0,0,0.0453,34,https://image.tmdb.org/t/p/w500/3ewwyFhA1AQ6N6gFc6ULgDGOHBy.jpg
848739,Yakshi,2021-12-24,,[],[],"['Baby Malavika', 'Remadevi', 'Nandhana', 'Abhiram P Girish']",['Brijesh Prathap'],"['Manju R Nair', 'Brijesh Prathap']",['Malayalam'],[],7.0,1,0.0214,0,
847268,Veyil Vizhave,2021-03-23,"A lonely man in his 70s finding a new meaning to his life after meeting a young bubbly home nurse, who comes to take care of him. The film is a journey through these two characters.",[],[],[],['Shanoob Karuvath'],[],['Malayalam'],[],0.0,0,0.0214,26,https://image.tmdb.org/t/p/w500/ro7rDh2h5sBW3s1YQCpwMGVxbcI.jpg
732469,May,2018-07-27,A young man visits the home that he had previously shared with his friend. Meeting the friend's girlfriend rekindles memories.,[],[],[],['Harold Antony Paulson'],[],[],[],0.0,0,0.0214,14,https://image.tmdb.org/t/p/w500/3IgQ4uZQjBPeFNXjyApFSnI8PJH.jpg
721918,Daughters of Scheherazade,2020-02-05,"The film traces the figure of virgin and places her in an amorous encounter with pleasure and pain, body and mind, the historical and the lived. It presents wedding night as a liminal event and projects the liminality of the event onto a psychic landscape. Placed at the edge of time, the nuptial chamber in the film becomes the feminine place of contemplation. The film is a search for the shadowy, nocturnal and the oneiric.",['Documentary'],['documentary short'],[],['Ranjini Krishnan'],[],"['English', 'Malayalam']",[],0.0,0,0.0286,19,https://image.tmdb.org/t/p/w500/d0y6D4lXUaXgWVhNRx5746VgZGu.jpg
637759,Naked Wheels,2017-05-05,"The film is about the journey undertaken by a diverse group of people comprising males, females and transgenders across South India in a truck. The film seeks to explore many compelling thoughts on life, love, and gender.",[],[],[],['Rajesh James'],[],[],[],0.0,0,0.0214,30,https://image.tmdb.org/t/p/w500/kAv3DtfBGYG8ehTpxLFHbyMsL3D.jpg
580375,Bolivia,2019-01-11,"Neethu, a social activist, finds her neighbours in danger and seeks help from police as well as 'Guru', a teenage private detective known for his computer skills. Is it too late for Neethu and her friends to crack this case?",['Thriller'],[],"['Abhay Stephen', 'Soumya Sadanandan', 'Neena Kurup']",['Faizal Koonath'],['Faizal Koonath'],['Malayalam'],[],0.0,0,0.0143,122,https://image.tmdb.org/t/p/w500/wP87XPnuweSBSsCUbWAZ6otZviY.jpg
519787,Swanam,2017-11-15,"As the saying goes, 'The one who has a good friend doesn't need any mirror', Swanam is about Balu, a mischievous student, and Kannan, who is born blind, and how life takes a beautiful turn.",['Drama'],[],"['Abhinand Accode', 'Remya Raghavan', 'Kavitha Sree', 'Santhosh Keezhattoor']",['Deepesh T'],[],['Malayalam'],[],0.0,0,0.0453,82,https://image.tmdb.org/t/p/w500/gXOVCxKDZvM8lMDn0YrpOS8LHlw.jpg
440449,There's Always Tomorrow,2016-12-04,"Ex-lovers Anthony &amp; Durga, who are now happily settled in their respective married lives, have a chance meeting after a gap of eight years in Abu Dhabi, a meeting that ends up being a journey of self-discovery and new beginnings.","['Comedy', 'Romance', 'Drama']",[],"['Gayathri Gopal', 'Balaraman Kunduvara']",['Shilpa Krishnan Shukla'],[],['Malayalam'],[],8.0,1,0.0214,72,
1632228,The Late Kunjappa,2026-02-06,"Kunjappa, a poor old man, dies in a village. As his relatives gather with the body through the night, small incidents unfold, revealing quiet human truths.",[],[],[],[],[],['Malayalam'],[],0.0,0,0.0387,0,
1578842,Ambrosia,2025-12-13,"A elite restaurant divided by a single wall, workers toil in silence like slaves, while elites feast on “the gods’ favourite food.” One woman among the slaves adds a mysterious liquid to the eternal dish 'Ambrosia', triggering chaos among the guests. Emotions erupt, relationships collapse. As the illusion shatters, the enslaved rise and walk out. Ambrosia is a tale of rupture, rebellion, and reclaiming voice in a world built on silence.",[],[],[],['Adhithya Baby'],[],['Malayalam'],[],0.0,0,0.0168,82,https://image.tmdb.org/t/p/w500/759nHE9xE002mmsQNis0gD3mFzI.jpg
1467172,Instinct,2025-04-14,"A young man’s journey home after heartbreak takes an unexpected turn, forcing him to face his problems instead of running from them","['Action', 'Drama']",['short film'],"['Anurudhan Murali', 'Nikhil Das', 'Sujisha Sundharan', 'Arjun Prabhakaran', 'Ajay']",['Anurudhan Murali'],['Anurudhan Murali'],['Malayalam'],[],0.0,0,0.0143,31,https://image.tmdb.org/t/p/w500/mS0qfRNSVrkBjyaOCOcUj135yX0.jpg
1286425,Abyss of want,2024-05-08,"In a desperate bid to survive, a struggling mother finds herself facing an impossible choice. With no other options, she contemplates stealing money from her 5-year-old son, a gift from someone who entrusted it for his own use.""",['Drama'],"['short film', 'independent film', 'drama']","['Raihanath Bava', 'Aaqib']",['Ibrahim'],[],['Malayalam'],[],0.0,0,0.0168,4,https://image.tmdb.org/t/p/w500/8oHOyhlcXVsapt0ClLZw95cIFoF.jpg
1242478,Ocha,2020-10-23,"A writer and his character, intertwined in deep connection, explore the mysteries of the mind.","['Drama', 'Science Fiction']",[],[],"['Athul Kalyadan', 'Pranav CK']",['Athul Kalyadan'],['Malayalam'],[],0.0,0,0.0387,20,https://image.tmdb.org/t/p/w500/csa8yh0pqzRBbzPqY97EyzbjZYr.jpg
1122391,What's the price?,2023-05-20,"The film explores class division in the system through interactions of customers of a bakery from diverse backgrounds. The story is told from the perspective of an employee, who serves the customers.",['Drama'],[],"['Raveendran VS', 'Smitha R Athani', 'Ishaan R', 'Mathews Jose', 'Sidharthan Roji']",['Sharik'],['Sharik'],['Malayalam'],[],0.0,0,0.0168,10,https://image.tmdb.org/t/p/w500/fr8fqNPRy9CC0evN4zwFthPmL4v.jpg
701701,Heirs of Half the Sky and Earth,2019-01-26,"Since mid-90s, women were forbidden to trek the Agasthyarkoodam mountain. In this film, some brave women narrate how they had conducted street protests and led court battles against that government imposed ban. After ages, when the Kerala High Court finally ruled in favour of them and lifted the ban, they trekked to the peak. A culmination of all their efforts prove that even the heights of gender discrimination are conquerable.",['Documentary'],[],[],['Georgy Abraham'],[],['Malayalam'],[],0.0,0,0.0168,39,https://image.tmdb.org/t/p/w500/uJfWzT8b4UlPaohP3h8VctJR8Ec.jpg
466975,Oru Bilathi Pranayam,2016-10-16,"Oru Bilathi Pranayam is a Malayalam movie directed by Canatious Athipozhiyil and produced by Garshom Media. Letesia Kuncheria, Kuriakose, Lawrence Larckin are doing the lead roles in this film. Music has been composed by Canatious Athipozhiyil and the screenplay was by Jinson Iritty","['Comedy', 'Romance']",[],"['Jerin Joy', 'Collin Maveli', 'Praveen Antony', 'Jinson Itritty', 'Josekutty Valiyakallumkal']",['Canatious Athipozhiyil'],['Jinson Itritty'],['Malayalam'],[],6.0,1,0.0239,113,https://image.tmdb.org/t/p/w500/uxAoIRQkVVvQ4yGYCjGKgNQM1l3.jpg
1687305,Punchiri,2025-10-12,a conversation between two men,[],[],"['John Abraham', 'Liyan Richard']",['Ragav Vivek'],['Ragav Vivek'],['Malayalam'],[],0.0,0,0.0286,4,https://image.tmdb.org/t/p/w500/kaA67W8rF1PQREPnwM2vKNrJNFg.jpg
1683881,The Fickle,2026-04-30,"When a young patient’s questions slowly stir something deep within the doctor's personal life, routine conversations become tense and emotional exhaustion begins to surface. Caught between what is and what could have been if it didn't happen, he finds himself confronting thoughts he never believed he was capable of.",['Drama'],[],"['Shivavishnu', 'Arya K R', 'Ryan', 'Sebin C Thomas', 'Sooryajith']",['Sanjay Raju'],['Sanjay Raju'],[],[],0.0,0,0.0143,5,https://image.tmdb.org/t/p/w500/25Bz07rMlvCxYwTUyrnwKuvU2Mo.jpg
1640628,Pupa,2026-02-21,"Jeevan arrives at a motel named Malabar Lodge after a journey from Malabar to Varanasi. However, he soon realizes that the place he's ended up in is far from safe. He locks himself in his room. But A sex worker named Kajal manages to enter the room using subtle tactics. she initiates a conversation.They slowly become friendly. As the night progresses, several other individuals arrive at the brothel under various circumstances. It leads to inner changes in each character. ""Pupa"" is a blend of romance, suspense, and drama. It reminds us that within every human being lies a primitive creature in the process of evolution.",['Drama'],[],"['Jeevesh Varghese', 'Hrudaya', 'Promod Padiyath', 'Geomy George']",['Tony Sukumar'],['Tony Sukumar'],"['English', 'Malayalam', 'Hindi']",[],0.0,0,0.0362,122,https://image.tmdb.org/t/p/w500/5QYarzvhdyDft501p2ZediEiGtm.jpg
1622147,Mithya,2026-02-11,"In a mind void of the line separating reality, broken pencils tells the truth.",['Thriller'],[],"['Abhiram Ramesh', 'Anagha V S', 'Sahil K K', 'Gaurisankar M S']","['Abhinav Kuruvila Joseph', 'Bharatchandran B R']",[],['Malayalam'],[],10.0,1,0.0404,10,https://image.tmdb.org/t/p/w500/j8fWiWwrAncNoBaclg8ZAVBPrh6.jpg
1604687,Bloody Christmas,2025-12-26,Bloody Christmas is a mystery-driven thriller where silence follows violence and secrets refuse to stay buried.,"['Thriller', 'Comedy']",['moylaalis'],"['Edwin Babu', 'Naveen Babu', 'Ben Robert']",['Edwin Babu'],['Naveen Babu'],[],[],0.0,0,0.0143,18,https://image.tmdb.org/t/p/w500/2YM3xCrfKH3JcNZLtPySHi0apAV.jpg
1578858,The Coffin,2025-12-14,"In a home suffocating under the weight of a shared trauma, Alwin and Priya’s marriage has slipped into a bitter cycle of anger and avoidance. When Priya’s torment suddenly gives way to an eerie change, Alwin’s unease turns to fear; her change feels unnatural, almost inhuman. His search for answers leads him to a secret buried beneath. To understand the stranger his wife has become, Alwin must confront that same void and risk losing himself to it.",[],[],[],['Rinoshun K'],[],['Malayalam'],[],0.0,0,0.0214,102,https://image.tmdb.org/t/p/w500/qCmp7EVCst0A1vJAgNVqiYWB9FA.jpg
1576921,Dear Neil,2025-07-11,Dear Neil is malayalam short film showing the arch of socially anxious boy to socially confident boy with help of his new friends,"['Romance', 'Comedy', 'Family']","['school love', 'campus romance', 'comedy', 'high school comedy', 'introvert', 'introvert boy extrovert girl', 'dear neil']","['Ebi Chemban', 'Esther Jain', 'Alan Printo']",['Alosyus Gigi'],['Alosyus Gigi'],['Malayalam'],[],0.0,0,0.0143,19,https://image.tmdb.org/t/p/w500/sAEemb8D7EnN7lFu4nW5zWLKtQC.jpg
1574638,The Writer's Room,2025-11-07,"What can even go wrong when Mr. G. R Indugopan tries starting his morning productive by finishing his writing assignments, when a self-proclaimed ""fan"" barges into his workspace, asking unwanted questions !?",['Documentary'],[],"['G.R. Indugopan', 'Anand Manmadhan', 'Murali Krishnan. S']",['Murali Krishnan. S'],['Murali Krishnan. S'],['Malayalam'],[],0.0,0,0.0143,34,https://image.tmdb.org/t/p/w500/xxxDDDzJnZ4p0uNFdEcKqU5VfCh.jpg
1571260,Anjaam Vedham,2024-04-26,Anjaam Vedhamseeks to explore the hitherto unbroached uponsensitive Islamic custom of 'Khula' or 'Fasah'through the lives of a young muslim couple living inta picturesque village in Idukki Kerala.,['Drama'],[],[],[],[],[],[],0.0,0,0.0214,138,https://image.tmdb.org/t/p/w500/qU2Pgv6f2o529NTeNRLLeQWK6g5.jpg
1556871,Cameo,2025-01-24,"Armed with high hopes and small wallets, three youngsters set out to make their dream film. But when an actor with a flair for drama joins the team, their journey quickly spirals into mayhem.","['Comedy', 'Adventure']",[],"['Sajeev Khan', 'Ihilas Maheen', 'Indulekha Balachandran', 'Vighnesh P Gopan', 'Sai Krishnan A']",['Amit Venugopal'],['Amit Venugopal'],[],[],0.0,0,0.0071,36,https://image.tmdb.org/t/p/w500/lBleQhyiuBfhSqBa23OJb0bMJNB.jpg
1530668,Symptoms of Love,2025-08-24,"Convinced he’s dying, a hypochondriac is pulled into life by a free-spirited woman who shows him that the true danger is learning how to live.","['Drama', 'Romance']","['meaning of life', 'unexpected romance', 'existential crisis']","['Jitheesh Raichel Samuel', 'Ameesha Yashica', 'Joseph Chilamban', 'Renju Thadikkaran', 'Paravoor Renganadh']",['Sanjay Damodar Renjith'],['Nithin Joseph'],['Malayalam'],[],0.0,0,0.0143,28,https://image.tmdb.org/t/p/w500/sWONZbuMIuQRkTdNv8nihKIlR0i.jpg
1527524,Eth Nerathaanavo,2025-08-08,,['Comedy'],[],"['Jinoy Janardhanan', 'Geethi Sangeetha', 'Pauly Valsan', 'Sarin Rishi', 'Kedhar Vivek']",['Jinoy Janardhanan'],['Jinoy Janardhanan'],['Malayalam'],['ManoramaMax'],0.0,0,0.0143,0,https://image.tmdb.org/t/p/w500/z4juneFPXgRrxoeTx6M8IZ9BK5z.jpg
1465842,Echoes,2025-04-17,"A young guy begins to find mysterious scars on his face each morning, triggering a psychological unraveling that forces him to confront a buried truth about his haunting past.","['Horror', 'Mystery', 'Drama']",['echoes horror'],['Prabhul'],['Anirudh S Arackal'],[],['Malayalam'],[],0.0,0,0.0143,8,https://image.tmdb.org/t/p/w500/8Z5Vn0kUGPlXyUNy5E8vb1LpiMN.jpg
1458559,Mother Tongue,2015-06-15,"Aggedu Nayaka, roughly translated as Mother's Spoken Language from the tribal dialect, is a powerful short film that tells the outside world how non-inclusion of tribal language and its rich folklore in the teaching process has resulted in total social alienation of tribal youth.",[],[],[],['Sindhu Sajan'],[],['Malayalam'],[],0.0,0,0.0143,15,https://image.tmdb.org/t/p/w500/gzIbVuZyCMveGtA4lwCLlleAX2s.jpg
1394266,War ft mary,2024-03-30,Two group of boys fighting,['Comedy'],"['short film', 'boys group fighting']","['Ambady', 'Aswin K A', 'Devanarayanan', 'Aadithyan', 'Jinath']",['Athulkrishna'],[],['Malayalam'],[],0.0,0,0.0071,6,https://image.tmdb.org/t/p/w500/zanmnlQn6fFIvq2CZXxX4m7Wy54.jpg
1388117,The Discipline,2022-07-01,A teacher disciplines her pupils when few unwanted incidents occur in a hostel of a residential school for children.,[],[],['Krishnaveni'],['Prahas N'],['Prahas N'],['Malayalam'],[],0.0,0,0.0143,20,
1377429,Fall,2024-11-07,"In North Malabar, Mukundan, a local Communist Party secretary as well as a Theyyam artist, grapples with the challenges of ageing and life’s complexities. Yet, he is determined to perform for the upcoming Gulikan Theyyam, marking the onset of the year’s festivities after the tenth day of Thulam, which could probably be his last.",[],[],[],['Abhinav C'],[],['Malayalam'],[],0.0,0,0.0214,15,https://image.tmdb.org/t/p/w500/3oV3i32QYkqYc7RrpbsaBTxloUt.jpg
1326170,"Wednesday Morning, 3 A.M.",2024-07-27,The news of a suicide prompts three women to share a secret of their own.,['Drama'],[],"['Meghana V', 'Parvathy Bindu', 'Megha Vinod', 'Sanjana Santhosh', 'Vaishnav N. P.']",['Bharath Krishnan'],['Bharath Krishnan'],[],[],0.0,0,0.0143,16,https://image.tmdb.org/t/p/w500/yWMiKLoGIDVjTxHNPx7W6fRKrm.jpg
1254538,Narco Trap,2023-01-20,,[],[],[],['Shephin Philip'],[],['Malayalam'],[],0.0,0,0.0362,0,https://image.tmdb.org/t/p/w500/isaq0jLoXqnyuOQqxVdEWNsW5hY.jpg
1252144,Avabodha,2022-12-06,This film is about drug abuse and it's effects on society,[],[],"['Neeraj Lal', 'Vishnu V Mohan', 'Yaseen Salah']",['Neeraj Lal'],"['Neeraj Lal', 'Neeraj Lal']",['Malayalam'],[],0.0,0,0.0143,13,
1209608,Scheherazade,2023-12-11,"It was her stories that helped Adam's existence. Scheherazade, she narrated stories to Adam everyday. Those stories transcended Adam to a realm beyond the reality. Life was like a wheel for Adam, who was an architect working in the bustling city. Its that realisation that connected him to Scheherazade and her stories. Are stories always narratable or are they also something beyond the narratives? Adam embarked in search of that question. Through that journey, Adam forged his own path.",['Drama'],[],[],['Vignesh P Sasidharan'],[],"['English', 'Malayalam']",[],0.0,0,0.0143,106,https://image.tmdb.org/t/p/w500/hj1B1KKK9rzY899PKsOeDjVkm6k.jpg
1116862,Binary Error,2022-08-26,"The film tracks the life of Anirudh, a trans man, formerly Anitta, who lives close to his home, to stay in touch with his mother. However, the transition unfolds, as the mother passes away. Sub-inspector Sunny Thomas decides to inform Anitta, the long-lost daughter, about the death of her mother, and the search opens a whole new world in front of him.",[],[],"['Sunny Wayne', 'Adam Harry', 'Abraham Edayadi', 'Rossamma', 'Geetha Varma']",['Anjana George'],['Anjana George'],['Malayalam'],[],0.0,0,0.0214,21,https://image.tmdb.org/t/p/w500/qtJSS7jQR2hsYv6oVSd6kpr4hv6.jpg
1116365,The Flush,2022-04-10,"Mohith, who has been staying away from his home is afraid of something that he can tell to... not everyone.","['Drama', 'Comedy']",[],[],['Sharik'],['Sharik'],[],[],0.0,0,0.0362,5,https://image.tmdb.org/t/p/w500/kAf2KZIDsLYgcqTSyFvm1QfjQoE.jpg
1021324,Hey RUH,2022-02-11,Some Love Double Speaks.  This film is an Exposition of a Man who has long since grown tired of his wife,['Drama'],[],['Vishnu Mukundan'],['Hafis AK'],['Leena Ali'],['Malayalam'],[],0.0,0,0.0453,13,https://image.tmdb.org/t/p/w500/cTDmZIPdfUYLtJJgTJ4SIBEykX3.jpg
1004790,A MAN WHO WANTS TO BE,2022-05-08,"A guy who wants to be someone who is a very famous actor in India , and the struggle of getting his look.",['Drama'],[],['Ajmal'],['Ibrahim'],[],['Malayalam'],[],0.0,0,0.0143,2,https://image.tmdb.org/t/p/w500/kk56rqpDdzbuYILQOV2uS46z4PH.jpg
1004763,Pullu Rising,2022-01-07,"The story narrates the struggle of a girl, the victim of a brutal gang rape, to survive in an infinite field of grass, where a thief helps her to survive.",['Drama'],[],"['Hariprasad Gopinathan', 'Binu K. Prakash', 'Yshak Ravi', 'Chithra Prasad', 'Christina Shaji']",['Amal Noushad'],[],[],[],0.0,0,0.0362,80,https://image.tmdb.org/t/p/w500/atHZ9YAOSoKhgVQkLdjmdethALr.jpg
987143,Chilappol Daivam,2022-04-27,"There is pain , sadness , desperation and despair but still a very tiny spark of hope in his eyes. The very last but the most important gamble in his life . A phone call She is relaxing at home with a glass of wine . Very much in her element. Then gets a random call from a complete stranger ,to make a life altering choice , someone else's life. HOW DARE HE ?","['Mystery', 'Thriller']",[],[],[],[],['Malayalam'],[],0.0,0,0.0286,0,https://image.tmdb.org/t/p/w500/fRCQp1Gq0DHJhHjeBI1VcFvAwg4.jpg
850194,The Crow,2021-04-14,"Kaakka is a Short Movie deal with the theme of female characters, which goes hand in hand with contemporary contexts.",['Drama'],[],"['Lakshmika Sajeevan', 'Satish Ambadi', 'Ganga Surendran', 'Sreela Nalledam', 'Vipin Neel']",['Aju Ajeesh'],[],['Malayalam'],[],0.0,0,0.0143,30,https://image.tmdb.org/t/p/w500/dxqD6wgb7Avg5T8uxyQcq3ooG5Y.jpg
526671,The Change,2016-01-01,Travel and Mental Practices through a hated memory of someone who has lost his life by his actions.,['Drama'],[],"['Aswin Sreenivasan', 'Arun Kumar Panayal']",['Nirmal Baby Varghese'],[],[],[],0.0,0,0.0143,5,https://image.tmdb.org/t/p/w500/mceMTaXMJHBjjgizAfLnYgyyqnI.jpg
1657783,Ponnapurathu Yakshi,2026-03-19,"After moving into a historic estate, a family discovers their young daughter has befriended a vengeful spirit. To save her, the father must unearth a century-old atrocity and confront the ghost with an ancient, sanctified weapon.",['Horror'],[],"['Boban Alummoodan', 'Manju Vijeesh']",['S P Unnikrishnan'],['S P Unnikrishnan'],['Malayalam'],['ManoramaMAX Amazon Channel'],1.0,1,0.0143,96,https://image.tmdb.org/t/p/w500/2cHXC0IoGYc8ECLxCSCCnXOi7sF.jpg
1647853,Pullu,2020-12-04,"The story of a woman named Sunanda, bound by myth and the traditions which forces her to leave her struggling family behind and become the ""Devamma"" a position based on a mythical legend who is responsible for bringing rain to the village.",[],[],[],[],[],['Malayalam'],[],0.0,0,0.0,106,https://image.tmdb.org/t/p/w500/uPzULrVON8xvHfgqKsyT3yKwmos.jpg
1647641,Butterfly_Girl_85,2026-03-06,"She believed, and she did it.",['Drama'],[],[],['Prasanth Murali'],[],['Malayalam'],[],0.0,0,0.0071,0,https://image.tmdb.org/t/p/w500/hz7NYsyc24TJ4YW0dr4ydVziVof.jpg
1639082,Penmudra,2023-08-06,The movie outlines a socio-political and historical journey of women in the oldest classical theatre form of Kerala called Koodiyattam. It is trying to look into the historical foundations and contemporary changes that happened to the role of women in classical art spaces through the life and experiences of women performers and scholars who comes from both traditional and modern styles of training and different kind of school of thought.,['Documentary'],[],"['Kalamandalam Girija Devi', 'Indu G', 'Kalamandalam Krishnendu', 'Aparna Nangiar', 'Usha Nangiar']",['Jishnu krishnan'],['Jishnu krishnan'],"['Malayalam', 'Sanskrit']",[],0.0,0,0.0071,37,https://image.tmdb.org/t/p/w500/sZffhjXRUPOUin7CJL2Q6gLrbVJ.jpg
1620627,Mary,2026-01-21,"Mary is one of many Indian nurses who came to Switzerland as guest workers. She lives with her sister and a friend in a shared apartment. One day, she receives a letter from her parents announcing an arranged marriage. For the first time, Mary begins to doubt the path that has been laid out for her. And when she falls in love with the chief physician's brother at a Christmas party, she senses the freedom of a different future.",[],[],[],[],[],"['German', 'Malayalam']",[],0.0,0,0.0261,0,
1618575,KETTENREAKTION,2026-02-05,He is chained to a spiral.  A spiral between post–rock bottom and pre-comeback.  And this is his reaction.,"['Mystery', 'Drama']",[],"['Ashik Sasidharan', 'Anantha Nag', 'Amal Jayaraj', 'Elizabeth Mareena', 'Devika Rani']",['Akhil Jayashree Dinesh'],['Akhil Jayashree Dinesh'],"['English', 'German', 'Malayalam']",[],0.0,0,0.0143,12,https://image.tmdb.org/t/p/w500/faq16HymWzQAAaIBJXEp2vsMBJt.jpg
1612658,Joshua,2020-02-28,"Portraying the impact of the medium of cinema on the minds of children, Joshua is a romantic suspense thriller that will keep you hooked.",[],[],"['Priyanka Nair', 'Hemanth Menon', 'Dinesh Panicker', 'Anand', 'Manka Mahesh']",['Peter Sundardas'],['Peter Sundardas'],['Malayalam'],[],0.0,0,0.0143,108,https://image.tmdb.org/t/p/w500/lQ53LodlmNqlTOJdQT2RJjhQVYA.jpg
1609880,Forgotten Guardians,2025-09-19,,"['Documentary', 'Drama']",[],[],['Manoj A B S'],['Manoj A B S'],[],[],0.0,0,0.0071,0,https://image.tmdb.org/t/p/w500/hQpgeUuSO6SpseAM96OlzK1CTKp.jpg
1608919,The Split,2025-12-27,"A group of friends discover that there is a class difference among them, where some cannot afford the activities others enjoy, when spending time together. They sit around a table that quickly turns into a battleground, where they bluntly argue it out.",['Drama'],[],"['Ajith Leon', 'Varshah Susana Kurien', 'Revathy NR', 'Vishnu m Pai', 'Vipin Das']",['Alan Ehsan'],['Alan Ehsan'],['Malayalam'],[],0.0,0,0.0071,29,https://image.tmdb.org/t/p/w500/7lqKoIHnsw1tS38xuL3SFSPCSLB.jpg
1589179,L,2024-04-05,"Renuka,IG of police, observes a disturbing pattern of suspicious deaths among women across various regions of Kerala. Discovering similarities to cases in Hungary and other countries during the 1980s",['Thriller'],[],['Sandhya Manoj'],['Shoji Sebastian'],['Shelly Joy'],['Malayalam'],[],0.0,0,0.0071,0,https://image.tmdb.org/t/p/w500/8COnorhg5vRtwihkdTYH9UwEAdQ.jpg
1578877,OAK,2025-12-13,"OAK is the story of two rival sisters, Sheela (elder) & Neethu. Both are victims of a dysfunctional family and are failure in forming healthy social relationships. Sheela is suffering from borderline personality disorder (BPD). She messes up everything and is insecure about her relationships. Her actions are often self-sabotaging. Neethu is a dopehead and is eccentric in nature. She is rebellious outside but broken inside. The time loop setting in the story serves as a metaphor in OAK.",[],[],[],['Arjun Vardhan'],[],['Malayalam'],[],0.0,0,0.0496,147,https://image.tmdb.org/t/p/w500/kOFrt8T9qKfewzb5EPItK77GwY0.jpg
1578861,The Banquet Of Primal Love,2025-12-14,"Deepak and Devika, a seemingly perfect IT couple, celebrate their 4th wedding anniversary with close friends. However, the evening takes an unexpected turn when Deepak's girlfriend arrives, exposing his infidelity. The revelation sparks a heated confrontation, revealing extramarital affairs of Devika and other friends.Yet, as they come to terms with their own hypocrisy, they share a moment of raw honesty.",[],[],[],['Mini I G'],[],['Malayalam'],[],0.0,0,0.0071,74,https://image.tmdb.org/t/p/w500/tmxiTQQMfXwTqzSSSqTKNy6AiIx.jpg
1569925,The Cycle,2024-01-26,"After a collision with a cyclist, a reckless driver finds himself caught in something strange. His search for answers pulls him deeper into the unknown.","['Mystery', 'Thriller']",[],"['Amit Venugopal', 'Raj Shankar Menon', 'Thejas Shibu', 'Devika Krishnan', 'Midhunraj']",['Amit Venugopal'],['Amit Venugopal'],[],[],0.0,0,0.0071,13,https://image.tmdb.org/t/p/w500/yoNpIflevP9ITNcimxnPWVgmI2X.jpg
1567450,COMONDRA ALIEN,2025-10-31,"Ravi is a Theyyam artist. While tying Theyyam in a temple, Ravi, under the influence of a feeling kills a bystander, Thangam Satheesan, with a spear in his hand. When he regains consciousness after untying the Theyyam, Ravi is unable to accept the truth that he is a murderer. Even though he repeatedly claims that he did not do it. Since the circums",['Thriller'],[],[],['NANDA KUMAR AP'],['NANDA KUMAR AP'],['Malayalam'],[],0.0,0,0.0071,113,https://image.tmdb.org/t/p/w500/jIXzLgGIuamgAhwVYd70XO9Dj7f.jpg
1565734,KANOLI BANDSET,2025-10-24,"Soman, who plays the trumpet in the Cannoli bandset, works at the local lime kiln.He is in love with a girl named Chempakam from the same village Chempakam’s marriage had been fixed with her maternal uncle’s son, Madhavan, who is a policeman. When Madhavan realizes that Chempakam is in love with Soman, he conspires with the mill owner to kill Soman",[],[],[],['GAUTHAM RAVEENDRAN'],"['GAUTHAM RAVEENDRAN', 'GAUTHAM RAVEENDRAN']",['Malayalam'],[],0.0,0,0.0071,133,https://image.tmdb.org/t/p/w500/uhlgrE1LBwK9IZPWliMT6KWdE6V.jpg
1553641,Maveli Naduvaneedum Kalam,2025-09-28,How would 4 psychos celebrate Onam? How would they make their Sadya special? Have you ever thought about that?,['Comedy'],[],"['Pavu', 'Abhilash Mohanan', 'Albin Yohan', 'Ranjith Ravindran', 'Anil Antony Durom']",['Sujith Sidhath'],['Sujith Sidhath'],['Malayalam'],[],0.0,0,0.0071,21,https://image.tmdb.org/t/p/w500/3WJhE5fBakGz6I4tJgS7xymcqVd.jpg
1466779,Hathane Udaya,2025-04-18,"Hathane Udaya traces the deep-rooted connection between the mystical Theyyams and the people of North Malabar, unfolding amidst the sacred forests where tradition and belief walk hand in hand.","['History', 'Action']","['malabar', 'north kerala']","['Athira Savithri', 'Ram Vijay', 'Devaraj Kozhikode', 'Shiny Vijayan']",['A K Kunhirama Panicker'],['A K Kunhirama Panicker'],[],"['ManoramaMax', 'ManoramaMAX Amazon Channel']",0.0,0,0.0071,110,https://image.tmdb.org/t/p/w500/9hvwy7gUXZGxsAOIhrisSoo0RFB.jpg
1434763,FRANKY,2024-06-05,"In the mysterious realm of purgatory, Franky recounts his final days to a curious stranger. His tale unfolds with pulse-pounding action as he relentlessly hunts down Freddy, the man responsible for his girlfriend's brutal murder. Franky's journey is a whirlwind of danger and determination, leading to an intense confrontation with Freddy. As their encounter escalates, dark themes of love, lust, and revenge surface, culminating in a shocking climax. This action-packed short film keeps you on the edge of your seat, exploring the thin line between justice and madness","['Action', 'Drama']",[],"['Ananthan', 'Midhuna', 'Nidhin', 'Adil', 'Abin']",['Aalaap'],"['Aalaap', 'Adil']",[],[],0.0,0,0.0143,25,https://image.tmdb.org/t/p/w500/uGQ6qMCB54C7Qt0IAhjJhllHXDX.jpg
1254762,Roots,2024-03-07,Two sons in search of their existence.,['Drama'],[],"['Anan Bijo', 'Sai Challenge Lal']",['Sai Challenge Lal'],['Anan Bijo'],['Malayalam'],[],0.0,0,0.0071,3,https://image.tmdb.org/t/p/w500/oJjOuSg6g2myTJf6GgU1JETMi6Z.jpg
1035050,Sparrow,2022-11-24,,['Family'],[],[],['Priyanandanan TR'],[],['Malayalam'],[],0.0,0,0.0071,0,https://image.tmdb.org/t/p/w500/6T1be1HYKsr36mplGhgyXJp6bTV.jpg
1035037,Great Depression,2022-12-10,"A day in the lives of three friends presented over five distinct chapters set from dawn to dusk. They set forth on a journey of emotions, revealing the different shades of human nature and answering life's deepest secrets while not forgetting to celebrate life despite all its chaos.",[],[],[],[],[],['Malayalam'],[],0.0,0,0.0071,120,https://image.tmdb.org/t/p/w500/iQk46kfG7fGLVXDIgiQns7oLHpF.jpg
957872,Whiskey Blues,2022-04-23,"Everything about cinema. It's creators, spectators, critics and even more.  And remember this.  What happens in cinema, stays in cinema.",['Drama'],[],"['Aravind Anil', 'Govind Sreekumar', 'Rajeev Babu C.', 'Aslam Muhammad', 'Akhil Suresh']",['Kannan Karippayil'],"['Vaisakh T. K.', 'Muralikrishnan Padmakumar']",['Malayalam'],[],0.0,0,0.0071,40,https://image.tmdb.org/t/p/w500/jeLKwuv5akJS5Z8PpPjIOAxRUga.jpg
957214,No Auto,2022-04-06,"On a mundane night in 'incredible india', a bunch of teenagers struggle to book an autorickshaw online as they share their frustrations, expectations and views.",['Drama'],[],"['Thapan Amarnath', 'Harikrishnan', 'Vishnu']",['Vishnu Prasad'],[],['Malayalam'],[],0.0,0,0.0071,3,https://image.tmdb.org/t/p/w500/cXHCFRrwwO6M8YX69o82vaCUstg.jpg
911524,DAYDREAMS,2021-12-04,Two specimens are sent to earth for a day as part of an experiment. Both are warned not to consume the 'forbidden fruit'. Their every move is being watched and observed.,"['Fantasy', 'Comedy', 'Drama']",[],"['Adithya Reghu D', 'Vishnu Narayanan N', 'Dileep Thalavil', 'Alen Emmanuel Joshy', 'Alpha Maria Tom']",['Ashin Jose'],['Ashin Jose'],['Malayalam'],[],10.0,1,0.0071,21,https://image.tmdb.org/t/p/w500/iw5aMJEw3bfPwmenktYsz8gPMvb.jpg
898874,CLAUSTROPHOBIA,2021-05-03,"A person who intense, excessive and persistent worry and fear about everyday situations.",['Drama'],[],['Ibrahim'],['Ibrahim'],[],['Malayalam'],[],6.0,1,0.0071,2,https://image.tmdb.org/t/p/w500/ihAdsz4RcGlZVX5lHbR73GJ1L6k.jpg
883949,Akam,2020-07-31,"His personality is different. As a child he clung to his mother, he cried for days when she passed away, just like a woman, some opined. People talk about him and analyse him in various ways. Why can’t they just let him be? He will rise and accept him as he is. His faith in god and some positive thoughts will help him overcome the distress that he is going through in life. He is a wee bit different than the other men and that is nothing to be ashamed of…",[],[],[],['Joseph Christo M J'],[],[],[],0.0,0,0.0143,4,https://image.tmdb.org/t/p/w500/dQlO9KKN4FRavHc5yJucEHTDjlu.jpg
576625,Mohammed Rafi Fan Blog,2017-01-01,"Mohammed Rafi Fan Blog is a film that examines two events in my paternal family’s history related to the legendary Bollywood playback singer Mohammed Rafi. The first of these moments takes place in 1958 when Mohammed Rafi was invited to Cochin to sing at my grandparents wedding. Along with a performance of his hit songs from the period, Rafi sang a song specially composed for the occasion. Recordings of this were made and eventually lost. The other event began in 2008 when my uncle Parvez founded a blog dedicated to the singer. After collecting and sharing information related to the singer and being active on various online forums around him, my uncle eventually deleted the blog in 2014.  In the absence of the records and the blog, the film sets out to trace the story around these two objects all the while reflecting on my family’s relationship to the various technological documents encountered in their homes.",[],[],[],['Nihaal Faizal'],[],['Malayalam'],[],0.0,0,0.0071,31,https://image.tmdb.org/t/p/w500/2bLko6Ou0npFDA1dKhoBxzPRDBy.jpg
542275,Yours Lovingly,2018-06-29,,"['Romance', 'Drama']",[],['Alby'],['Biju J Kattackal'],['Biju J Kattackal'],['Malayalam'],[],0.0,0,0.0071,0,https://image.tmdb.org/t/p/w500/2J7tc2zZ3JIvwyvu9Ab6WqdKCNv.jpg
542271,Swargakkunnile Kuriakose,2018-06-29,Swargakkunnile Kuriakose is an Indian Malayalam-language psycho suspense thriller film directed by Emmanuvel N K and starring Rajeesh Puttad in the title role,['Thriller'],[],"['Rajeesh Puttad', 'Sindhya Viswanath', 'Jaya Babu', 'Venkurinji Gopinath', 'Jo Garner']",['Emmanuvel N K'],"['Ramabhadran Thamburan', 'Emmanuvel N K']",['Malayalam'],[],1.5,1,0.0143,103,https://image.tmdb.org/t/p/w500/3UeiRhSXZ74ccuI9E8UdbZil0ZT.jpg
471455,Dravida Puthri,2017-08-04,"Dravida Puthri is a Malayalam movie starring Liya Maju and Akhil Das. It is a drama directed by Roy Thaikkadan with Das Vadakkanchery as the producer, forming part of the crew.",['Drama'],[],"['Liya Maju', 'Das Vadakkencherry', 'Ashik']",['Roy Thaikkadan'],['Roy Thaikkadan'],['Malayalam'],[],0.0,0,0.0071,82,https://image.tmdb.org/t/p/w500/5BXXyzltpJVU1zPuuTLuMuuubw8.jpg
465147,The Crab,2017-05-26,This movie is crafted to raise cancer prevention and awareness in Kerala.,['Drama'],[],"['Justin Chacko Koyikkara', 'Deva Surya']","['Sreekumar Marath', 'Bharathan Njarakkal']",[],['Malayalam'],[],0.0,0,0.0071,0,https://image.tmdb.org/t/p/w500/lswgjknWyMHbORbTRUAin9QeEkb.jpg
1650536,Rival,2020-06-27,"When a slip of hand in a state of disconnect starts haunting him, a young man Tony, struggles to run away from his hidden rival.",['Thriller'],[],[],[],[],['Malayalam'],[],0.0,0,0.0,24,
1648696,Kavaru,2026-03-07,"The glow you saw in 'Kumbalangi Nights' has a deeper story beneath. Through the voices of local residents, fishermen, and scientists, this documentary explores how this enchanting glow is formed and the unseen ecological and social consequences that come with its fame.",['Documentary'],[],[],['Akhil Devan'],[],['Malayalam'],[],0.0,0,0.0071,19,https://image.tmdb.org/t/p/w500/37R6GwvLPcrOEqzEzxaOCRz8WoE.jpg
1514658,Limbo in The Box,2025-07-16,"Haunted by the weight of his failures and standing on the edge of ending it all, Sanju — a broken young man — unexpectedly crosses paths with an old college acquaintance. What follows is a heartfelt conversation that becomes the turning point in his life.","['Drama', 'Mystery']",[],"['Aditya Ranjit', 'Pawan Mammen']",['Paul Ninan Thomas'],"['Pawan Mammen', 'Pawan Mammen', 'Paul Ninan Thomas']",['Malayalam'],[],9.0,1,0.0,11,https://image.tmdb.org/t/p/w500/qofrL4jyuMFEACBY926gCCPCUF1.jpg
1015930,The Clock With Blue Legs,2022-08-23,How long will you run from yourself?,['Drama'],[],"['Arun Nath', 'Biju KP']","['Gautam Biju', 'Rohith Chivukula']",['Rohith Chivukula'],['Malayalam'],[],0.0,0,0.0143,0,https://image.tmdb.org/t/p/w500/cPbxUpxdjaCDGcTenOamDMW7Nf2.jpg
914705,Yet Another River,2021-12-01,"Bharathapuzha is about the lives and struggles of Sugandhi, someone who had kept the doors to the outside world wide open, where and in which she seeks freedom. She enacts several lives in one, yet struggles to find a place of her own in the world of men. She is a river that flows despite everything, and takes in everything in its ebbs and tides. Bharathapuzha is also about the city of Thrissur, the city of cultural expressions, festivities and tiger dance.",['Drama'],[],[],[],[],[],[],0.0,0,0.0,0,https://image.tmdb.org/t/p/w500/1TcRPZAGmg4SSoa9ZeBvPY1pozT.jpg
885586,Since Forever,2021-09-25,"After the easing of nationwide Covid lockdown restrictions, a young woman from rural Kerala seeks a clinical abortion—having been impregnated during an act of domestic abuse. However, the unavailability of pregnancy care leads to legal complications and she decides to take dangerous, illegal measures to arrange a termination.",['Drama'],[],[],['Nisam Asaf'],[],['Malayalam'],[],0.0,0,0.0143,14,https://image.tmdb.org/t/p/w500/bgk5Sh4csxpgdJ6y7RZtMwNmkf6.jpg
578305,Viplavam Jayikkanullathanu,2019-03-30,,[],[],"['Assi Moidu', 'Anwara Sulthana', 'Adhin Ollur', 'Melwin TCR']",['Nishad Hassan'],[],['Malayalam'],[],0.0,0,0.0,0,https://image.tmdb.org/t/p/w500/wETP11WpTqxidsIPIAktQCILJnQ.jpg
